hour_bucket,Time,Failed events,events,long_congestion,short_congestion,starvation,trips
2023-05-22 08:00:00,2023-05-22 08:00:00,2.0,1575.0,1.0,2.0,1.0,788.0
2023-05-22 09:00:00,2023-05-22 09:00:00,5.0,2518.0,3.0,6.0,2.0,1260.0
2023-05-22 10:00:00,2023-05-22 10:00:00,13.0,3550.0,3.0,34.0,10.0,1780.0
2023-05-22 11:00:00,2023-05-22 11:00:00,31.0,4688.0,15.0,53.0,16.0,2352.0
2023-05-22 12:00:00,2023-05-22 12:00:00,77.0,6008.0,25.0,75.0,52.0,3030.0
2023-05-22 13:00:00,2023-05-22 13:00:00,137.0,7791.0,44.0,124.0,93.0,3942.0
2023-05-22 14:00:00,2023-05-22 14:00:00,255.0,10542.0,109.0,184.0,146.0,5344.0
2023-05-22 15:00:00,2023-05-22 15:00:00,366.0,12839.0,173.0,262.0,193.0,6516.0
2023-05-22 16:00:00,2023-05-22 16:00:00,484.0,14754.0,246.0,333.0,238.0,7496.0
2023-05-22 17:00:00,2023-05-22 17:00:00,626.0,16397.0,343.0,394.0,283.0,8340.0
2023-05-22 18:00:00,2023-05-22 18:00:00,723.0,17677.0,408.0,452.0,315.0,8996.0
2023-05-22 19:00:00,2023-05-22 19:00:00,806.0,18813.0,471.0,499.0,335.0,9574.0
2023-05-22 20:00:00,2023-05-22 20:00:00,894.0,19783.0,549.0,546.0,345.0,10064.0
2023-05-22 21:00:00,2023-05-22 21:00:00,966.0,20331.0,605.0,589.0,361.0,10346.0
2023-05-22 22:00:00,2023-05-22 22:00:00,1005.0,20575.0,640.0,616.0,365.0,10470.0
2023-05-22 23:00:00,2023-05-22 23:00:00,1014.0,20575.0,649.0,621.0,365.0,10470.0
2023-05-23 00:00:00,2023-05-23 00:00:00,1015.0,20575.0,650.0,621.0,365.0,10470.0
2023-05-23 01:00:00,2023-05-23 01:00:00,1015.0,20575.0,650.0,621.0,365.0,10470.0
2023-05-23 02:00:00,2023-05-23 02:00:00,1015.0,20575.0,650.0,621.0,365.0,10470.0
2023-05-23 03:00:00,2023-05-23 03:00:00,1024.0,20675.0,659.0,632.0,365.0,10520.0
2023-05-23 04:00:00,2023-05-23 04:00:00,1061.0,21121.0,682.0,656.0,379.0,10750.0
2023-05-23 05:00:00,2023-05-23 05:00:00,1223.0,22491.0,790.0,732.0,433.0,11462.0
2023-05-23 06:00:00,2023-05-23 06:00:00,1597.0,24214.0,1027.0,929.0,570.0,12392.0
2023-05-23 07:00:00,2023-05-23 07:00:00,1843.0,24921.0,1216.0,1045.0,627.0,12774.0
2023-05-23 08:00:00,2023-05-23 08:00:00,2020.0,25531.0,1359.0,1106.0,661.0,13096.0
2023-05-23 09:00:00,2023-05-23 09:00:00,2115.0,26199.0,1426.0,1148.0,689.0,13444.0
2023-05-23 10:00:00,2023-05-23 10:00:00,2275.0,26956.0,1535.0,1208.0,740.0,13848.0
2023-05-23 11:00:00,2023-05-23 11:00:00,2446.0,27958.0,1652.0,1269.0,794.0,14376.0
2023-05-23 12:00:00,2023-05-23 12:00:00,2572.0,29010.0,1734.0,1382.0,838.0,14924.0
2023-05-23 13:00:00,2023-05-23 13:00:00,2697.0,30056.0,1809.0,1469.0,888.0,15472.0
2023-05-23 14:00:00,2023-05-23 14:00:00,2870.0,31391.0,1921.0,1539.0,949.0,16170.0
2023-05-23 15:00:00,2023-05-23 15:00:00,3034.0,32786.0,2024.0,1609.0,1010.0,16898.0
2023-05-23 16:00:00,2023-05-23 16:00:00,3160.0,33918.0,2094.0,1672.0,1066.0,17492.0
2023-05-23 17:00:00,2023-05-23 17:00:00,3265.0,34899.0,2152.0,1745.0,1113.0,18006.0
2023-05-23 18:00:00,2023-05-23 18:00:00,3379.0,35822.0,2229.0,1785.0,1150.0,18486.0
2023-05-23 19:00:00,2023-05-23 19:00:00,3477.0,36719.0,2300.0,1839.0,1177.0,18948.0
2023-05-23 20:00:00,2023-05-23 20:00:00,3601.0,37489.0,2390.0,1891.0,1211.0,19350.0
2023-05-23 21:00:00,2023-05-23 21:00:00,3684.0,37985.0,2445.0,1924.0,1239.0,19612.0
2023-05-23 22:00:00,2023-05-23 22:00:00,3722.0,38159.0,2477.0,1934.0,1245.0,19702.0
2023-05-23 23:00:00,2023-05-23 23:00:00,3729.0,38159.0,2484.0,1937.0,1245.0,19702.0
2023-05-24 00:00:00,2023-05-24 00:00:00,3731.0,38159.0,2486.0,1937.0,1245.0,19702.0
2023-05-24 01:00:00,2023-05-24 01:00:00,3731.0,38159.0,2486.0,1937.0,1245.0,19702.0
2023-05-24 02:00:00,2023-05-24 02:00:00,3731.0,38159.0,2486.0,1937.0,1245.0,19702.0
2023-05-24 03:00:00,2023-05-24 03:00:00,3742.0,38236.0,2494.0,1946.0,1248.0,19742.0
2023-05-24 04:00:00,2023-05-24 04:00:00,3787.0,38679.0,2522.0,1980.0,1265.0,19972.0
2023-05-24 05:00:00,2023-05-24 05:00:00,4096.0,39920.0,2756.0,2062.0,1340.0,20630.0
2023-05-24 06:00:00,2023-05-24 06:00:00,4814.0,41577.0,3283.0,2222.0,1531.0,21554.0
2023-05-24 07:00:00,2023-05-24 07:00:00,5266.0,42445.0,3675.0,2387.0,1591.0,22018.0
2023-05-24 08:00:00,2023-05-24 08:00:00,5425.0,43075.0,3784.0,2447.0,1641.0,22358.0
2023-05-24 09:00:00,2023-05-24 09:00:00,5580.0,43887.0,3871.0,2508.0,1709.0,22798.0
2023-05-24 10:00:00,2023-05-24 10:00:00,5710.0,44783.0,3945.0,2564.0,1765.0,23274.0
2023-05-24 11:00:00,2023-05-24 11:00:00,5837.0,45802.0,4019.0,2647.0,1818.0,23810.0
2023-05-24 12:00:00,2023-05-24 12:00:00,6052.0,47130.0,4130.0,2752.0,1922.0,24526.0
2023-05-24 13:00:00,2023-05-24 13:00:00,6330.0,48930.0,4280.0,2921.0,2050.0,25490.0
2023-05-24 14:00:00,2023-05-24 14:00:00,6609.0,51383.0,4376.0,3096.0,2233.0,26808.0
2023-05-24 15:00:00,2023-05-24 15:00:00,6950.0,53751.0,4601.0,3277.0,2349.0,28050.0
2023-05-24 16:00:00,2023-05-24 16:00:00,7306.0,55577.0,4859.0,3444.0,2447.0,29012.0
2023-05-24 17:00:00,2023-05-24 17:00:00,7689.0,57056.0,5125.0,3582.0,2564.0,29810.0
2023-05-24 18:00:00,2023-05-24 18:00:00,7984.0,58334.0,5350.0,3718.0,2634.0,30484.0
2023-05-24 19:00:00,2023-05-24 19:00:00,8198.0,59438.0,5524.0,3808.0,2674.0,31056.0
2023-05-24 20:00:00,2023-05-24 20:00:00,8422.0,60430.0,5704.0,3879.0,2718.0,31574.0
2023-05-24 21:00:00,2023-05-24 21:00:00,8614.0,61062.0,5868.0,3926.0,2746.0,31904.0
2023-05-24 22:00:00,2023-05-24 22:00:00,8686.0,61326.0,5936.0,3958.0,2750.0,32038.0
2023-05-24 23:00:00,2023-05-24 23:00:00,8696.0,61326.0,5946.0,3959.0,2750.0,32038.0
2023-05-25 00:00:00,2023-05-25 00:00:00,8696.0,61326.0,5946.0,3961.0,2750.0,32038.0
2023-05-25 01:00:00,2023-05-25 01:00:00,8697.0,61326.0,5947.0,3961.0,2750.0,32038.0
2023-05-25 02:00:00,2023-05-25 02:00:00,8697.0,61326.0,5947.0,3962.0,2750.0,32038.0
2023-05-25 03:00:00,2023-05-25 03:00:00,8704.0,61436.0,5952.0,3971.0,2752.0,32094.0
2023-05-25 04:00:00,2023-05-25 04:00:00,8796.0,61953.0,6017.0,3987.0,2779.0,32366.0
2023-05-25 05:00:00,2023-05-25 05:00:00,9142.0,63335.0,6257.0,4096.0,2885.0,33110.0
2023-05-25 06:00:00,2023-05-25 06:00:00,9981.0,65352.0,6877.0,4386.0,3104.0,34228.0
2023-05-25 07:00:00,2023-05-25 07:00:00,10493.0,66216.0,7277.0,4547.0,3216.0,34716.0
2023-05-25 08:00:00,2023-05-25 08:00:00,10736.0,67070.0,7426.0,4614.0,3310.0,35190.0
2023-05-25 09:00:00,2023-05-25 09:00:00,11005.0,68241.0,7594.0,4731.0,3411.0,35826.0
2023-05-25 10:00:00,2023-05-25 10:00:00,11252.0,69405.0,7749.0,4834.0,3503.0,36454.0
2023-05-25 11:00:00,2023-05-25 11:00:00,11437.0,70501.0,7858.0,4903.0,3579.0,37040.0
2023-05-25 12:00:00,2023-05-25 12:00:00,11621.0,71825.0,7938.0,4971.0,3683.0,37754.0
2023-05-25 13:00:00,2023-05-25 13:00:00,11897.0,73920.0,8077.0,5090.0,3820.0,38870.0
2023-05-25 14:00:00,2023-05-25 14:00:00,12194.0,76399.0,8245.0,5278.0,3949.0,40174.0
2023-05-25 15:00:00,2023-05-25 15:00:00,12433.0,78537.0,8398.0,5432.0,4035.0,41286.0
2023-05-25 16:00:00,2023-05-25 16:00:00,12668.0,80627.0,8551.0,5576.0,4117.0,42372.0
2023-05-25 17:00:00,2023-05-25 17:00:00,12877.0,82226.0,8699.0,5673.0,4178.0,43202.0
2023-05-25 18:00:00,2023-05-25 18:00:00,13118.0,83530.0,8884.0,5768.0,4234.0,43882.0
2023-05-25 19:00:00,2023-05-25 19:00:00,13306.0,84657.0,9023.0,5845.0,4283.0,44470.0
2023-05-25 20:00:00,2023-05-25 20:00:00,13495.0,85687.0,9146.0,5939.0,4349.0,45018.0
2023-05-25 21:00:00,2023-05-25 21:00:00,13619.0,86249.0,9244.0,5993.0,4375.0,45312.0
2023-05-25 22:00:00,2023-05-25 22:00:00,13686.0,86640.0,9298.0,6039.0,4388.0,45514.0
2023-05-25 23:00:00,2023-05-25 23:00:00,13698.0,86640.0,9310.0,6042.0,4388.0,45514.0
2023-05-26 00:00:00,2023-05-26 00:00:00,13698.0,86640.0,9310.0,6042.0,4388.0,45514.0
2023-05-26 01:00:00,2023-05-26 01:00:00,13698.0,86640.0,9310.0,6042.0,4388.0,45514.0
2023-05-26 02:00:00,2023-05-26 02:00:00,13698.0,86640.0,9310.0,6042.0,4388.0,45514.0
2023-05-26 03:00:00,2023-05-26 03:00:00,13731.0,86779.0,9342.0,6054.0,4389.0,45584.0
2023-05-26 04:00:00,2023-05-26 04:00:00,13828.0,87203.0,9423.0,6074.0,4405.0,45804.0
2023-05-26 05:00:00,2023-05-26 05:00:00,14193.0,88327.0,9696.0,6152.0,4497.0,46412.0
2023-05-26 06:00:00,2023-05-26 06:00:00,14991.0,89981.0,10344.0,6399.0,4647.0,47314.0
2023-05-26 07:00:00,2023-05-26 07:00:00,15653.0,91085.0,10914.0,6641.0,4739.0,47912.0
2023-05-26 08:00:00,2023-05-26 08:00:00,15933.0,91947.0,11140.0,6752.0,4793.0,48370.0
2023-05-26 09:00:00,2023-05-26 09:00:00,16119.0,93078.0,11245.0,6871.0,4874.0,48976.0
2023-05-26 10:00:00,2023-05-26 10:00:00,16332.0,94231.0,11379.0,6966.0,4953.0,49592.0
2023-05-26 11:00:00,2023-05-26 11:00:00,16623.0,95628.0,11587.0,7101.0,5036.0,50332.0
2023-05-26 12:00:00,2023-05-26 12:00:00,16989.0,97319.0,11832.0,7268.0,5157.0,51238.0
2023-05-26 13:00:00,2023-05-26 13:00:00,17297.0,99677.0,11986.0,7433.0,5311.0,52494.0
2023-05-26 14:00:00,2023-05-26 14:00:00,17611.0,102129.0,12156.0,7598.0,5455.0,53792.0
2023-05-26 15:00:00,2023-05-26 15:00:00,17958.0,104293.0,12339.0,7753.0,5619.0,54956.0
2023-05-26 16:00:00,2023-05-26 16:00:00,18318.0,106353.0,12555.0,7963.0,5763.0,56058.0
2023-05-26 17:00:00,2023-05-26 17:00:00,18646.0,107936.0,12774.0,8072.0,5872.0,56904.0
2023-05-26 18:00:00,2023-05-26 18:00:00,18916.0,109245.0,12973.0,8165.0,5943.0,57594.0
2023-05-26 19:00:00,2023-05-26 19:00:00,19087.0,110453.0,13088.0,8263.0,5999.0,58226.0
2023-05-26 20:00:00,2023-05-26 20:00:00,19301.0,111753.0,13262.0,8374.0,6039.0,58896.0
2023-05-26 21:00:00,2023-05-26 21:00:00,19501.0,112642.0,13431.0,8474.0,6070.0,59356.0
2023-05-26 22:00:00,2023-05-26 22:00:00,19652.0,113380.0,13560.0,8517.0,6092.0,59736.0
2023-05-26 23:00:00,2023-05-26 23:00:00,19685.0,113380.0,13593.0,8525.0,6092.0,59736.0
2023-05-27 00:00:00,2023-05-27 00:00:00,19687.0,113384.0,13595.0,8525.0,6092.0,59738.0
2023-05-27 01:00:00,2023-05-27 01:00:00,19688.0,113384.0,13596.0,8525.0,6092.0,59738.0
2023-05-27 02:00:00,2023-05-27 02:00:00,19688.0,113384.0,13596.0,8525.0,6092.0,59738.0
2023-05-27 03:00:00,2023-05-27 03:00:00,19700.0,113456.0,13608.0,8527.0,6092.0,59774.0
2023-05-27 04:00:00,2023-05-27 04:00:00,19732.0,113581.0,13637.0,8531.0,6095.0,59838.0
2023-05-27 05:00:00,2023-05-27 05:00:00,19782.0,113829.0,13675.0,8540.0,6107.0,59968.0
2023-05-27 06:00:00,2023-05-27 06:00:00,19823.0,114113.0,13704.0,8549.0,6119.0,60116.0
2023-05-27 07:00:00,2023-05-27 07:00:00,19897.0,114769.0,13770.0,8588.0,6127.0,60448.0
2023-05-27 08:00:00,2023-05-27 08:00:00,20018.0,115792.0,13858.0,8662.0,6160.0,60976.0
2023-05-27 09:00:00,2023-05-27 09:00:00,20184.0,117088.0,13988.0,8764.0,6196.0,61642.0
2023-05-27 10:00:00,2023-05-27 10:00:00,20476.0,118698.0,14190.0,8943.0,6286.0,62492.0
2023-05-27 11:00:00,2023-05-27 11:00:00,20822.0,120308.0,14462.0,9120.0,6360.0,63334.0
2023-05-27 12:00:00,2023-05-27 12:00:00,21143.0,121914.0,14717.0,9343.0,6426.0,64170.0
2023-05-27 13:00:00,2023-05-27 13:00:00,21414.0,123534.0,14904.0,9485.0,6510.0,65022.0
2023-05-27 14:00:00,2023-05-27 14:00:00,21673.0,125102.0,15095.0,9659.0,6578.0,65840.0
2023-05-27 15:00:00,2023-05-27 15:00:00,21923.0,126965.0,15264.0,9766.0,6659.0,66812.0
2023-05-27 16:00:00,2023-05-27 16:00:00,22099.0,128748.0,15363.0,9872.0,6736.0,67742.0
2023-05-27 17:00:00,2023-05-27 17:00:00,22344.0,130185.0,15545.0,10004.0,6799.0,68492.0
2023-05-27 18:00:00,2023-05-27 18:00:00,22522.0,131330.0,15664.0,10097.0,6858.0,69094.0
2023-05-27 19:00:00,2023-05-27 19:00:00,22651.0,132342.0,15765.0,10174.0,6886.0,69614.0
2023-05-27 20:00:00,2023-05-27 20:00:00,22799.0,133137.0,15880.0,10251.0,6919.0,70028.0
2023-05-27 21:00:00,2023-05-27 21:00:00,22886.0,133767.0,15949.0,10291.0,6937.0,70352.0
2023-05-27 22:00:00,2023-05-27 22:00:00,22950.0,134268.0,16006.0,10326.0,6944.0,70606.0
2023-05-27 23:00:00,2023-05-27 23:00:00,22964.0,134268.0,16020.0,10330.0,6944.0,70606.0
2023-05-28 00:00:00,2023-05-28 00:00:00,22965.0,134268.0,16021.0,10330.0,6944.0,70606.0
2023-05-28 01:00:00,2023-05-28 01:00:00,22966.0,134272.0,16022.0,10330.0,6944.0,70608.0
2023-05-28 02:00:00,2023-05-28 02:00:00,22967.0,134272.0,16023.0,10330.0,6944.0,70608.0
2023-05-28 03:00:00,2023-05-28 03:00:00,22976.0,134339.0,16031.0,10330.0,6945.0,70642.0
2023-05-28 04:00:00,2023-05-28 04:00:00,23003.0,134462.0,16053.0,10341.0,6950.0,70706.0
2023-05-28 05:00:00,2023-05-28 05:00:00,23025.0,134634.0,16071.0,10347.0,6954.0,70794.0
2023-05-28 06:00:00,2023-05-28 06:00:00,23050.0,134800.0,16086.0,10358.0,6964.0,70882.0
2023-05-28 07:00:00,2023-05-28 07:00:00,23090.0,135186.0,16120.0,10367.0,6970.0,71078.0
2023-05-28 08:00:00,2023-05-28 08:00:00,23141.0,135756.0,16157.0,10397.0,6984.0,71370.0
2023-05-28 09:00:00,2023-05-28 09:00:00,23192.0,136460.0,16188.0,10423.0,7004.0,71732.0
2023-05-28 10:00:00,2023-05-28 10:00:00,23258.0,137273.0,16239.0,10468.0,7019.0,72146.0
2023-05-28 11:00:00,2023-05-28 11:00:00,23320.0,138400.0,16268.0,10511.0,7052.0,72726.0
2023-05-28 12:00:00,2023-05-28 12:00:00,23397.0,139592.0,16309.0,10566.0,7088.0,73340.0
2023-05-28 13:00:00,2023-05-28 13:00:00,23500.0,141038.0,16354.0,10634.0,7146.0,74092.0
2023-05-28 14:00:00,2023-05-28 14:00:00,23575.0,142392.0,16399.0,10685.0,7176.0,74784.0
2023-05-28 15:00:00,2023-05-28 15:00:00,23691.0,143877.0,16472.0,10762.0,7219.0,75548.0
2023-05-28 16:00:00,2023-05-28 16:00:00,23829.0,145228.0,16561.0,10851.0,7268.0,76248.0
2023-05-28 17:00:00,2023-05-28 17:00:00,23944.0,146319.0,16635.0,10916.0,7309.0,76814.0
2023-05-28 18:00:00,2023-05-28 18:00:00,24044.0,147226.0,16702.0,10954.0,7342.0,77284.0
2023-05-28 19:00:00,2023-05-28 19:00:00,24115.0,147994.0,16753.0,10997.0,7362.0,77678.0
2023-05-28 20:00:00,2023-05-28 20:00:00,24186.0,148712.0,16802.0,11025.0,7384.0,78048.0
2023-05-28 21:00:00,2023-05-28 21:00:00,24234.0,148986.0,16844.0,11041.0,7390.0,78188.0
2023-05-28 22:00:00,2023-05-28 22:00:00,24254.0,149156.0,16862.0,11048.0,7392.0,78274.0
2023-05-28 23:00:00,2023-05-28 23:00:00,24259.0,149156.0,16867.0,11054.0,7392.0,78274.0
2023-05-29 00:00:00,2023-05-29 00:00:00,24259.0,149156.0,16867.0,11054.0,7392.0,78274.0
2023-05-29 01:00:00,2023-05-29 01:00:00,24259.0,149160.0,16867.0,11054.0,7392.0,78276.0
2023-05-29 02:00:00,2023-05-29 02:00:00,24259.0,149160.0,16867.0,11054.0,7392.0,78276.0
2023-05-29 03:00:00,2023-05-29 03:00:00,24268.0,149237.0,16873.0,11058.0,7395.0,78316.0
2023-05-29 04:00:00,2023-05-29 04:00:00,24307.0,149623.0,16906.0,11073.0,7401.0,78512.0
2023-05-29 05:00:00,2023-05-29 05:00:00,24530.0,150844.0,17078.0,11155.0,7452.0,79148.0
2023-05-29 06:00:00,2023-05-29 06:00:00,25138.0,152230.0,17552.0,11310.0,7586.0,79908.0
2023-05-29 07:00:00,2023-05-29 07:00:00,25540.0,152957.0,17869.0,11394.0,7671.0,80314.0
2023-05-29 08:00:00,2023-05-29 08:00:00,25899.0,153775.0,18154.0,11489.0,7745.0,80760.0
2023-05-29 09:00:00,2023-05-29 09:00:00,26305.0,154635.0,18480.0,11566.0,7825.0,81230.0
2023-05-29 10:00:00,2023-05-29 10:00:00,26771.0,155641.0,18876.0,11687.0,7895.0,81768.0
2023-05-29 11:00:00,2023-05-29 11:00:00,27122.0,156466.0,19164.0,11843.0,7958.0,82212.0
2023-05-29 12:00:00,2023-05-29 12:00:00,27476.0,157728.0,19404.0,11926.0,8072.0,82900.0
2023-05-29 13:00:00,2023-05-29 13:00:00,27722.0,159528.0,19530.0,12060.0,8192.0,83860.0
2023-05-29 14:00:00,2023-05-29 14:00:00,28028.0,162158.0,19686.0,12246.0,8342.0,85250.0
2023-05-29 15:00:00,2023-05-29 15:00:00,28389.0,164629.0,19894.0,12478.0,8495.0,86562.0
2023-05-29 16:00:00,2023-05-29 16:00:00,28718.0,166543.0,20105.0,12595.0,8613.0,87578.0
2023-05-29 17:00:00,2023-05-29 17:00:00,28971.0,168138.0,20277.0,12682.0,8694.0,88416.0
2023-05-29 18:00:00,2023-05-29 18:00:00,29184.0,169524.0,20400.0,12764.0,8784.0,89154.0
2023-05-29 19:00:00,2023-05-29 19:00:00,29370.0,170536.0,20530.0,12826.0,8840.0,89688.0
2023-05-29 20:00:00,2023-05-29 20:00:00,29521.0,171569.0,20614.0,12879.0,8907.0,90238.0
2023-05-29 21:00:00,2023-05-29 21:00:00,29632.0,172151.0,20695.0,12915.0,8937.0,90544.0
2023-05-29 22:00:00,2023-05-29 22:00:00,29698.0,172361.0,20739.0,12932.0,8959.0,90660.0
2023-05-29 23:00:00,2023-05-29 23:00:00,29707.0,172361.0,20748.0,12935.0,8959.0,90660.0
2023-05-30 00:00:00,2023-05-30 00:00:00,29708.0,172361.0,20749.0,12936.0,8959.0,90660.0
2023-05-30 01:00:00,2023-05-30 01:00:00,29709.0,172361.0,20750.0,12936.0,8959.0,90660.0
2023-05-30 02:00:00,2023-05-30 02:00:00,29709.0,172361.0,20750.0,12936.0,8959.0,90660.0
2023-05-30 03:00:00,2023-05-30 03:00:00,29726.0,172446.0,20760.0,12942.0,8966.0,90706.0
2023-05-30 04:00:00,2023-05-30 04:00:00,29793.0,172856.0,20797.0,12970.0,8996.0,90926.0
2023-05-30 05:00:00,2023-05-30 05:00:00,30193.0,174150.0,21083.0,13097.0,9110.0,91630.0
2023-05-30 06:00:00,2023-05-30 06:00:00,31072.0,175747.0,21751.0,13354.0,9321.0,92534.0
2023-05-30 07:00:00,2023-05-30 07:00:00,31626.0,176365.0,22211.0,13451.0,9415.0,92890.0
2023-05-30 08:00:00,2023-05-30 08:00:00,31900.0,176909.0,22397.0,13509.0,9503.0,93206.0
2023-05-30 09:00:00,2023-05-30 09:00:00,32130.0,177502.0,22568.0,13573.0,9562.0,93532.0
2023-05-30 10:00:00,2023-05-30 10:00:00,32392.0,178094.0,22746.0,13634.0,9646.0,93870.0
2023-05-30 11:00:00,2023-05-30 11:00:00,32762.0,179050.0,23012.0,13727.0,9750.0,94400.0
2023-05-30 12:00:00,2023-05-30 12:00:00,33096.0,180053.0,23241.0,13839.0,9855.0,94954.0
2023-05-30 13:00:00,2023-05-30 13:00:00,33449.0,181066.0,23467.0,13964.0,9982.0,95524.0
2023-05-30 14:00:00,2023-05-30 14:00:00,33705.0,182391.0,23640.0,14041.0,10065.0,96228.0
2023-05-30 15:00:00,2023-05-30 15:00:00,33951.0,183716.0,23787.0,14123.0,10164.0,96940.0
2023-05-30 16:00:00,2023-05-30 16:00:00,34179.0,184786.0,23933.0,14204.0,10246.0,97516.0
2023-05-30 17:00:00,2023-05-30 17:00:00,34348.0,185820.0,24040.0,14277.0,10308.0,98064.0
2023-05-30 18:00:00,2023-05-30 18:00:00,34518.0,186569.0,24143.0,14338.0,10375.0,98472.0
2023-05-30 19:00:00,2023-05-30 19:00:00,34725.0,187420.0,24269.0,14401.0,10456.0,98938.0
2023-05-30 20:00:00,2023-05-30 20:00:00,34893.0,188059.0,24380.0,14451.0,10513.0,99286.0
2023-05-30 21:00:00,2023-05-30 21:00:00,34999.0,188452.0,24439.0,14487.0,10560.0,99506.0
2023-05-30 22:00:00,2023-05-30 22:00:00,35029.0,188618.0,24463.0,14504.0,10566.0,99592.0
2023-05-30 23:00:00,2023-05-30 23:00:00,35044.0,188618.0,24478.0,14508.0,10566.0,99592.0
2023-05-31 00:00:00,2023-05-31 00:00:00,35044.0,188618.0,24478.0,14508.0,10566.0,99592.0
2023-05-31 01:00:00,2023-05-31 01:00:00,35044.0,188618.0,24478.0,14508.0,10566.0,99592.0
2023-05-31 02:00:00,2023-05-31 02:00:00,35045.0,188618.0,24479.0,14508.0,10566.0,99592.0
2023-05-31 03:00:00,2023-05-31 03:00:00,35063.0,188698.0,24489.0,14512.0,10574.0,99636.0
2023-05-31 04:00:00,2023-05-31 04:00:00,35173.0,189096.0,24565.0,14529.0,10608.0,99852.0
2023-05-31 05:00:00,2023-05-31 05:00:00,35633.0,190354.0,24915.0,14639.0,10718.0,100536.0
2023-05-31 06:00:00,2023-05-31 06:00:00,36609.0,191875.0,25636.0,14935.0,10973.0,101424.0
2023-05-31 07:00:00,2023-05-31 07:00:00,37384.0,192729.0,26301.0,15133.0,11083.0,101906.0
2023-05-31 08:00:00,2023-05-31 08:00:00,37730.0,193364.0,26546.0,15231.0,11184.0,102274.0
2023-05-31 09:00:00,2023-05-31 09:00:00,38053.0,194187.0,26784.0,15304.0,11269.0,102728.0
2023-05-31 10:00:00,2023-05-31 10:00:00,38339.0,194969.0,26988.0,15406.0,11351.0,103160.0
2023-05-31 11:00:00,2023-05-31 11:00:00,38610.0,195753.0,27143.0,15481.0,11467.0,103610.0
2023-05-31 12:00:00,2023-05-31 12:00:00,38847.0,196948.0,27279.0,15590.0,11568.0,104258.0
2023-05-31 13:00:00,2023-05-31 13:00:00,39258.0,198844.0,27470.0,15767.0,11788.0,105316.0
2023-05-31 14:00:00,2023-05-31 14:00:00,39687.0,201171.0,27686.0,15976.0,12001.0,106586.0
2023-05-31 15:00:00,2023-05-31 15:00:00,40138.0,203546.0,27940.0,16164.0,12198.0,107872.0
2023-05-31 16:00:00,2023-05-31 16:00:00,40608.0,205274.0,28250.0,16344.0,12358.0,108816.0
2023-05-31 17:00:00,2023-05-31 17:00:00,40972.0,206750.0,28506.0,16457.0,12466.0,109608.0
2023-05-31 18:00:00,2023-05-31 18:00:00,41280.0,207908.0,28700.0,16590.0,12580.0,110244.0
2023-05-31 19:00:00,2023-05-31 19:00:00,41556.0,209210.0,28870.0,16687.0,12686.0,110948.0
2023-05-31 20:00:00,2023-05-31 20:00:00,41728.0,210090.0,28982.0,16758.0,12746.0,111418.0
2023-05-31 21:00:00,2023-05-31 21:00:00,41841.0,210707.0,29064.0,16806.0,12777.0,111742.0
2023-05-31 22:00:00,2023-05-31 22:00:00,41911.0,211004.0,29119.0,16842.0,12792.0,111898.0
2023-05-31 23:00:00,2023-05-31 23:00:00,41919.0,211004.0,29127.0,16845.0,12792.0,111898.0
2023-06-01 00:00:00,2023-06-01 00:00:00,41920.0,211004.0,29128.0,16845.0,12792.0,111898.0
2023-06-01 01:00:00,2023-06-01 01:00:00,41920.0,211004.0,29128.0,16845.0,12792.0,111898.0
2023-06-01 02:00:00,2023-06-01 02:00:00,41920.0,211004.0,29128.0,16845.0,12792.0,111898.0
2023-06-01 03:00:00,2023-06-01 03:00:00,41941.0,211180.0,29141.0,16848.0,12800.0,111990.0
2023-06-01 04:00:00,2023-06-01 04:00:00,42080.0,211670.0,29226.0,16874.0,12854.0,112262.0
2023-06-01 05:00:00,2023-06-01 05:00:00,42582.0,213108.0,29558.0,17006.0,13024.0,113066.0
2023-06-01 06:00:00,2023-06-01 06:00:00,43591.0,214980.0,30279.0,17325.0,13312.0,114146.0
