episode,service_level,bias,rebalancing_imbalance,squared_starvation_penalty,squared_congestion_penalty,gross_starvation_risk,gross_congestion_risk,global_depot_backlog,destination_onsite_fraction,destination_depot_fraction,alpha,alpha_initial,epsilon
0,0.8751442380052511,-2.505770987578966,-0.003494061237600371,-0.0016833879550767394,-0.0006758779239372579,-0.00121673606547174,-0.0005810890365140023,-0.0015483354610327674,-0.00014298744499495887,-0.0001677230146834591,0.02,0.02,0.2
1,0.9217163225502724,-2.5125977061405704,-0.007040714714552957,-0.0032212449548061303,-0.001350710090960177,-0.002311563658662981,-0.0012249068931571325,-0.0023734636559210537,-0.00021861423067901328,-0.00022380648370590175,0.019416,0.02,0.198006
2,0.9191462270473127,-2.5195513068188182,-0.010677898549122065,-0.004777829562171528,-0.0020573461657397187,-0.0034221632868847484,-0.0019228931271897463,-0.0032694199659073693,-0.00031300682511959754,-0.00029152969595047564,0.018864,0.02,0.196032
3,0.9176885884931324,-2.526673124593976,-0.014437262384610964,-0.0063650652515046665,-0.00282580729529747,-0.004564098248018201,-0.002591791139419332,-0.004156754021951602,-0.0003901138594614556,-0.00035123907366478834,0.018344,0.02,0.194078
4,0.918544165396594,-2.533463961714021,-0.01801163602003074,-0.007937356990625456,-0.003491134329496071,-0.005697484146304021,-0.003235451170514644,-0.005066940377553402,-0.00047022118589195504,-0.00043050182489784476,0.017851,0.02,0.192143
5,0.9218640152656423,-2.53966762361869,-0.021271180603080985,-0.009307594672894177,-0.0041518034756633185,-0.006659390469164954,-0.0038581385090687595,-0.005803696597920544,-0.0005477602149563441,-0.0004958472494348717,0.017384,0.02,0.190228
6,0.9157128167090912,-2.5463463254229253,-0.02484628071476881,-0.010828717101522152,-0.004907769959845821,-0.007741718837651732,-0.004508966524356203,-0.006677527728679839,-0.0006272317028459789,-0.0005764809985446046,0.016941,0.02,0.188331
7,0.9205932075724352,-2.552416319184317,-0.02796878638806162,-0.012153709567990391,-0.00550659853905031,-0.008674858951344028,-0.005077730219058868,-0.00749705711828164,-0.0007046865299450873,-0.0006445450352890014,0.016519,0.02,0.186454
8,0.9201776843390245,-2.558192901543993,-0.03100602043588238,-0.01346472998544109,-0.0061136744603711695,-0.009591700234548906,-0.005623096291487213,-0.008385222084490234,-0.0007854135040004961,-0.0007251734787906492,0.016119,0.02,0.184595
9,0.9228975098999933,-2.563614338913539,-0.033852125353753856,-0.014652197127644317,-0.006691028701133806,-0.010453693856774998,-0.006165191001060454,-0.009095028874652836,-0.0008449551655548474,-0.0007903276546113868,0.015737,0.02,0.182755
10,0.9128025124699797,-2.5698196801665953,-0.03711528792133973,-0.01608120878549612,-0.007290552224226304,-0.011462962579256252,-0.006810708889864935,-0.010157229128167508,-0.0009072370594340477,-0.0008719324902348959,0.015373,0.02,0.180933
11,0.9192467068692518,-2.5752993669930575,-0.04001798297878188,-0.017325405689966666,-0.007851397735941406,-0.012312095220705595,-0.007305039643437988,-0.010941423254159347,-0.0009664682912517718,-0.0009335542664111323,0.015025,0.02,0.179129
12,0.9265990087325938,-2.580039395687938,-0.0425351364565364,-0.018371299194553114,-0.008395754816734166,-0.013013799765599998,-0.0077862526281590565,-0.011486681773896525,-0.0010244127504888156,-0.0009792366661307264,0.014693,0.02,0.177343
13,0.9199905871278974,-2.585344904396862,-0.045320488415723795,-0.019571877511028343,-0.008937687766047165,-0.01381893488571125,-0.008262709778678155,-0.01228881678804352,-0.0010922062153755482,-0.0010446123270285454,0.014375,0.02,0.175575
14,0.9223297713509252,-2.5903931503627353,-0.047952523865283425,-0.020681264326057842,-0.009466196601045921,-0.014599507470183942,-0.008756608641193375,-0.01302642826357896,-0.0011485697073433155,-0.0011000303872589167,0.014071,0.02,0.173825
15,0.9216630050145068,-2.5952967879981177,-0.050518459678500376,-0.021757532829298713,-0.009980758632534588,-0.015357608383982181,-0.009211487943802393,-0.013704480480510964,-0.001201620670838038,-0.0011587746094613262,0.013779,0.02,0.172092
16,0.9226702914967527,-2.6000646754252723,-0.05304842415368151,-0.022850022336757488,-0.010484909152220844,-0.01608269818252674,-0.009662348093211964,-0.014478312925927384,-0.0012626220211841147,-0.00121924743685161,0.013499,0.02,0.170376
17,0.9219570687878942,-2.6047584392273335,-0.05550667824145291,-0.023869589006741954,-0.010974108596525199,-0.01678649749035143,-0.010100392352234765,-0.015147962029023332,-0.0013182346282720693,-0.0012800519251912066,0.01323,0.02,0.168678
18,0.9221229497266302,-2.6093207717304607,-0.05792163754231976,-0.024881214464065195,-0.011453658463169909,-0.01749828465923568,-0.010548962824770596,-0.01582995253597711,-0.0013709249089696428,-0.0013382106328283416,0.012972,0.02,0.166996
19,0.9238340913719367,-2.6136468872357317,-0.06016171932757421,-0.02585306423489491,-0.011897173360297863,-0.018162605353741184,-0.010980780741296155,-0.01637487817885507,-0.0014268281419011265,-0.001383361440393958,0.012723,0.02,0.165332
20,0.9199721757564716,-2.618204566372332,-0.0625462655503261,-0.026869842483967708,-0.012353304309684733,-0.018878224042464094,-0.011403370800690815,-0.017108004579403147,-0.001487870073566051,-0.0014357023549446373,0.012484,0.02,0.163683
21,0.9160772740378907,-2.6229145916535797,-0.0649729061587671,-0.027913078091169115,-0.012813762221854517,-0.019614319256838684,-0.011860800417554315,-0.017699766260856162,-0.0015593093333865521,-0.001492791906880996,0.012254,0.02,0.162052
22,0.9195736920477171,-2.627390152174112,-0.06729715762964861,-0.028909979875134818,-0.013269135570613478,-0.020319362982794527,-0.01227822804059115,-0.018360149883430023,-0.001611502666976839,-0.0015432173349676614,0.012032,0.02,0.160436
23,0.92090090697596,-2.6315917518961283,-0.0695017264329163,-0.029841622697671585,-0.013707083050609168,-0.020974763035344776,-0.012712443148705808,-0.018837813585876582,-0.0016474236675100115,-0.001587383788309107,0.011818,0.02,0.158837
24,0.9240099833610649,-2.6355963571779384,-0.07158984877393242,-0.030700049272786356,-0.01415563590433183,-0.02153975289829333,-0.013115330546335263,-0.019238467256355668,-0.0016998533851372592,-0.001615155944941003,0.011612,0.02,0.157253
25,0.9225973850923305,-2.6396400633363624,-0.07369215674610016,-0.0315791109935731,-0.01459791694772892,-0.022148354665149535,-0.01350778620566959,-0.019831437158969865,-0.00174706968526979,-0.0016616983571624915,0.011412,0.02,0.155686
26,0.9166946027489105,-2.6439506222001854,-0.07594736631273324,-0.03256889153850754,-0.015010703358315537,-0.022823120503313882,-0.01391674811894132,-0.020417691406907086,-0.0017948075042565415,-0.001711757020732203,0.01122,0.02,0.154133
27,0.9224023164481129,-2.647846350518789,-0.0779650781912013,-0.03341711140052574,-0.015411921806711802,-0.023432755692799574,-0.014262602927478085,-0.02103059428407242,-0.0018360806169911224,-0.0017549701499241098,0.011033,0.02,0.152597
28,0.9216623201817111,-2.65167267557082,-0.07994821983400174,-0.034256002614706356,-0.01579039919578471,-0.024013688542003205,-0.01461905959019463,-0.02160281854100323,-0.0018774971430207395,-0.0017896724389960966,0.010853,0.02,0.151076
29,0.9284982275758951,-2.6550405322595707,-0.08169417678689075,-0.03499207177734967,-0.016139028635713464,-0.02453054712760309,-0.014946191102159966,-0.022040959964655438,-0.0019218970298949638,-0.0018209383921794786,0.010679,0.02,0.14957
30,0.9242938620315047,-2.658574297416083,-0.08353500265823259,-0.03576625566062629,-0.016502176296372646,-0.025049992946920768,-0.01528577678932179,-0.02258703036466511,-0.0019619412734526087,-0.001859281923255704,0.01051,0.02,0.148078
31,0.9212004656106079,-2.6623177896225965,-0.08548307856040789,-0.03658443357595965,-0.01691092087329294,-0.02563311840060986,-0.015663788542666115,-0.02302104932472905,-0.002012660629146623,-0.0018993811592688764,0.010346,0.02,0.146602
32,0.9219929711278145,-2.665904719887668,-0.08737982280371118,-0.03741077666724685,-0.0172839045143309,-0.02619056707038536,-0.015999589449813445,-0.023583182203575317,-0.0020577296232706377,-0.0019368962971851472,0.010187,0.02,0.145141
33,0.9183625097348729,-2.6696232180621267,-0.08931844875161238,-0.03824413535653157,-0.017668839299254228,-0.026788514882409922,-0.016364725229831616,-0.024037226735038972,-0.0021115816804842032,-0.0019751322673707983,0.010034,0.02,0.143694
34,0.9219141473191916,-2.673147566990257,-0.09115882547437279,-0.03903941641318931,-0.01802361775936533,-0.027335683219174227,-0.016697883688207283,-0.024420819605017168,-0.0021510914647990247,-0.0020066089448437818,0.009884,0.02,0.142261
35,0.923143292167146,-2.6765641423977855,-0.09293579816871915,-0.03977545358635493,-0.018394773008529302,-0.027879898356244586,-0.017032502689144847,-0.02479434332587855,-0.002183205258823823,-0.002039176828776422,0.009739,0.02,0.140843
36,0.9204629817101977,-2.680052241520631,-0.09479991997123023,-0.04057241688171975,-0.018770374923227022,-0.02843855963529074,-0.01738847835925131,-0.025264677996112244,-0.002215976707713152,-0.002077094883495432,0.009599,0.02,0.139439
37,0.9234313295304959,-2.683367091658152,-0.0965333255352971,-0.04131946873526321,-0.01910538014050234,-0.02896728676724223,-0.017730063221256337,-0.02567929459446251,-0.002266648159801514,-0.002112589449216076,0.009462,0.02,0.138049
38,0.9212703943180676,-2.686723557986397,-0.09828896076742438,-0.04205989480568074,-0.019459605896395914,-0.02948271988270923,-0.018047090384497314,-0.02613688881749994,-0.0023073824947241724,-0.0021456259564614742,0.009329,0.02,0.136673
39,0.9251148596532413,-2.6898309494621886,-0.09993556260565699,-0.04276760629219181,-0.019784350684319656,-0.029988456000229025,-0.018357598151750382,-0.026573515779930872,-0.0023411741498106002,-0.002177291663763262,0.0092,0.02,0.13531
40,0.9253487156133515,-2.6928722474123936,-0.10149389709528295,-0.04341202493443671,-0.020091333533241457,-0.03042822478920942,-0.018654115270647514,-0.026950376192871727,-0.002380381471584809,-0.0022100147684866248,0.009074,0.02,0.133961
41,0.9219417084075705,-2.6959873893789967,-0.10308673657317219,-0.04410801417875208,-0.020372135093688494,-0.03092192640725543,-0.018936053949275597,-0.02754224147074041,-0.002417139507840534,-0.002244042955851514,0.008952,0.02,0.132626
42,0.9220750921890715,-2.6991184918793665,-0.10472723152834278,-0.04481123257721267,-0.02069494822669786,-0.031415045510864235,-0.019249453571512202,-0.027955663401166803,-0.002456554510337612,-0.002282155504464602,0.008833,0.02,0.131304
43,0.9231894903134614,-2.702193352113984,-0.10633159683403816,-0.04549870828336502,-0.020996411472846886,-0.031908586000295155,-0.019546488446899397,-0.028453674929700926,-0.0024894753633058556,-0.002318864759126477,0.008717,0.02,0.129995
44,0.9198390746794066,-2.7053125212038136,-0.1079592484853476,-0.04621454783565915,-0.021284475521862467,-0.03237572504743475,-0.019837206408628513,-0.028961430283076947,-0.0025250257613591855,-0.0023574498041151826,0.008604,0.02,0.128699
45,0.9208158872689973,-2.7083674979535397,-0.10953191049906615,-0.04688902999415577,-0.021590459606001627,-0.0328744497914939,-0.020148437856924536,-0.029282662468877035,-0.0025604889999873864,-0.0023802162484721835,0.008494,0.02,0.127416
46,0.9158823628097371,-2.7115816659154914,-0.11120897551298511,-0.04762605078258047,-0.021902148659018874,-0.033391625032539826,-0.020447927019554238,-0.029728279074986666,-0.0026088998565905663,-0.002418886376376671,0.008387,0.02,0.126145
47,0.9226951900347042,-2.7144860381489635,-0.11269580429357691,-0.04824739387978586,-0.02219661166150515,-0.03382590755285857,-0.020713725986242725,-0.030080863632507424,-0.0026410019780419157,-0.0024523350990236425,0.008283,0.02,0.124888
48,0.9177073594229999,-2.7175908711132504,-0.11433532067985942,-0.04893989641497214,-0.022528619718347367,-0.03429684175224591,-0.021004574314320706,-0.030512700830793795,-0.0026739862775752867,-0.0024832637241028526,0.008181,0.02,0.123643
49,0.9217281667647306,-2.720501901961178,-0.11585124929977184,-0.04958725557174899,-0.02282488652401574,-0.03474889460585052,-0.021296224542472392,-0.03092470088322971,-0.0027084879461323264,-0.002515806562980704,0.008081,0.02,0.12241
50,0.9233725477033581,-2.723220468213811,-0.11726191617721728,-0.05018699078397802,-0.02310137328267412,-0.035159953060187626,-0.021553666041030168,-0.031248151898587085,-0.002739676863965151,-0.002539809213798113,0.007984,0.02,0.12119
51,0.9196898598987504,-2.726178856126132,-0.1188045937759458,-0.05085854228351699,-0.023393993167932687,-0.03565767549096507,-0.021838063156133944,-0.031645601332636594,-0.00277910349990044,-0.0025646140254223506,0.007889,0.02,0.119982
52,0.9305848416862064,-2.7285817711717124,-0.12002777051790078,-0.05136444994564205,-0.023634727451403915,-0.036023406682109585,-0.02206897014268164,-0.03194668113074982,-0.002811044745459848,-0.0025907037625769428,0.007797,0.02,0.118786
53,0.9156741385078622,-2.7315939437519137,-0.12159407148370852,-0.05203860735280998,-0.023930843885481955,-0.03648617451846208,-0.02235568979287082,-0.032398189693485915,-0.002844658782823846,-0.0026257668974183877,0.007706,0.02,0.117601
54,0.9207947375486643,-2.7343202489068403,-0.12303019437266441,-0.05266339483995767,-0.02419556089151585,-0.03692943747178102,-0.022613868290689666,-0.03282496721753775,-0.0028845160269190583,-0.002658002707377867,0.007618,0.02,0.116429
55,0.9210248681235871,-2.7370696712034794,-0.12444426853361194,-0.05325705324296555,-0.02447069095615786,-0.03736334648270881,-0.022871435820818697,-0.03314313004575081,-0.00292206445985435,-0.0026815466291385598,0.007531,0.02,0.115268
56,0.9302380550396758,-2.739420961829212,-0.12565510103678817,-0.0537596992976756,-0.024711905039447903,-0.03771114506235264,-0.023091059806787894,-0.03342641943139817,-0.002954909566854851,-0.0027050926758833095,0.007447,0.02,0.114119
57,0.91939457937346,-2.7420886012005603,-0.12703532163538991,-0.05436009094497742,-0.024959927064600762,-0.038137430754977324,-0.023329990912995657,-0.033873371398787044,-0.002985279141077944,-0.002733740361827626,0.007365,0.02,0.112982
58,0.9224136482057316,-2.7446999336339615,-0.12838657282044344,-0.054945065069187324,-0.025218608191922755,-0.0385597230314352,-0.023581041868081236,-0.03423301301453987,-0.0030180749845160394,-0.002759047591419994,0.007284,0.02,0.111855
59,0.9186287913312067,-2.7474148460929873,-0.12976453650273365,-0.055542600638088156,-0.02546031421846668,-0.03898300002691604,-0.023820522623212333,-0.03462809612711043,-0.003061189285447668,-0.002787220573322453,0.007205,0.02,0.11074
60,0.9221643765468976,-2.74989685063182,-0.13105108851995903,-0.05609192084648831,-0.02570242525016325,-0.03937575451798692,-0.024061959823512537,-0.03495178871019643,-0.0030898889573108003,-0.0028136305227818227,0.007128,0.02,0.109636
61,0.9243537187316991,-2.75230140692567,-0.1323197647622574,-0.05664004847132974,-0.025955026211814603,-0.039749218459614835,-0.024303965902362168,-0.035246377800564554,-0.0031235536467365973,-0.002837943745464036,0.007052,0.02,0.108543
62,0.9196258532063706,-2.7548423975789293,-0.1336443866757926,-0.05721939488118164,-0.026190409891788533,-0.04014172477756431,-0.02453089462277375,-0.03565332625196882,-0.0031506279762500223,-0.002868929456842497,0.006978,0.02,0.107461
63,0.9239561542967116,-2.757244439235405,-0.1348889048010032,-0.05775951336848,-0.026415962079054146,-0.04052395672899173,-0.024756685847642616,-0.03602377228676707,-0.0031839921802375537,-0.0028978890236821763,0.006905,0.02,0.10639
64,0.922035145212259,-2.7596032846846006,-0.13608105550906538,-0.05827638444123336,-0.02662169740188587,-0.04089043888633304,-0.02496373279295829,-0.03645840655958016,-0.00321151202351542,-0.002924354074108675,0.006834,0.02,0.105329
65,0.9194139194139194,-2.7621291413899867,-0.1373848918533906,-0.05883929393113395,-0.026868922750420902,-0.041302470732701435,-0.025204389863259142,-0.03681207888401199,-0.003240661188585806,-0.002949702083415485,0.006765,0.02,0.104279
66,0.9189788005438341,-2.7645519919989634,-0.13864140255267568,-0.05939388198294973,-0.027098743596252285,-0.041690559754907146,-0.02541820697981206,-0.037203672723096715,-0.003266815804424747,-0.002973911856342126,0.006697,0.02,0.10324
67,0.9213030129221633,-2.7669665340142737,-0.13987503145599395,-0.05992394227937925,-0.02733543880934629,-0.04206652350945867,-0.02564622175587551,-0.037561194411687295,-0.0032972221408394753,-0.0029975290875809443,0.00663,0.02,0.10221
68,0.9213234183270945,-2.7692713305610583,-0.14105186572185335,-0.06042888760569928,-0.027552553496831014,-0.04240805371563937,-0.02587606931166473,-0.037923081393795785,-0.0033190152180311958,-0.0030191401625509033,0.006564,0.02,0.101191
69,0.924609892228014,-2.7714966256738363,-0.14220902066066224,-0.06092100628668094,-0.027782410278288674,-0.042762739276984464,-0.026098867329746447,-0.038254330445600025,-0.0033463051568134975,-0.0030489876455102828,0.0065,0.02,0.100183
70,0.9255543377455526,-2.7736348133253186,-0.1433290682826859,-0.061407750521312636,-0.02799569172381994,-0.04310831899310168,-0.026299807403524857,-0.03858450083087668,-0.003373851939086632,-0.0030701080923516075,0.006437,0.02,0.099184
71,0.9240233362865883,-2.7758657207275346,-0.14446134094167717,-0.061871451468663165,-0.028214811731385157,-0.043432337433363034,-0.026493591133393495,-0.03888770420022862,-0.003397144313515809,-0.0030900523046784828,0.006375,0.02,0.098195
72,0.9233102107838209,-2.778064155508084,-0.14562283747896984,-0.06235806141709492,-0.02844081360243753,-0.04377085897178523,-0.026691897815910477,-0.039219814490245995,-0.003425743095787679,-0.0031132070876423537,0.006315,0.02,0.097216
73,0.9218613114091246,-2.780246362751649,-0.14673872207607358,-0.06284632914107637,-0.02864443960879102,-0.044119835791636544,-0.026878235315304866,-0.039625887027164776,-0.003448743558542344,-0.003139294985255878,0.006255,0.02,0.096247
74,0.9268894636306777,-2.782236194597954,-0.14777769869311572,-0.06329175827252483,-0.0288483163994388,-0.04443330072265263,-0.02706982382500867,-0.03988571605073462,-0.0034767571820302477,-0.003160417272562849,0.006197,0.02,0.095288
75,0.9217848659653886,-2.784390319378565,-0.14888809737139175,-0.06378108329113258,-0.029047025534916227,-0.04477837417554276,-0.02726209869729402,-0.04025223106708227,-0.003505168814100579,-0.0031861723909357236,0.00614,0.02,0.094338
76,0.9246212378558326,-2.7863813121250214,-0.14992888722450304,-0.06421219880882195,-0.02925747545566959,-0.04506863090218037,-0.027448679173312927,-0.040503809421688346,-0.003525431103663269,-0.003207937746965248,0.006083,0.02,0.093397
77,0.9196449427703808,-2.788621564971966,-0.15110774430825266,-0.0647076555436993,-0.029501400047763422,-0.045425805670600186,-0.02766391194006167,-0.04083641322860522,-0.0035528900297887946,-0.0032353968083856997,0.006028,0.02,0.092466
78,0.922792697468971,-2.790693485993829,-0.15217825446579136,-0.06517579730905954,-0.029707491784859034,-0.04575625915643051,-0.02785064950738871,-0.04114601571097805,-0.0035763310124210623,-0.0032535821279743066,0.005974,0.02,0.091544
79,0.9246138946939192,-2.792690823899272,-0.1531936360717457,-0.06559895990651778,-0.029905068109607087,-0.04606543265340219,-0.028032673808360734,-0.041423497281849415,-0.0035968481697521123,-0.003271857295530161,0.005921,0.02,0.090632
80,0.9229374433363554,-2.7947561427467873,-0.15426496534678832,-0.06605920535853474,-0.030100535579825793,-0.046374420379198075,-0.028220281621113404,-0.041733041325392996,-0.0036301146535172362,-0.003294894752905508,0.005868,0.02,0.089728
81,0.9239049865229111,-2.7967660117949285,-0.15531081710961425,-0.06650498331668427,-0.030298991094608714,-0.046685335101751935,-0.028400944165443025,-0.04202922134963907,-0.0036560212796955868,-0.0033138565676102743,0.005817,0.02,0.088834
82,0.9267750357955024,-2.7986318404695223,-0.15626302435273282,-0.06691492190147438,-0.030482138783270052,-0.046983437923945326,-0.028599030228235733,-0.042266791311502856,-0.0036783120543024497,-0.0033331958325186887,0.005767,0.02,0.087948
83,0.9154953258457192,-2.800899997529373,-0.15741971279834716,-0.06742781723632775,-0.030682988377187338,-0.04734736789738563,-0.02879621511915052,-0.0426217078877079,-0.0037098418890255365,-0.0033518499752691914,0.005717,0.02,0.087071
84,0.9254262071715795,-2.8028306439262254,-0.158394841871431,-0.06785049837402159,-0.030855005585443136,-0.04764961716308776,-0.028958443312535782,-0.04292143434964779,-0.0037368862659519705,-0.003370788252217866,0.005668,0.02,0.086203
85,0.9183835449878411,-2.8049321994087544,-0.1594757725628147,-0.06831399598935758,-0.03105768376469978,-0.04798308283763253,-0.029149777113383898,-0.04319752877013103,-0.003764057066939882,-0.0033911168360257296,0.00562,0.02,0.085344
86,0.9188570071097687,-2.807002034987873,-0.16055298442387123,-0.06877707726444113,-0.03125550100147557,-0.048302446168718614,-0.029329271220849502,-0.043546300533744316,-0.0037926607161258056,-0.0034203958899286647,0.005573,0.02,0.084493
87,0.9170727608805243,-2.809167735102367,-0.16168040247846388,-0.06926281049127339,-0.031474268565720144,-0.048650607971884585,-0.029541382366102473,-0.04384284917008876,-0.0038233336882436807,-0.003443598888104741,0.005527,0.02,0.083651
88,0.9224081170968885,-2.8110609916856686,-0.16264478681485936,-0.06968218320841311,-0.031645715488575976,-0.048945581121288016,-0.02970351494322143,-0.04415229694144902,-0.0038490825487179836,-0.0034614166224584534,0.005481,0.02,0.082817
89,0.9124843902932938,-2.8132017563081613,-0.16374840596388307,-0.07015961162589952,-0.031844784060336626,-0.04928332783756828,-0.029893526993252272,-0.04454577894857855,-0.0038731303168509103,-0.003487574911891866,0.005436,0.02,0.081991
90,0.9216575160764956,-2.8151228472197114,-0.16473545983177332,-0.07058140991871906,-0.032033450073727564,-0.049577892811614135,-0.030063413674782595,-0.04483896759223385,-0.003894562810088709,-0.0035048553087979844,0.005392,0.02,0.081174
91,0.9282741820888453,-2.8167884512110755,-0.16559165653269362,-0.07094759784809049,-0.03219324119506531,-0.049834507022154244,-0.030210072440182176,-0.04507531680842334,-0.0039129572290863565,-0.0035212354260779235,0.005349,0.02,0.080365
92,0.9268511770587936,-2.8185197947367415,-0.16648233134854923,-0.07132346566540733,-0.03235620905884436,-0.050100615212323805,-0.030379389214002142,-0.04530640690133473,-0.003934494300443385,-0.0035389743585537686,0.005306,0.02,0.079563
93,0.9213323528428653,-2.820425618033126,-0.1674773470813055,-0.07175161471228896,-0.032549421373842015,-0.05039530542554568,-0.030559976769333096,-0.04561016049292732,-0.003958290747359346,-0.003558351757634958,0.005264,0.02,0.07877
94,0.928368266007517,-2.822050214379332,-0.1683036606691743,-0.07209184754272181,-0.03270885318266375,-0.05063472003008049,-0.0307223508208584,-0.045826173694250814,-0.003975722973342691,-0.0035772147738372746,0.005223,0.02,0.077985
95,0.9181862407944843,-2.82399376014165,-0.16930195767640674,-0.0725329548112035,-0.032885491481364236,-0.05093905602062702,-0.03089534906679917,-0.046116719286611325,-0.00399912956696149,-0.003594833262702057,0.005182,0.02,0.077207
96,0.9243460492763902,-2.8257337000908898,-0.17018998781065384,-0.07290769612900172,-0.03304484997718778,-0.051198904242424806,-0.031053783783735255,-0.04641416426597156,-0.004020627169429757,-0.003613415117652159,0.005142,0.02,0.076438
97,0.9186157798411606,-2.8276322727335805,-0.17119210429460696,-0.07334840861456549,-0.03323051108099634,-0.051501834209288375,-0.031234008156629047,-0.046696572268186305,-0.004045492554007143,-0.003632118900443238,0.005102,0.02,0.075676
98,0.9257362355953905,-2.8293367135400938,-0.17207325039698923,-0.07373488796133276,-0.03339400367323003,-0.05175732335975404,-0.031387652802576105,-0.046968811363237536,-0.004067051620253251,-0.003649386953678964,0.005064,0.02,0.074921
99,0.9281104429575675,-2.8309411291009843,-0.17290134227505283,-0.07408725231648544,-0.03354834018517251,-0.052014842936071996,-0.031539431160422036,-0.04719775141260279,-0.004088221898666858,-0.0036631522849300425,0.005025,0.02,0.074174
100,0.9204934314854691,-2.8327667320542456,-0.17384912780363918,-0.07450426383160415,-0.03373148743087358,-0.052320284047566945,-0.031719396248118044,-0.04743709347694467,-0.0041119907791036915,-0.003686329782033411,0.004987,0.02,0.073435
101,0.9187523220859932,-2.8346002253246168,-0.17479480897980787,-0.0749207700714729,-0.03390060859654874,-0.05260181646503271,-0.03188728161162368,-0.04775994421016392,-0.004133245505518408,-0.003703533463370816,0.00495,0.02,0.072703
102,0.924727217873724,-2.836276891848004,-0.17565147062394215,-0.07528553147609243,-0.03405877316852891,-0.05285860626063796,-0.032040147361116614,-0.04799023304305759,-0.004155205057636706,-0.003720528865207397,0.004914,0.02,0.071978
103,0.9317294199198607,-2.837694814255955,-0.17636428517174518,-0.07559638441801186,-0.0341832149679654,-0.05308434155175731,-0.03216545538980353,-0.04820960254227565,-0.004173234000116037,-0.003735750511323021,0.004878,0.02,0.071261
104,0.9203655571392638,-2.8394483286435555,-0.17726923943808578,-0.07599997065980912,-0.03434527017457176,-0.05336408442408411,-0.032334973538116284,-0.048503126702716094,-0.004197498932892738,-0.0037503784236980384,0.004842,0.02,0.07055
105,0.9218880395233168,-2.8411304227620984,-0.17813583075584222,-0.0763812842984164,-0.03449912785539246,-0.053630734171051304,-0.032496365342185175,-0.048756251779321025,-0.0042215583815683405,-0.003774319885819161,0.004807,0.02,0.069847
106,0.9233279783546123,-2.84275383851425,-0.17896574193288528,-0.07674421809083881,-0.03464417015209846,-0.05387966648801107,-0.032647831340242316,-0.04903677915868919,-0.004241183151799528,-0.003793546356342176,0.004773,0.02,0.06915
107,0.9250882912252105,-2.8443447394528096,-0.17978344853805717,-0.07708903716770311,-0.03479831829234451,-0.05413657302330606,-0.032805316272268924,-0.049250930107237335,-0.00426004761925053,-0.0038102527609653624,0.004739,0.02,0.068461
108,0.9198728086969551,-2.8460849802785138,-0.18068201586316543,-0.07747368654187418,-0.034966999432930405,-0.05441370293484861,-0.032967028721217435,-0.04948679950302363,-0.004282039197039391,-0.0038294642192051725,0.004705,0.02,0.067779
109,0.9217395686353558,-2.8477484266075344,-0.18152996916866482,-0.07784907014517664,-0.035112886213265776,-0.05468427839971042,-0.03312054184541774,-0.04978218294058949,-0.004304927146497899,-0.0038451198118405476,0.004672,0.02,0.067103
110,0.9290507502950599,-2.849217984679323,-0.18227662610605233,-0.07816749543116847,-0.03524995037856432,-0.05491088672349385,-0.033252758790253516,-0.049996628956711114,-0.004321984131355767,-0.0038575976010345155,0.004639,0.02,0.066434
111,0.9215520018993031,-2.850836891704044,-0.18311330327424283,-0.07854304280097661,-0.03538934738073103,-0.055170610552505654,-0.03339266982330971,-0.05025827967501443,-0.00433853084242855,-0.0038723728576046143,0.004607,0.02,0.065772
112,0.9156052291530316,-2.8525852114001853,-0.18401871464524866,-0.07893738540624892,-0.035547558497843565,-0.05543949709276348,-0.03354439638075227,-0.05058917744913646,-0.004359508771169952,-0.0038915666168997613,0.004575,0.02,0.065116
113,0.9283157804606559,-2.8540144000553984,-0.18473202112969656,-0.07924315374467347,-0.035676157395012356,-0.05566622820068812,-0.03367764775737015,-0.050826177397676996,-0.004375381271834517,-0.003909128584253742,0.004544,0.02,0.064467
114,0.9222599401741001,-2.8556001242935802,-0.18554308733557592,-0.07960263406066996,-0.03582047063877943,-0.055926412436022636,-0.033827729547782265,-0.051064993177310544,-0.004392133396221069,-0.003923882518804549,0.004513,0.02,0.063824
115,0.9211117302399405,-2.8571960565650536,-0.18636622213597465,-0.07995968970643438,-0.03596476733685415,-0.056181122399909834,-0.03396619373682226,-0.05133876994615381,-0.004414393126579416,-0.0039441355871618405,0.004483,0.02,0.063188
116,0.9217064927565768,-2.858774532019276,-0.1871862440116194,-0.08031543050660364,-0.03611785736848808,-0.056433912649732285,-0.03411319697757046,-0.051556036646416614,-0.004432979483716247,-0.003957883554371618,0.004453,0.02,0.062558
117,0.9232540162667204,-2.860290234288966,-0.18796243439239418,-0.08065736772533233,-0.0362571897297285,-0.056668732786027014,-0.03423540750077145,-0.05180846151181307,-0.004449113417208491,-0.0039721099185085935,0.004423,0.02,0.061934
118,0.919734632180047,-2.8618998028067573,-0.18879908959585615,-0.08101343119710433,-0.036414199779026046,-0.056915550059478556,-0.03438718055741765,-0.05205240725203691,-0.004466411634267016,-0.003988741585466083,0.004394,0.02,0.061317
119,0.9196545582848886,-2.8635026249536497,-0.18963111839493174,-0.08137898485166108,-0.036565556371273684,-0.057176233910697684,-0.03453368367616945,-0.05230844233790976,-0.004487690074810504,-0.0040054035096219786,0.004365,0.02,0.060706
120,0.9220877204748172,-2.865045470719651,-0.19043558126958204,-0.08173134005724592,-0.036717758036997006,-0.05742547512033313,-0.03468802063202082,-0.05251564215466802,-0.0045061790866392825,-0.004017893384316348,0.004336,0.02,0.0601
121,0.9251250168941749,-2.8664891992370394,-0.1911730598266502,-0.08205670311575838,-0.03684738684717533,-0.05765291844578599,-0.034812506063044715,-0.05275229772985446,-0.004520688903634437,-0.004032723107757954,0.004308,0.02,0.059501
122,0.9252485556899099,-2.867910870176196,-0.19189869436578078,-0.08237969045145464,-0.03697224806426468,-0.057879877544478736,-0.03493667078909853,-0.05298397529632754,-0.004537532391088371,-0.004045638843187212,0.004281,0.02,0.058908
123,0.927774898433451,-2.869297835558119,-0.19262049430198122,-0.08268535174266942,-0.03711344362222487,-0.05809565034072276,-0.0350749812745313,-0.05315409799649071,-0.004552484884955278,-0.004056044587138873,0.004253,0.02,0.058321
124,0.9163615599072923,-2.8709353715358032,-0.1934724573595324,-0.08307367912558106,-0.037256916988693926,-0.05837313374024985,-0.035210871564384114,-0.05350404509260237,-0.004577887841695024,-0.004079904679052232,0.004226,0.02,0.057739
125,0.9218781898604967,-2.8724035788925883,-0.19423897382440694,-0.08341950962598113,-0.03739568065314522,-0.05860871576236719,-0.03533619028762207,-0.05376722618837955,-0.004595654684907853,-0.004095029843176418,0.004199,0.02,0.057164
126,0.9154647839973105,-2.8740412035630833,-0.19507965744498873,-0.08378044442942773,-0.037552409783875716,-0.05886253673972203,-0.0354819045061566,-0.05401723658965488,-0.004618506513284883,-0.004111621998130785,0.004173,0.02,0.056594
127,0.9262420919443273,-2.8753939365481953,-0.19576586964847914,-0.08406835177708247,-0.03768091278954621,-0.05905561238665047,-0.035607875702269136,-0.054229365990554786,-0.0046340571918793184,-0.004124706314608966,0.004147,0.02,0.05603
128,0.922974168879093,-2.876824034954797,-0.19649759672725406,-0.08438711710261945,-0.03781076334216777,-0.059278323551257256,-0.035740741837226836,-0.05446844373989034,-0.004656991053688427,-0.004138428600700822,0.004121,0.02,0.055471
129,0.9272265743200081,-2.878168240779138,-0.1971800806911304,-0.08468396657264916,-0.03793536677824965,-0.05949329258404871,-0.035863894404604614,-0.05472398346003589,-0.004672996960933011,-0.004154654269242346,0.004096,0.02,0.054918
130,0.9207610951201552,-2.8796681511634423,-0.19796992683559117,-0.08503180054158638,-0.038087420127836225,-0.059741444925621105,-0.036010812938339146,-0.054952152438134574,-0.004687730805207512,-0.004168285065634342,0.004071,0.02,0.054371
131,0.9249353180336682,-2.881043176545632,-0.19866482385140696,-0.08533127619606218,-0.03821423653952056,-0.059965559064834494,-0.03614052162540012,-0.055142748307689844,-0.004704090783467823,-0.004180819546091476,0.004046,0.02,0.053829
132,0.9286753516062679,-2.882333899748472,-0.1993268318588454,-0.08561562155091819,-0.038334633771492814,-0.06016766831997022,-0.03626412173770953,-0.0552986446760685,-0.004723065511954708,-0.004193238306514857,0.004022,0.02,0.053292
133,0.9197103699702943,-2.88379425807592,-0.20007557984107066,-0.08593775309537575,-0.038473063586000764,-0.060389249519310836,-0.036395554197338954,-0.055539143453797714,-0.0047427617171253815,-0.004208465031282641,0.003997,0.02,0.052761
134,0.9235629841011007,-2.885135934811171,-0.20077700033886764,-0.08624068042418347,-0.03860136142262915,-0.06060551069599092,-0.03651989308163253,-0.05575660818583369,-0.0047608026250395554,-0.0042242431433222845,0.003973,0.02,0.052235
135,0.9225127712305903,-2.886534139870361,-0.20149122077325718,-0.08654949871402595,-0.038731968228326794,-0.06083206417376113,-0.0366501378765504,-0.05594925496486584,-0.004777105960934499,-0.004235442488582703,0.00395,0.02,0.051714
136,0.919907353015223,-2.887983297323869,-0.20224392631737234,-0.0868721527948462,-0.038872627571116175,-0.06105932697945823,-0.03677876331387047,-0.05618743480791016,-0.004791969950925569,-0.004251150938796097,0.003926,0.02,0.051198
137,0.923169757440805,-2.8892976998867264,-0.20292191091168196,-0.08715848203427363,-0.039000524948981596,-0.06126764461641687,-0.036905932497937874,-0.05640087673485072,-0.004810287167660448,-0.0042665741511630426,0.003903,0.02,0.050688
138,0.9291464028173738,-2.8905243113309607,-0.20354051902902237,-0.0874331173903213,-0.0391101106760208,-0.06146451691088374,-0.03703354172515578,-0.05656106817059859,-0.004826197946297962,-0.004279976179653768,0.003881,0.02,0.050183
139,0.9228776404942208,-2.8919274387404332,-0.2042606464781462,-0.08775143642434856,-0.03923833035259112,-0.061692737688736524,-0.03716434941094189,-0.05677871300481207,-0.004847705432638007,-0.004295073260503652,0.003858,0.02,0.049682
140,0.917045110505601,-2.8933889813738385,-0.20502842494311865,-0.08808931559074924,-0.039383753765064436,-0.06193515585756636,-0.037309990394668445,-0.05699093316440205,-0.004865830420345533,-0.004310284408708197,0.003836,0.02,0.049187
141,0.9292912299591192,-2.8945642315805102,-0.20563171206615943,-0.08834205930602854,-0.03949702547711644,-0.062110264628894664,-0.03741800115497494,-0.05716139589715267,-0.004880109021234007,-0.004322827455343964,0.003814,0.02,0.048697
142,0.9328123431172395,-2.8956720905870807,-0.20617972750313385,-0.08858037209104028,-0.03959020032292618,-0.06228247812578457,-0.03751248526228159,-0.05735082551442698,-0.004891349536524714,-0.004334765496636879,0.003792,0.02,0.048211
143,0.9196858795871751,-2.897075417163935,-0.20690744394165406,-0.08890548117023855,-0.03971805210130319,-0.06251367796976362,-0.037644510568191646,-0.05753478360977637,-0.004905173677494461,-0.004349571128690344,0.00377,0.02,0.047731
144,0.9244273138875331,-2.8983854520797374,-0.2075683671188396,-0.08918928738805106,-0.03983817004366121,-0.06271805466513533,-0.03776496316029004,-0.057697718766592694,-0.004923055165667886,-0.004360286817383914,0.003749,0.02,0.047255
145,0.920633051902183,-2.8997627205567738,-0.20827210756412798,-0.08949272659982972,-0.0399627866757831,-0.06293576068689682,-0.037893094183148485,-0.057916023074162624,-0.00494247426273953,-0.004372009842415492,0.003728,0.02,0.046784
146,0.9211602265491471,-2.9010713606752248,-0.20894111963659398,-0.08978685034652796,-0.040079268168387534,-0.06314897492681949,-0.038018786201010395,-0.058106504732493805,-0.004957899677837617,-0.004383861674692814,0.003707,0.02,0.046317
147,0.9252181559899885,-2.90229931666231,-0.20956345999757195,-0.09005879183287752,-0.040191283780311095,-0.06334623732238441,-0.03813585163128591,-0.0582764708957172,-0.004972708755847809,-0.004395360357130671,0.003687,0.02,0.045856
148,0.9184849102773246,-2.9036584000399714,-0.21025553631062446,-0.09035271830211185,-0.04032188781602496,-0.06355330170956172,-0.038264991148855336,-0.058426357415210746,-0.004988408358907105,-0.004405597618293764,0.003666,0.02,0.045399
149,0.9255989911727617,-2.9048770046474526,-0.21088172097616933,-0.09062909158118874,-0.04043667803839783,-0.06375527945190025,-0.038384421387506244,-0.05861066772125676,-0.0050023976659886935,-0.004418837785003869,0.003646,0.02,0.044946
150,0.9275379628049821,-2.906008826191649,-0.21145569757166693,-0.09087879292656748,-0.04053609438795181,-0.0639365701198098,-0.038496333208033015,-0.05877122537377615,-0.0050154264012414705,-0.004431756206522603,0.003626,0.02,0.044498
151,0.9175890319344591,-2.9073614621922452,-0.21216476161042302,-0.09118536765954872,-0.040666043568733455,-0.06414706165128732,-0.03861790871860324,-0.05897896650690104,-0.005032583763902599,-0.004445907824077858,0.003607,0.02,0.044054
152,0.9196506112632774,-2.9086744128699715,-0.21285057706274063,-0.09148826301830347,-0.04078441012492577,-0.06435258357903018,-0.038740466185362754,-0.059224924412118185,-0.00504877068792583,-0.004462614473565451,0.003587,0.02,0.043615
153,0.9232407607700883,-2.909925813444631,-0.21349364433385032,-0.09175830984791368,-0.04090860994934244,-0.06454303841563697,-0.03885936089957552,-0.059430410155685634,-0.005063798439715372,-0.004476947163680829,0.003568,0.02,0.04318
154,0.9211470129180088,-2.9112214067682904,-0.21414561497107779,-0.09203923658955379,-0.04102892589449412,-0.06474015630641211,-0.038982729030531606,-0.05961316487618272,-0.005077655077330103,-0.004487717336376994,0.003549,0.02,0.04275
155,0.9235800573983848,-2.9124480187015207,-0.21477980511116798,-0.09230690587235885,-0.04115481772897355,-0.06492656233102671,-0.039091459974748374,-0.059785932089129065,-0.005091748201902621,-0.004498214093140248,0.00353,0.02,0.042324
156,0.9197890415074186,-2.913724850966164,-0.21542228351398998,-0.09259328921892579,-0.041262435626733804,-0.06513033922554143,-0.039205587859357266,-0.060025592456496635,-0.005107955620906428,-0.004512749592611983,0.003511,0.02,0.041902
157,0.9205691672981393,-2.914975077641336,-0.2160658173481053,-0.09286830366808585,-0.041379968204178996,-0.06532121266120612,-0.03931191675922425,-0.060236006732727186,-0.00512206170373252,-0.0045285045646641636,0.003493,0.02,0.041484
158,0.9175080775444265,-2.9162737736514424,-0.21672537015284357,-0.09316644195264262,-0.0414909447239705,-0.06552986684520669,-0.039415423128201496,-0.060506039358411624,-0.005137379447991294,-0.0045395552899533615,0.003475,0.02,0.04107
159,0.9209937256231983,-2.9174983794613807,-0.2173583427913768,-0.09344509270767164,-0.0416057330157669,-0.0657333758647181,-0.03953319467332193,-0.060664756709551106,-0.005153373214202035,-0.0045505267824798605,0.003457,0.02,0.040661
160,0.9217718975046056,-2.9187310658447907,-0.21798992649899485,-0.09372343697071482,-0.041715293391103164,-0.06593488525997401,-0.03964030698165278,-0.06089335327098676,-0.005166260575167862,-0.004560906728761462,0.003439,0.02,0.040256
161,0.9219704234593449,-2.919932520577192,-0.2186000915762548,-0.09399521081847641,-0.041817284865090405,-0.06612462869258488,-0.039744928890043815,-0.06106638586303837,-0.005182620390431555,-0.004573949691690943,0.003421,0.02,0.039854
162,0.9225571637993496,-2.92113091531146,-0.21920793042067102,-0.09425475392452633,-0.04192994028187308,-0.06631142222521845,-0.039846462650746185,-0.061239375986036765,-0.005197736282823704,-0.0045844643860466685,0.003404,0.02,0.039457
163,0.9151461082682467,-2.922444689221198,-0.21989104466999218,-0.09456680759928891,-0.04204573383716504,-0.06654059975220009,-0.03996469687052778,-0.06149754487278529,-0.005214992642393956,-0.0045985766228953725,0.003386,0.02,0.039064
164,0.9112408171480326,-2.9238031839031127,-0.22058563039237916,-0.09488107179274995,-0.04215671521544783,-0.06676146591360829,-0.04008598965882008,-0.06177900996748717,-0.005230169268582217,-0.004612868311926221,0.003369,0.02,0.038674
165,0.9131530744282186,-2.9251141592558705,-0.22125388727350148,-0.09517638249546544,-0.042273624217230285,-0.06697406335904837,-0.040216849368132294,-0.06199227028994833,-0.005247321753333734,-0.004625362404003572,0.003352,0.02,0.038289
166,0.9259698458410978,-2.9261976875186266,-0.22180820835598217,-0.09541428451489906,-0.04237549406963184,-0.06713668084156965,-0.04032000675637158,-0.06214534738260855,-0.005257381204655972,-0.004634446618002268,0.003335,0.02,0.037907
167,0.9228101483189952,-2.9273401738237266,-0.2223998550516362,-0.09567682038996234,-0.04248261745701855,-0.06732508599971758,-0.04042697206719504,-0.062319739685404496,-0.005270252138380858,-0.004644274108900706,0.003319,0.02,0.037529
168,0.9230185753295351,-2.928490097923725,-0.22299346133941342,-0.09593126132871559,-0.04259385107276459,-0.06750368621362399,-0.04053146175136472,-0.06248422841896261,-0.005283634097071317,-0.004655876517869768,0.003302,0.02,0.037155
169,0.919106085443779,-2.929680796318877,-0.22360090179836592,-0.09619934488322342,-0.042697950419135045,-0.06769956769191991,-0.04063343700062785,-0.0626820877569274,-0.005299632210932291,-0.004669908208912213,0.003286,0.02,0.036785
170,0.925595987048501,-2.930770464097255,-0.22414849363318398,-0.09643791161288806,-0.04279512979156759,-0.06787086879579995,-0.040730080149529786,-0.06285675580401023,-0.005311680546662059,-0.004679187713516013,0.00327,0.02,0.036418
171,0.92244238455651,-2.931880820197157,-0.22471761885191793,-0.09669603698156695,-0.04289061652243233,-0.06805425440641864,-0.04083480189118724,-0.06303454830760762,-0.005324349102494184,-0.004690271410464958,0.003254,0.02,0.036055
172,0.9193885571889686,-2.9330961658772607,-0.22533696012522117,-0.09697627303197319,-0.04299226857052282,-0.0682566072170152,-0.04094756607743318,-0.06323834528863985,-0.005340740272890101,-0.00470413772473504,0.003238,0.02,0.035695
173,0.9233283803863299,-2.93423967812665,-0.2259238109359247,-0.09723892432007901,-0.043094397840193005,-0.06844942390233223,-0.04105276051792563,-0.06342092573136202,-0.005354965106808587,-0.004714848681823874,0.003222,0.02,0.035339
174,0.9281180737457183,-2.935282175938835,-0.2264592901589979,-0.09747266105790979,-0.04319111780936456,-0.06861528400810118,-0.041154947311393936,-0.06354789156598026,-0.005368254989119984,-0.004724335237516495,0.003206,0.02,0.034987
175,0.9204520610147828,-2.9364034427116534,-0.22702876236713665,-0.09771955688009071,-0.04329060834848101,-0.06878528599025376,-0.04125013396789623,-0.06374041081341064,-0.0053815108044428135,-0.004735640617864863,0.003191,0.02,0.034638
176,0.9239371720704964,-2.9375078395094203,-0.22759151948363118,-0.09796442128563566,-0.04338796668783501,-0.06895870333634423,-0.041347684478749314,-0.0639087892048907,-0.005395198164245342,-0.004746850283898843,0.003176,0.02,0.034293
177,0.917392970820071,-2.9386933220760927,-0.22820295596844595,-0.09823753460222218,-0.04349953679535869,-0.0691516388984597,-0.041458229661967626,-0.06409946804501959,-0.005409771706773687,-0.004758973280463278,0.003161,0.02,0.033951
178,0.91883541295306,-2.939834439122633,-0.22878575376436003,-0.09849960337916874,-0.04360055370151079,-0.06934181636236467,-0.041561913688497994,-0.06431630163218419,-0.005421012010352983,-0.0047697782148061856,0.003146,0.02,0.033613
179,0.9229756863009769,-2.940922697948009,-0.22932265390999376,-0.0987358986047343,-0.04369114369707151,-0.06950993074921828,-0.041651838515500354,-0.06451741646282173,-0.0054338683400828565,-0.004782405274763877,0.003131,0.02,0.033278
180,0.9219359343335434,-2.942023038510236,-0.22988397630033663,-0.09898187605941441,-0.04378815714575921,-0.06969256972546878,-0.04174543847859404,-0.06469314437961318,-0.005447000711822351,-0.004792573151388957,0.003116,0.02,0.032946
181,0.9114609361985674,-2.9433054243446155,-0.2305383397654254,-0.09927738034334674,-0.043895652969207784,-0.06991036232580257,-0.04185576599075096,-0.06497467792198044,-0.005463806079653689,-0.004806952395644161,0.003102,0.02,0.032617
182,0.9186079616821021,-2.9444609063204203,-0.23112762020238953,-0.09952940427116502,-0.044008087334077274,-0.07009107315617577,-0.04195948999159058,-0.06516352835498312,-0.005476092524036858,-0.004817308790504638,0.003087,0.02,0.032292
183,0.9259966216216217,-2.9454814639243843,-0.2316503612974413,-0.0997560614598136,-0.044102598335993566,-0.07024004100425779,-0.04205391243983073,-0.06532824004854342,-0.005488407666389884,-0.004825645051428235,0.003073,0.02,0.03197
184,0.9254710089529925,-2.9464694885513905,-0.23214908114192784,-0.09997316101348754,-0.044188490965200486,-0.0703925247863733,-0.0421406904544759,-0.06552103665644676,-0.00549979663868643,-0.004835308586751314,0.003059,0.02,0.031652
185,0.9266876483161385,-2.9474649243580893,-0.23266346344688985,-0.1001949559955494,-0.04428673530464293,-0.07054198488135145,-0.0422313328645252,-0.0656559383654652,-0.005509824070695191,-0.004842737565615675,0.003045,0.02,0.031336
186,0.9190996248436849,-2.948610857907356,-0.23325665375497798,-0.10044816048499815,-0.044401026394741513,-0.07071873324616307,-0.0423435099190678,-0.06582532579241468,-0.005523880052881038,-0.004853324792197951,0.003031,0.02,0.031024
187,0.9249447005386421,-2.949624961668351,-0.23376515168510606,-0.10067195068468293,-0.044486511711499324,-0.07088908071875087,-0.0424333508810385,-0.06599252186719429,-0.005534733087929366,-0.004864645653786921,0.003017,0.02,0.030714
188,0.9201592093501763,-2.950709941022172,-0.2343088557596644,-0.10091164111079406,-0.044574592387793946,-0.07105796046190727,-0.04252484500450683,-0.06619403447677225,-0.005548192048790963,-0.004875190134963292,0.003004,0.02,0.030408
189,0.9201280096509894,-2.9518054248581698,-0.23486216334251805,-0.10115855708968384,-0.04466731953463179,-0.07123466960546225,-0.042617205160929664,-0.06640637804423984,-0.005559367127622148,-0.004885501344122022,0.00299,0.02,0.030105
190,0.9192308336543776,-2.9528930806778053,-0.23541172147805317,-0.1014127959781693,-0.044750362536009176,-0.07142496143441592,-0.04270284585058218,-0.06665014163835745,-0.005572393638514725,-0.0048964473235781295,0.002977,0.02,0.029805
191,0.9195797164594296,-2.9539675771999834,-0.2359664023035069,-0.10165811028389336,-0.044844672462737496,-0.07160072496756467,-0.042792617720385236,-0.06684982811428378,-0.0055834875519266474,-0.004909253163501311,0.002963,0.02,0.029508
192,0.920575104819134,-2.955014149292638,-0.23650580217081665,-0.1018957869730744,-0.04494095273310316,-0.07177138959491154,-0.04289269088987465,-0.06703997656320594,-0.005594165945604762,-0.004919762596442327,0.00295,0.02,0.029214
193,0.9234419275330729,-2.956015852450047,-0.23701573864805106,-0.10211912434828659,-0.045035659180554584,-0.07193295738982117,-0.04298086275070574,-0.06720415082517314,-0.0056050427497087016,-0.0049287303877342,0.002937,0.02,0.028922
194,0.926687542910729,-2.9569657807134417,-0.2375010779117909,-0.10232962677670966,-0.045123365564501104,-0.07208348124599098,-0.043061462610110145,-0.06736079113324496,-0.0056135446481728035,-0.004936847046451211,0.002924,0.02,0.028634
195,0.9191306416530723,-2.9580001889417646,-0.2380266745989368,-0.10257226707909671,-0.04520834684287629,-0.0722597205654249,-0.04315447362485254,-0.06754596887025639,-0.005622731004988937,-0.004944231770121793,0.002911,0.02,0.028349
196,0.9223415754627753,-2.9589973571945576,-0.23853899307449694,-0.10279798400511087,-0.04529822000491188,-0.07241730922873559,-0.04324362061707203,-0.06770377454561197,-0.005636109455334008,-0.004954765347628263,0.002899,0.02,0.028066
197,0.9221545809229114,-2.9600085802692484,-0.2390417985463217,-0.10302669823662988,-0.04537415865978228,-0.07258582148247407,-0.043328822101178416,-0.06788687538081098,-0.005648332167317268,-0.00496444925837019,0.002886,0.02,0.027786
198,0.9176591479541129,-2.9610976296209213,-0.23959684537177545,-0.10327083588520605,-0.045476547168856456,-0.07275633328212223,-0.043426245698046054,-0.06807217098139515,-0.005660741639587926,-0.004975432989903204,0.002874,0.02,0.027509
199,0.9200707515685489,-2.9621270665633515,-0.24011547815109976,-0.10349955432263021,-0.04556189920182964,-0.07292575645172487,-0.04351538244368821,-0.06825863902897722,-0.005674092422168284,-0.004984986057620736,0.002861,0.02,0.027235
200,0.9290379493443263,-2.9630094356594054,-0.24056814470346558,-0.10369459733922858,-0.04564638065310083,-0.07306614804442135,-0.043601597352029856,-0.06838842627847769,-0.005685106995692926,-0.004992500057460814,0.002849,0.02,0.026963
201,0.928216613063465,-2.963902483593132,-0.24102347732329377,-0.10388966455982188,-0.04573206906270797,-0.07320487262587969,-0.04368629153454564,-0.06851305938566259,-0.005693638020563666,-0.005002286906982195,0.002837,0.02,0.026695
202,0.9258464915984126,-2.9648290537479047,-0.24150653530642324,-0.10410003333703602,-0.04582235591078128,-0.07334413780184927,-0.04377060251407373,-0.06864962017683213,-0.005705649394232469,-0.005013310304577484,0.002825,0.02,0.026429
203,0.9213558526072153,-2.965806527035169,-0.24201116336830844,-0.10432208955859619,-0.045912346755759705,-0.07350377241831385,-0.04385654066235955,-0.06881787441976389,-0.005720392178851723,-0.005026822721013127,0.002813,0.02,0.026165
204,0.9274531236862019,-2.9667247973832622,-0.24248881405529407,-0.10453562682244852,-0.045996437005097306,-0.0736550621705621,-0.04394380905507882,-0.06892606158922347,-0.005732909115406806,-0.0050345265676981455,0.002801,0.02,0.025904
205,0.9183208810483531,-2.9677651356996626,-0.24302315297702873,-0.10477739266590197,-0.046090654846931804,-0.07383076588921861,-0.044041972632790534,-0.06912358075962387,-0.005748415151023991,-0.005044676017618785,0.002789,0.02,0.025646
206,0.9265684890054469,-2.9686708400044317,-0.24348032489951235,-0.10497966608133508,-0.04616930052096572,-0.07397702128502251,-0.04412153185265566,-0.06928519015561772,-0.005758998640777111,-0.005054188012545774,0.002778,0.02,0.02539
207,0.9205919448415034,-2.969680456760067,-0.2439992489265719,-0.10520721427523942,-0.04626403934709289,-0.07413437660687995,-0.04420856750337797,-0.0694530531601762,-0.0057700350068877445,-0.005063175355661239,0.002766,0.02,0.025137
208,0.9136659143732947,-2.9707716530207584,-0.24455434832504755,-0.1054594997733585,-0.04635635757604995,-0.07431444121254949,-0.04431066138179715,-0.06963601972078415,-0.0057860158181586826,-0.005072858871357299,0.002754,0.02,0.024887
209,0.9229865574705892,-2.971712247557175,-0.24503126178318058,-0.1056728165266244,-0.04643915989633488,-0.07446878539625214,-0.04439153354633024,-0.06978573140969799,-0.0057965113517966845,-0.005082383469881342,0.002743,0.02,0.024639
210,0.928081848273095,-2.9725968655089616,-0.245483400859264,-0.1058661666930915,-0.04652304714660683,-0.07460373746775101,-0.04447431442052467,-0.06991704108666705,-0.00580528834196125,-0.005089553406723152,0.002732,0.02,0.024393
211,0.9237014885477054,-2.9735619829132878,-0.24597285762828178,-0.10608178523996357,-0.04660678641461826,-0.0747601788295026,-0.04456433628824449,-0.07006764907259214,-0.005818151357218485,-0.0050980266246755035,0.002721,0.02,0.02415
212,0.9206282120638355,-2.974513610484715,-0.24646221474484634,-0.10630185783109522,-0.04668879124389094,-0.07490974338456492,-0.044659301867421515,-0.07024007198173118,-0.005829761393049491,-0.005108237362117287,0.00271,0.02,0.023909
213,0.9208536154014586,-2.975485521674861,-0.24696630345925052,-0.10652633758812573,-0.04677642181183407,-0.07506861650923494,-0.044740280338883914,-0.07042615204096196,-0.005843016759401349,-0.005118996250445659,0.002699,0.02,0.023671
214,0.9282062530581943,-2.9763442520500596,-0.24739906674840012,-0.10671760637178596,-0.04684860463647833,-0.07520958301949565,-0.04481858781846759,-0.07055765205586875,-0.005853361229325904,-0.005124955748032331,0.002688,0.02,0.023435
215,0.9223454833597464,-2.977288782475297,-0.24787954102468465,-0.10692908036944769,-0.046932926379244684,-0.0753667318518515,-0.04490155955650989,-0.07072298663816005,-0.0058624493763194995,-0.005136512875349261,0.002677,0.02,0.023201
216,0.9249360635469065,-2.9781911898399387,-0.24834580901546968,-0.10713497807057164,-0.04701483673819247,-0.07551184988833823,-0.04498413372169072,-0.07088439134088108,-0.005873553439375505,-0.005142681988606468,0.002666,0.02,0.02297
217,0.918084205984367,-2.979191981931104,-0.24886137952100384,-0.10736728772399748,-0.04710297066998821,-0.07568171803234996,-0.045063435271692646,-0.07109935291623741,-0.0058848001788511595,-0.005154630729419443,0.002655,0.02,0.022741
218,0.924269889224572,-2.9800932056137195,-0.2493219958310343,-0.10756846421321249,-0.04718516390055951,-0.07581962157303847,-0.04514350038122452,-0.07122282726666092,-0.0058956520064561155,-0.005162373124872743,0.002645,0.02,0.022514
219,0.9189571544058205,-2.9810702623305754,-0.24982901303453464,-0.10779446422214532,-0.04727368015526833,-0.07598202113521127,-0.04522631056680894,-0.07139926493128873,-0.005904678827515098,-0.005170335015127342,0.002634,0.02,0.02229
220,0.9216353769928208,-2.982012804204786,-0.25031231701435275,-0.1080118729665667,-0.047354523798430734,-0.07613422153241742,-0.045308390756644154,-0.07158940121451977,-0.005915010052223943,-0.005178831465528025,0.002624,0.02,0.022067
221,0.9250394705902113,-2.9828891696576254,-0.2507586072783825,-0.1082106030877874,-0.047430233184179174,-0.0762742531464857,-0.045390333800689735,-0.07173424270792461,-0.005926096940094343,-0.0051905551986259745,0.002614,0.02,0.021847
222,0.9187311485410241,-2.9838386284422653,-0.25124443776900984,-0.10842390518230763,-0.04752030197545718,-0.07643068929631582,-0.04548547391541057,-0.07186103250414802,-0.005937561502392093,-0.0051989286032209005,0.002603,0.02,0.02163
223,0.9129238295848339,-2.984881288133897,-0.25177451238319526,-0.10867042298572256,-0.04760242913744341,-0.0766080872615209,-0.04557936485911043,-0.0720824310377213,-0.005948589299943309,-0.005207023835638562,0.002593,0.02,0.021414
224,0.9185728744939271,-2.985828355864681,-0.2522569311969342,-0.10888337723785681,-0.04768530648463407,-0.07675800609318159,-0.04567043485160206,-0.07223683855198203,-0.005960262983415317,-0.005216716521754556,0.002583,0.02,0.0212
225,0.9219197466392641,-2.986734730368073,-0.25272244138572564,-0.10909273700126063,-0.04776332156588872,-0.07690445063846776,-0.045746245739384774,-0.07241246132093035,-0.005969823658915668,-0.00522624351863163,0.002573,0.02,0.020989
226,0.9222309505106049,-2.9876388973373205,-0.2531862167863325,-0.10930002423285906,-0.04783987501821137,-0.07704830177031957,-0.04582520301066899,-0.07255270320120748,-0.005982580100951059,-0.005233677489379721,0.002563,0.02,0.02078
227,0.9180158339973215,-2.9885859939571575,-0.2536683365893174,-0.10951433417628643,-0.04792150611647764,-0.07720961120667896,-0.04591309327716919,-0.07271824788091728,-0.005994841927083617,-0.005243246890086426,0.002553,0.02,0.020573
228,0.9245816200483951,-2.98943108345259,-0.25409299697172355,-0.10969927990790389,-0.047995769625950924,-0.07734096881528071,-0.04599142724541026,-0.07286058644478137,-0.006004216062774914,-0.005251255755854144,0.002544,0.02,0.020368
229,0.9249974506271457,-2.990257404589901,-0.2545210042763127,-0.1098824606757743,-0.04807707319515372,-0.07746978129676917,-0.046070031022908416,-0.07296786709211586,-0.006014349464019138,-0.005259490700131569,0.002534,0.02,0.020165
230,0.9163425762243884,-2.9912255859433503,-0.2550121964298109,-0.11009851233690805,-0.04816367234977019,-0.07762814029186463,-0.046161806962894174,-0.07312239275296542,-0.006024381082340521,-0.00526824689545803,0.002524,0.02,0.019964
231,0.9175881599352708,-2.9921699100957473,-0.2554963558665195,-0.11031753023114398,-0.04824981171815149,-0.0777888790155276,-0.04624552183647017,-0.07326387872100394,-0.006033604574500653,-0.0052753848898139015,0.002515,0.02,0.019765
232,0.9206916715395539,-2.9930659115381815,-0.25595176324492097,-0.11052389403848513,-0.04832098788999069,-0.07793667448220175,-0.046316316609715705,-0.07346684566096127,-0.00604259329071319,-0.005286342321357551,0.002505,0.02,0.019567
233,0.9172914714151827,-2.9939984036980762,-0.2564218858478562,-0.11073056678001304,-0.04840298536170215,-0.07808355014144702,-0.04640039294928509,-0.07361308862646189,-0.006053440441520514,-0.005296591080657693,0.002496,0.02,0.019372
234,0.9263623472212843,-2.99481712897598,-0.2568335021180713,-0.11091594928065995,-0.04847151477176019,-0.07822245067038447,-0.046472466311737994,-0.07375562389207621,-0.00606196581261514,-0.0053031224419105545,0.002486,0.02,0.019179
235,0.9228195897296563,-2.9956759675171925,-0.25727470322252777,-0.11111548094554652,-0.04854443369903096,-0.07836176497324739,-0.04654786016146271,-0.07390824936024461,-0.006070259869722524,-0.005311376755283369,0.002477,0.02,0.018988
236,0.9205956165300317,-2.996564945053647,-0.2577249719398232,-0.11131563074060498,-0.048620522002008996,-0.07850864243516753,-0.04662556533946604,-0.07405291676358795,-0.006080663675891136,-0.005320702285159683,0.002468,0.02,0.018799
237,0.916952083827868,-2.997503096956441,-0.25821184206438297,-0.1115318126640945,-0.04870528611812662,-0.07865837279334488,-0.04671787409883696,-0.07419647514441376,-0.006089839612225436,-0.00532893038415542,0.002459,0.02,0.018611
238,0.9254176209079887,-2.9983084354416305,-0.2586288197944208,-0.11171403868760954,-0.048782162211871274,-0.07878557041591183,-0.0467889270800932,-0.07433264110079117,-0.006098704394912491,-0.005337488824454239,0.00245,0.02,0.018426
239,0.9050232589270775,-2.9993897296110337,-0.2591840826088167,-0.11196711218732129,-0.048880345066265984,-0.07897438513241051,-0.046893250255192594,-0.0745262081463898,-0.006112587894132464,-0.0053478560018447325,0.002441,0.02,0.018242
240,0.925464480874317,-3.0001988449272816,-0.25959395526271045,-0.11214096810766783,-0.04895554840005541,-0.07909698458051084,-0.04696476087352629,-0.07465648916946654,-0.006121504322019603,-0.005356368657111582,0.002432,0.02,0.01806
241,0.927283080169483,-3.0009651410793046,-0.25998948081849843,-0.11231853763210042,-0.049021959129557674,-0.07921870962385728,-0.04703457030072131,-0.07478533827054795,-0.006131546585589766,-0.005365371434250478,0.002423,0.02,0.01788
242,0.9258936802212434,-3.0017372347589717,-0.26038212934241883,-0.11249152182735421,-0.0490898786150007,-0.0793415539370666,-0.04710213051156168,-0.07492552192575598,-0.006138786747608728,-0.005372804285947673,0.002414,0.02,0.017702
243,0.9212003381234151,-3.002592194743564,-0.26081975613786007,-0.11268807569849523,-0.049161957107158864,-0.0794809577673245,-0.04718191857264616,-0.07505545830375618,-0.006149721626744207,-0.005380400944328435,0.002405,0.02,0.017526
244,0.9197627592714284,-3.0034688852912255,-0.26127114583573435,-0.11288545030076398,-0.04924123986396712,-0.07962232952195185,-0.04726033217313462,-0.07521113508934542,-0.006158467383735756,-0.005386906773702402,0.002397,0.02,0.017351
245,0.9215458057115868,-3.0043089268229797,-0.261694285972298,-0.11306725783208367,-0.049318406227033526,-0.0797540919634524,-0.04733857837368332,-0.07533467718526754,-0.006168778538962266,-0.005396733989306143,0.002388,0.02,0.017178
246,0.9221674543083151,-3.005131584090401,-0.26210554439782013,-0.11325184746010086,-0.04938427447591239,-0.07988129588270147,-0.047405323512261455,-0.07546198495179232,-0.0061788958660616115,-0.005403686539385591,0.00238,0.02,0.017007
247,0.9220565241513812,-3.0059622168961395,-0.2625188091153713,-0.11343058477217656,-0.04945754179395812,-0.08001021700908166,-0.04747782683643724,-0.07560791126110585,-0.006186533925883008,-0.005410699036295682,0.002371,0.02,0.016837
248,0.9234851685962985,-3.006755957907679,-0.26292042916213826,-0.11360902912627859,-0.04952247004296874,-0.08014489467814816,-0.04754640609622522,-0.07575744879327544,-0.0061950348254573295,-0.005418558362205819,0.002363,0.02,0.016669
249,0.9184676327533471,-3.00763637183974,-0.2633760275073999,-0.11381117450182987,-0.04960240743872746,-0.08028804543746886,-0.04762853008749051,-0.07589385317739337,-0.006208133572371859,-0.005428603390408673,0.002354,0.02,0.016503
250,0.9267422086777903,-3.008397721989207,-0.26376506765270163,-0.11398241989548916,-0.04967159470196347,-0.08040621697534259,-0.047704790382815776,-0.0760020708219038,-0.006217879809011977,-0.005435137047233112,0.002346,0.02,0.016339
251,0.9208693463119912,-3.009214682926464,-0.2641761130103343,-0.11416306095175888,-0.04974267212591667,-0.08053415286977113,-0.047776164570826625,-0.0761410324568048,-0.006226465323385356,-0.00544170021092672,0.002338,0.02,0.016176
252,0.9241018439574034,-3.0100075871957714,-0.26458253440209406,-0.11433703608486583,-0.04981542978001717,-0.08065423400407998,-0.04784697747431386,-0.07626786894182201,-0.006234110115717456,-0.0054483288483731475,0.00233,0.02,0.016014
253,0.9240016956337431,-3.0107912439347677,-0.2649860096531846,-0.1145171613662335,-0.0498872189639539,-0.08078192175550875,-0.04792137151463822,-0.07640152685369686,-0.00624343885132498,-0.005455812823237279,0.002321,0.02,0.015855
254,0.919931260010678,-3.011642586802102,-0.26542768702058506,-0.11471429768459256,-0.049962608464577465,-0.08092545516959354,-0.04799591382783693,-0.07656358510628504,-0.006251765401762619,-0.005465281051480179,0.002313,0.02,0.015697
255,0.9175519976058656,-3.012503030165738,-0.265868530168907,-0.11491644448491133,-0.05003380085008091,-0.08107343638028223,-0.0480713630831157,-0.0767219117931501,-0.006261307967112434,-0.005475031247810074,0.002305,0.02,0.01554
256,0.926832589969698,-3.0132483027075687,-0.26624361099601523,-0.11508174895335797,-0.05009916506740421,-0.08118810714890627,-0.04814001329621832,-0.0768281538146164,-0.006270144599098066,-0.005480489973391208,0.002297,0.02,0.015385
257,0.9203067071115605,-3.01407165763448,-0.2666660908926605,-0.11527208916216546,-0.05017145637385806,-0.08132619566855205,-0.04821429995011635,-0.07700038878937268,-0.006280332263237317,-0.005488990886269181,0.002289,0.02,0.015232
258,0.9119958531201926,-3.014993522910823,-0.26712762635352394,-0.11547829382680497,-0.05025058762824144,-0.08147636761632628,-0.04829118211003417,-0.07716012398230028,-0.006289767210459963,-0.005498411670788482,0.002282,0.02,0.01508
259,0.9233210208193419,-3.015792710015369,-0.2675362507445692,-0.11566283486888883,-0.0503208647744209,-0.08161194950645403,-0.048359496555020066,-0.07731708886281216,-0.0062988588989757914,-0.005504868523442856,0.002274,0.02,0.01493
260,0.9251191172782747,-3.0165486817553986,-0.2679164979072847,-0.11583610729783933,-0.05038278947818895,-0.0817440611497763,-0.04842264892572743,-0.07747562473971234,-0.0063085203533339625,-0.005510629073957444,0.002266,0.02,0.014781
261,0.918898710620763,-3.017378586612099,-0.2683462706855977,-0.11602862815296318,-0.05045645915696042,-0.08188449193560957,-0.04850274413150177,-0.07763654553164408,-0.006317949612117027,-0.005518046234671101,0.002258,0.02,0.014634
262,0.9158519964328381,-3.018212974266126,-0.26877886704086773,-0.1162329820413096,-0.05052044730116694,-0.0820287132593406,-0.04856983595233993,-0.07782432008716278,-0.0063272599931613275,-0.0055269363177484114,0.002251,0.02,0.014488
263,0.9187467257026009,-3.019039639792797,-0.26921099646792895,-0.11642838582360246,-0.05059429727298614,-0.08216255460499265,-0.04863948092856024,-0.07797599433852358,-0.006337237734519018,-0.005535205677801982,0.002243,0.02,0.014343
264,0.9269404080806035,-3.019754106060674,-0.2695787474801198,-0.1165863996286713,-0.05066334862828284,-0.08227070438048163,-0.04870539473794759,-0.07808719165063385,-0.006345717346651577,-0.005543697158506242,0.002236,0.02,0.0142
265,0.9181258953400185,-3.0205773092919643,-0.2699948234787858,-0.1167774079203261,-0.05072924317148507,-0.08240600029425697,-0.04877559558596226,-0.07827148283313222,-0.006354717138396597,-0.005553598969267761,0.002228,0.02,0.014059
266,0.9197029551889592,-3.021360058923655,-0.2703943623796846,-0.11695277884785957,-0.05079775522907143,-0.0825312991149681,-0.04884540378782734,-0.07840445353445086,-0.006363918787530237,-0.00556116777290568,0.002221,0.02,0.013918
267,0.9209124069186936,-3.0221393797556297,-0.27079227265476713,-0.11712851739940056,-0.05086741862289057,-0.082660705331873,-0.04891544707437567,-0.07851674725907325,-0.006372688960608932,-0.005566071521912328,0.002213,0.02,0.01378
268,0.9194046380508105,-3.0229341971418227,-0.27120093159989955,-0.11730669857448302,-0.05093941141249369,-0.08279108075488735,-0.048984196525130454,-0.07866453715199502,-0.006382527450885147,-0.005575418677424383,0.002206,0.02,0.013642
269,0.9155689331552158,-3.023774267902244,-0.2716350910616508,-0.1175113232977393,-0.051008266403904955,-0.08293789695293172,-0.04905651785651811,-0.0788524459466131,-0.006389540580608337,-0.005582595823778009,0.002199,0.02,0.013506
270,0.9199523305973782,-3.0245666722618996,-0.2720392056008031,-0.11769760975236811,-0.05107251347013827,-0.08307423788962276,-0.04913001944947756,-0.07899760863117782,-0.006399365780757097,-0.005590314783949148,0.002191,0.02,0.013372
271,0.9139144013298185,-3.0254216620009,-0.2724786871558786,-0.11789738865368805,-0.0511440367658602,-0.08321381605949936,-0.04920689340989468,-0.07916914883503776,-0.006409113943814597,-0.00559682801875974,0.002184,0.02,0.013238
272,0.914518958305222,-3.026263813933203,-0.272913244116336,-0.11809416485746449,-0.05121831818761367,-0.08335057913649163,-0.049286424691408814,-0.07931149726331471,-0.006418601451615811,-0.005604266408992879,0.002177,0.02,0.013106
273,0.9318612200730421,-3.026895680760611,-0.2732314945888812,-0.11823285837201428,-0.051273231670987685,-0.08344630431957377,-0.04934476122948307,-0.07940935922061929,-0.006425183781384883,-0.005609675248446876,0.00217,0.02,0.012976
274,0.9249403684468729,-3.0276010514806058,-0.27359120432974415,-0.11839376615329573,-0.05133365342855235,-0.08356142757317703,-0.04940918547530384,-0.07954944877242734,-0.006433587573219969,-0.005615881542374196,0.002163,0.02,0.012846
275,0.9047571071146709,-3.028552685757878,-0.2740657831432739,-0.11861439089933339,-0.05140655507155891,-0.08372951389792198,-0.04948798432431398,-0.07975255531763627,-0.006445719667552038,-0.005623857765609031,0.002156,0.02,0.012718
276,0.9213840178886665,-3.0293144802101066,-0.2744438808874975,-0.11878039680591067,-0.05147326315364534,-0.08385038861080309,-0.0495508641466983,-0.07986974585575433,-0.006456844708303524,-0.00563161147343264,0.002149,0.02,0.012592
277,0.9198724975966809,-3.030079016770105,-0.2748342032790027,-0.11895373213276123,-0.05153929665691708,-0.08397623887119568,-0.04962169215555276,-0.08000198753289514,-0.006463430285682483,-0.005636838157391588,0.002142,0.02,0.012466
278,0.9186503933830946,-3.0308691999824764,-0.27523281184748494,-0.11913461052513018,-0.05160311370574241,-0.08410611225216548,-0.04969242050952314,-0.08013603668845841,-0.006473381716029953,-0.005644806572513046,0.002135,0.02,0.012342
279,0.92430426716141,-3.031580915986933,-0.2755894540901676,-0.11928925192329326,-0.05166653086629323,-0.08421683253844052,-0.049751963922205655,-0.08024372427424749,-0.006481884937692518,-0.0056516006500699715,0.002128,0.02,0.012219
280,0.925861463022777,-3.0322693612217764,-0.2759339809713132,-0.11943832446273844,-0.05172813047879764,-0.08432373413376637,-0.0498123551359763,-0.0803685716122988,-0.006488903827047451,-0.005657683705553557,0.002121,0.02,0.012097
281,0.9186597225733596,-3.0330559924891247,-0.27632955945278787,-0.11961415579187057,-0.05179079911979821,-0.08444955583408487,-0.04988152338824392,-0.08050858512536017,-0.006498519801384199,-0.005665966690433675,0.002115,0.02,0.011976
282,0.9195185272598536,-3.033826421555967,-0.27672053778205613,-0.1197891917676583,-0.051856034676366215,-0.0845755768615798,-0.04994986435284493,-0.08063483074159995,-0.0065084213344774764,-0.005673518836600514,0.002108,0.02,0.011857
283,0.924784112006268,-3.0345123982298303,-0.2770697664386052,-0.11994527243158483,-0.0519145033310709,-0.08468899578449172,-0.05001645700381149,-0.08075896155503777,-0.0065179424928880954,-0.005679679357917675,0.002101,0.02,0.011739
284,0.9210893854748603,-3.035222296786447,-0.27743644256124966,-0.12010258633411831,-0.051979886989146226,-0.08479879437726513,-0.050083985377456765,-0.08086927758723131,-0.006523479251861699,-0.00568638266594391,0.002095,0.02,0.011622
285,0.9142152338440368,-3.0360468239747127,-0.2778581352676552,-0.12029224083047144,-0.05205069096966599,-0.08493195315421204,-0.050158836087171955,-0.08101087199890347,-0.006531612801821174,-0.005692331302037095,0.002088,0.02,0.011506
286,0.9281824427353005,-3.036699939190652,-0.2781857977807197,-0.12044119453070669,-0.052102189406496115,-0.08504378267868626,-0.05021483562058445,-0.08115436798817635,-0.006538148413945403,-0.005698645576340882,0.002081,0.02,0.011391
287,0.915561969325771,-3.037498907332121,-0.2785966825493689,-0.1206282279722207,-0.05216952887042152,-0.08517814124148318,-0.05028070773115853,-0.08131224610877809,-0.006547744557736402,-0.005706227880123,0.002075,0.02,0.011278
288,0.9219504728212804,-3.0382134177934113,-0.27895624085363135,-0.12079107486618954,-0.05222919816470925,-0.08529913493808472,-0.05034355423295789,-0.08144766268725062,-0.006556373910564664,-0.005711657588714108,0.002068,0.02,0.011165
289,0.9203088284659282,-3.038957740010713,-0.2793349732808664,-0.12096116636476124,-0.052292277287320374,-0.08541807957450952,-0.050404770383145704,-0.0815693204531766,-0.006565914084182961,-0.005719753443355289,0.002062,0.02,0.011054
290,0.9211285668483489,-3.03967478145618,-0.27969551584066055,-0.1211214988755063,-0.05235343040359741,-0.08553131857129104,-0.05046545470710348,-0.0817047217753262,-0.00657410940569241,-0.0057258071989793905,0.002056,0.02,0.010944
291,0.9257383966244725,-3.0403565667036596,-0.280045542546192,-0.12127715815567686,-0.052413560699800764,-0.08563964550185772,-0.05052544391077298,-0.08181498345490688,-0.006581941106926406,-0.005730859290470219,0.002049,0.02,0.010835
292,0.9190126032744956,-3.0410960215303415,-0.28041807194971835,-0.1214456350131987,-0.05247654943569385,-0.08576655019631688,-0.05059132602609082,-0.0819647510297579,-0.006588387799233484,-0.005738330778143738,0.002043,0.02,0.010727
293,0.9198486641444024,-3.0418453547707984,-0.2808015744704831,-0.12161507261707052,-0.05254026971661118,-0.08588482993851827,-0.0506559251953953,-0.08209853240934926,-0.006598303205687862,-0.005745742937914156,0.002037,0.02,0.01062
294,0.9287415741726217,-3.042476410496992,-0.28111388883202626,-0.12175008735618781,-0.052595624685496487,-0.08598414086051312,-0.050712680699847884,-0.0821882032831507,-0.00660552143685291,-0.0057512415898225725,0.002031,0.02,0.010514
295,0.9190319588498187,-3.043216256652741,-0.2814963227747437,-0.12192355566141458,-0.05265788563150165,-0.08610700398472954,-0.05077548653315773,-0.08233231551563505,-0.006614169288504734,-0.0057571235978907615,0.002024,0.02,0.010409
296,0.9281315204953894,-3.043828090222954,-0.28180306779268777,-0.12206100879367705,-0.05270678014917836,-0.08620725644827237,-0.05082976285123605,-0.08244390713028116,-0.006619728271851477,-0.005763063303707568,0.002018,0.02,0.010305
297,0.9240415442158696,-3.044523573481238,-0.28215913538571247,-0.12222185582546054,-0.05276473120464637,-0.08632199989106355,-0.05089072247242126,-0.08256499687265988,-0.006629302172981713,-0.005770740347610704,0.002012,0.02,0.010202
298,0.91773536638729,-3.045266061797293,-0.28253787610787773,-0.12238995367453562,-0.05282903780773926,-0.08644077157727151,-0.05096058628492762,-0.08269346569454569,-0.006638242349942445,-0.00577781792512872,0.002006,0.02,0.010101
299,0.9194680458071666,-3.045992051293785,-0.28291101612071345,-0.12255392587744546,-0.05289477638120153,-0.08655913018208979,-0.051027055603471906,-0.08281300737201605,-0.0066469964199573715,-0.005785691123119341,0.002,0.02,0.01
