seed,day,hour,functional_pickups,functional_deliveries,depot_visits,depot_deliveries,unique_stations_visited,breakdowns_onsite,breakdowns_depot,damaged_fraction_onsite,damaged_fraction_depot,restored_onsite,restored_depot,total_breakdowns,total_restored,starvations,congestions,bike_departures,bike_arrivals,total_trips,new_failures_body_accessories,new_failures_drivetrain,new_failures_steering_chassis,new_failures_wheels_tires,new_failures_braking_system,new_failures_electronics,new_failures_locking_system
44,6,23,0,0,0,0,0,0,0,0.0158,0.0211,0,0,0,0,0,0,0,0,0,-19,-27,-28,-22,-11,-18,-14
44,7,0,0,0,0,0,0,0,0,0.0158,0.0211,0,0,0,0,0,0,0,0,0,0,0,0,0,0,0,0
44,7,1,0,0,0,0,0,0,0,0.0158,0.0211,0,0,0,0,0,0,0,0,0,0,0,0,0,0,0,0
44,7,2,0,0,0,0,0,0,0,0.0158,0.0211,0,0,0,0,0,0,0,0,0,0,0,0,0,0,0,0
44,7,3,0,0,0,0,0,0,0,0.0158,0.0211,0,0,0,0,0,0,0,1,0,0,0,0,0,0,0,0
44,7,4,0,0,0,0,0,0,0,0.0158,0.0211,0,0,0,0,0,0,48,40,48,0,0,0,0,0,0,0
44,7,5,0,0,0,0,0,0,2,0.0158,0.0237,0,0,2,0,19,2,165,154,184,1,1,0,0,0,0,0
44,7,6,29,31,1,0,5,0,1,0.0145,0.025,1,0,1,1,16,0,194,184,210,0,1,0,0,0,0,0
44,7,7,19,37,0,0,6,0,0,0.0145,0.025,0,0,0,0,11,0,123,133,134,0,0,0,0,0,0,0
44,7,8,40,27,0,0,7,0,0,0.0145,0.025,0,0,0,0,9,0,135,127,144,0,0,0,0,0,0,0
44,7,9,16,29,0,0,5,0,0,0.0119,0.025,2,0,0,2,9,0,147,153,156,0,0,0,0,0,0,0
44,7,10,30,19,0,0,5,0,2,0.0119,0.0264,0,0,2,0,4,0,182,176,186,0,0,1,0,0,0,1
44,7,11,25,21,0,0,4,0,1,0.0119,0.029,0,0,1,0,0,0,144,150,144,1,0,0,0,0,0,0
44,7,12,15,30,0,0,4,0,0,0.0119,0.029,0,0,0,0,4,0,198,196,202,0,0,0,0,0,0,0
44,7,13,21,21,0,0,5,1,1,0.0119,0.0303,1,0,2,1,8,6,222,201,230,0,0,1,0,0,1,0
44,7,14,29,29,0,0,7,0,1,0.0105,0.0316,1,0,1,1,15,5,405,394,420,0,1,0,0,0,0,0
44,7,15,27,18,0,0,5,2,1,0.0132,0.0329,0,0,3,0,20,9,204,226,224,0,3,0,0,0,0,0
44,7,16,18,27,0,0,5,1,0,0.0145,0.0329,0,0,1,0,2,4,192,195,194,0,0,0,0,0,0,1
44,7,17,27,18,0,0,5,0,1,0.0132,0.0329,1,0,1,1,6,3,162,161,168,0,1,0,0,0,0,0
44,7,18,27,27,0,0,7,0,0,0.0132,0.0343,0,0,0,0,3,2,155,156,158,0,0,0,0,0,0,0
44,7,19,14,23,1,13,6,0,1,0.0107,0.0174,2,0,1,2,0,2,106,113,106,0,1,0,0,0,0,0
44,7,20,0,0,0,0,0,0,1,0.0107,0.0201,0,0,1,0,0,0,80,88,80,0,0,0,0,0,1,0
44,7,21,0,0,0,0,0,0,0,0.0107,0.0201,0,0,0,0,2,1,58,65,60,0,0,0,0,0,0,0
44,7,22,0,0,0,0,0,0,0,0.0107,0.0201,0,0,0,0,0,0,0,10,0,0,0,0,0,0,0,0
44,7,23,0,0,0,0,0,0,0,0.0107,0.0201,0,0,0,0,0,0,0,0,0,0,0,0,0,0,0,0
44,8,0,0,0,0,0,0,0,0,0.0107,0.0201,0,0,0,0,0,0,0,0,0,0,0,0,0,0,0,0
44,8,1,0,0,0,0,0,0,0,0.0107,0.0201,0,0,0,0,0,0,0,0,0,0,0,0,0,0,0,0
44,8,2,0,0,0,0,0,0,0,0.0107,0.0201,0,0,0,0,0,0,0,0,0,0,0,0,0,0,0,0
44,8,3,0,0,0,0,0,0,0,0.0107,0.0201,0,0,0,0,0,0,0,0,0,0,0,0,0,0,0,0
44,8,4,0,0,0,0,0,0,0,0.0107,0.0201,0,0,0,0,0,0,22,19,22,0,0,0,0,0,0,0
44,8,5,0,0,0,0,0,0,3,0.0107,0.0241,0,0,3,0,17,0,203,176,220,1,1,0,0,0,0,1
44,8,6,20,26,1,0,4,0,0,0.0106,0.0239,0,6,0,6,35,13,171,164,206,0,0,0,0,0,0,0
44,8,7,35,35,0,0,4,0,0,0.0106,0.0239,0,0,0,0,15,2,133,143,148,0,0,0,0,0,0,0
44,8,8,29,29,0,0,4,0,0,0.0106,0.0239,0,0,0,0,7,5,129,125,136,0,0,0,0,0,0,0
44,8,9,31,30,0,0,4,0,0,0.0106,0.0239,0,0,0,0,5,3,163,161,168,0,0,0,0,0,0,0
44,8,10,45,29,0,0,5,1,1,0.012,0.0253,0,0,2,0,5,0,125,144,130,0,0,1,1,0,0,0
44,8,11,18,30,0,0,5,0,0,0.0106,0.0253,1,0,0,1,6,0,168,152,174,0,0,0,0,0,0,0
44,8,12,26,18,0,0,7,0,2,0.0093,0.0279,1,0,2,1,0,2,236,230,236,0,0,0,1,0,0,1
44,8,13,29,30,0,0,6,1,1,0.0093,0.0293,1,0,2,1,19,1,295,282,314,0,0,2,0,0,0,0
44,8,14,24,24,0,0,4,2,1,0.0106,0.0306,0,0,3,0,16,8,326,299,342,1,0,1,0,0,0,1
44,8,15,19,31,0,0,6,0,3,0.012,0.0332,0,0,3,0,11,4,231,265,242,0,0,1,1,1,0,0
44,8,16,32,24,0,0,7,1,1,0.0133,0.0359,0,0,2,0,13,3,191,192,204,0,1,1,0,0,0,0
44,8,17,19,21,0,0,6,0,0,0.012,0.0359,1,0,0,1,2,0,138,144,140,0,0,0,0,0,0,0
44,8,18,13,16,0,0,8,0,0,0.0093,0.0359,2,0,0,2,2,1,148,156,150,0,0,0,0,0,0,0
44,8,19,0,3,1,18,7,2,0,0.0082,0.0123,3,0,2,3,5,1,133,134,138,2,0,0,0,0,0,0
44,8,20,0,0,0,0,0,0,0,0.0082,0.0123,0,0,0,0,6,3,78,83,84,0,0,0,0,0,0,0
44,8,21,0,0,0,0,0,0,0,0.0082,0.0123,0,0,0,0,2,2,32,47,34,0,0,0,0,0,0,0
44,8,22,0,0,0,0,0,0,0,0.0082,0.0123,0,0,0,0,0,0,0,6,0,0,0,0,0,0,0,0
44,8,23,0,0,0,0,0,0,0,0.0082,0.0123,0,0,0,0,0,0,0,0,0,0,0,0,0,0,0,0
44,9,0,0,0,0,0,0,0,0,0.0082,0.0123,0,0,0,0,0,0,0,0,0,0,0,0,0,0,0,0
44,9,1,0,0,0,0,0,0,0,0.0082,0.0123,0,0,0,0,0,0,0,1,0,0,0,0,0,0,0,0
44,9,2,0,0,0,0,0,0,0,0.0082,0.0123,0,0,0,0,0,0,0,0,0,0,0,0,0,0,0,0
44,9,3,0,0,0,0,0,0,0,0.0082,0.0123,0,0,0,0,0,0,0,0,0,0,0,0,0,0,0,0
44,9,4,0,0,0,0,0,0,1,0.0082,0.0123,0,0,1,0,1,0,31,23,32,0,0,1,0,0,0,0
44,9,5,0,0,0,0,0,0,0,0.0082,0.0136,0,0,0,0,32,0,206,175,238,0,0,0,0,0,0,0
44,9,6,20,13,1,0,3,1,0,0.0094,0.0134,0,13,1,13,34,14,220,214,254,1,0,0,0,0,0,0
44,9,7,32,32,0,0,4,0,0,0.0094,0.0134,0,0,0,0,7,3,105,129,112,0,0,0,0,0,0,0
44,9,8,24,42,0,0,6,1,2,0.008,0.0161,2,0,3,2,3,2,155,143,158,1,0,1,0,1,0,0
44,9,9,33,35,0,0,4,0,0,0.008,0.0161,0,0,0,0,4,6,160,166,164,0,0,0,0,0,0,0
44,9,10,32,30,0,0,5,2,0,0.0094,0.0161,1,0,2,1,3,7,169,172,172,1,1,0,0,0,0,0
44,9,11,30,31,0,0,5,0,1,0.008,0.0161,1,0,1,1,7,0,145,135,152,0,0,0,0,0,0,1
44,9,12,28,29,0,0,5,0,1,0.008,0.0187,0,0,1,0,11,4,221,216,232,0,0,0,1,0,0,0
44,9,13,34,19,0,0,7,0,1,0.0054,0.0187,2,0,1,2,2,0,314,297,316,0,0,0,0,0,0,1
44,9,14,15,30,0,0,4,1,1,0.0054,0.0214,0,0,2,0,10,2,308,302,318,0,0,0,2,0,0,0
44,9,15,36,23,0,0,5,4,1,0.0107,0.0228,1,0,5,1,1,2,237,254,238,0,2,1,1,0,1,0
44,9,16,9,22,0,0,4,3,2,0.0147,0.0241,0,0,5,0,2,9,256,252,258,2,1,1,0,1,0,0
44,9,17,18,18,0,0,6,0,1,0.0134,0.0268,1,0,1,1,5,0,187,202,192,0,0,0,1,0,0,0
44,9,18,22,22,0,0,6,2,4,0.0134,0.0295,3,0,6,3,2,1,152,151,154,1,3,1,0,0,1,0
44,9,19,22,16,1,14,8,0,2,0.0094,0.0147,2,14,2,16,5,0,99,108,104,1,1,0,0,0,0,0
44,9,20,0,0,0,0,0,0,1,0.0094,0.0174,0,0,1,0,0,1,78,83,78,0,0,0,0,1,0,0
44,9,21,0,0,0,0,0,1,0,0.0107,0.0174,0,0,1,0,3,1,55,61,58,0,0,0,1,0,0,0
44,9,22,0,0,0,0,0,0,0,0.0107,0.0174,0,0,0,0,0,0,0,12,0,0,0,0,0,0,0,0
44,9,23,0,0,0,0,0,0,0,0.0107,0.0174,0,0,0,0,0,0,0,0,0,0,0,0,0,0,0,0
44,10,0,0,0,0,0,0,0,0,0.0107,0.0174,0,0,0,0,0,0,0,1,0,0,0,0,0,0,0,0
44,10,1,0,0,0,0,0,0,0,0.0107,0.0174,0,0,0,0,0,0,0,0,0,0,0,0,0,0,0,0
44,10,2,0,0,0,0,0,0,0,0.0107,0.0174,0,0,0,0,0,0,0,0,0,0,0,0,0,0,0,0
44,10,3,0,0,0,0,0,0,0,0.0107,0.0174,0,0,0,0,0,0,0,0,0,0,0,0,0,0,0,0
44,10,4,0,0,0,0,0,0,1,0.0107,0.0187,0,0,1,0,2,0,18,14,20,0,0,1,0,0,0,0
44,10,5,0,0,0,0,0,0,1,0.0107,0.0187,0,0,1,0,23,4,155,132,178,0,1,0,0,0,0,0
44,10,6,13,33,1,0,4,0,2,0.0094,0.0228,1,0,2,1,22,5,184,180,206,0,1,0,0,0,0,1
44,10,7,37,22,0,0,5,0,0,0.0094,0.0228,0,0,0,0,8,1,124,140,132,0,0,0,0,0,0,0
44,10,8,23,28,0,0,5,0,0,0.0067,0.0228,2,0,0,2,5,2,125,120,130,0,0,0,0,0,0,0
44,10,9,20,30,0,0,5,1,1,0.008,0.0241,0,0,2,0,7,0,165,161,172,2,0,0,0,0,0,0
44,10,10,20,20,0,0,4,1,2,0.0094,0.0254,0,0,3,0,7,0,185,179,192,1,1,0,1,0,0,0
44,10,11,29,20,0,0,6,0,0,0.0067,0.0268,2,0,0,2,5,1,195,179,200,0,0,0,0,0,0,0
44,10,12,18,18,0,0,4,1,1,0.008,0.0268,0,0,2,0,9,0,203,208,212,0,0,0,0,1,1,0
44,10,13,14,23,0,0,6,0,0,0.0067,0.0281,1,0,0,1,13,2,299,294,312,0,0,0,0,0,0,0
44,10,14,18,18,0,0,4,2,0,0.008,0.0281,1,0,2,1,8,5,340,317,348,0,1,1,0,0,0,0
44,10,15,21,21,0,0,6,1,0,0.008,0.0281,0,0,1,0,4,3,292,305,296,0,0,0,0,1,0,0
44,10,16,21,21,0,0,6,3,0,0.0107,0.0281,1,0,3,1,4,2,280,293,284,0,0,1,0,0,0,2
44,10,17,21,21,0,0,6,2,0,0.0147,0.0281,0,0,2,0,4,0,246,245,250,0,0,0,0,1,1,0
44,10,18,21,14,0,0,6,1,1,0.0107,0.0295,3,0,2,3,6,0,156,170,162,0,0,1,0,1,0,0
44,10,19,7,14,1,13,6,0,0,0.0106,0.012,1,18,0,19,2,1,114,128,116,0,0,0,0,0,0,0
44,10,20,0,0,0,0,0,0,0,0.0106,0.012,0,0,0,0,8,0,112,114,120,0,0,0,0,0,0,0
44,10,21,0,0,0,0,0,0,0,0.0106,0.012,0,0,0,0,2,0,76,79,78,0,0,0,0,0,0,0
44,10,22,0,0,0,0,0,0,0,0.0106,0.012,0,0,0,0,0,0,0,13,0,0,0,0,0,0,0,0
44,10,23,0,0,0,0,0,0,0,0.0106,0.012,0,0,0,0,0,0,0,0,0,0,0,0,0,0,0,0
44,11,0,0,0,0,0,0,0,0,0.0106,0.012,0,0,0,0,0,0,0,0,0,0,0,0,0,0,0,0
44,11,1,0,0,0,0,0,0,0,0.0106,0.012,0,0,0,0,0,0,0,0,0,0,0,0,0,0,0,0
44,11,2,0,0,0,0,0,0,0,0.0106,0.012,0,0,0,0,0,0,0,0,0,0,0,0,0,0,0,0
44,11,3,0,0,0,0,0,0,0,0.0106,0.012,0,0,0,0,0,0,0,0,0,0,0,0,0,0,0,0
44,11,4,0,0,0,0,0,0,0,0.0106,0.012,0,0,0,0,0,0,32,29,32,0,0,0,0,0,0,0
44,11,5,0,0,0,0,0,1,1,0.012,0.0133,0,0,2,0,10,3,154,133,164,1,0,0,0,1,0,0
44,11,6,20,34,1,0,4,0,0,0.012,0.0133,0,0,0,0,22,5,180,177,202,0,0,0,0,0,0,0
44,11,7,29,33,0,0,4,1,0,0.0133,0.0133,0,0,1,0,22,7,134,138,156,0,0,1,0,0,0,0
44,11,8,34,25,0,0,4,1,0,0.0133,0.0133,1,0,1,1,2,2,128,129,130,0,0,0,1,0,0,0
44,11,9,25,28,0,0,4,0,4,0.0133,0.0173,0,0,4,0,5,6,155,142,160,1,2,0,1,0,0,0
44,11,10,35,25,0,0,5,1,0,0.012,0.0186,1,0,1,1,0,6,118,128,118,0,1,0,0,0,0,0
44,11,11,17,33,0,0,5,0,0,0.012,0.0186,1,0,0,1,2,0,170,163,172,0,0,0,0,0,0,0
44,11,12,34,34,0,0,7,0,1,0.0106,0.0199,1,0,1,1,0,4,178,178,178,0,0,0,1,0,0,0
44,11,13,29,14,0,0,3,2,1,0.0133,0.0213,0,0,3,0,4,1,318,282,322,1,0,1,1,0,0,0
44,11,14,14,29,0,0,4,2,3,0.016,0.0239,0,0,5,0,6,0,316,315,322,1,1,1,2,0,0,0
44,11,15,38,25,0,0,5,0,2,0.016,0.0279,0,0,2,0,3,10,261,278,264,0,1,1,0,0,0,0
44,11,16,8,21,0,0,4,1,1,0.016,0.0293,0,0,2,0,3,1,189,200,192,0,0,0,1,1,0,0
44,11,17,28,14,0,0,4,0,0,0.016,0.0293,1,0,0,1,2,4,130,140,132,0,0,0,0,0,0,0
44,11,18,24,26,0,0,6,2,1,0.0186,0.0306,0,0,3,0,0,0,136,135,136,1,1,0,0,0,1,0
44,11,19,22,23,1,9,6,0,0,0.0186,0.0186,0,9,0,9,0,1,80,96,80,0,0,0,0,0,0,0
44,11,20,0,0,0,0,0,0,0,0.0186,0.0186,0,0,0,0,0,0,74,80,74,0,0,0,0,0,0,0
44,11,21,0,0,0,0,0,0,2,0.0186,0.0213,0,0,2,0,1,1,95,83,96,0,1,1,0,0,0,0
44,11,22,0,0,0,0,0,0,0,0.0186,0.0213,0,0,0,0,0,0,0,20,0,0,0,0,0,0,0,0
44,11,23,0,0,0,0,0,0,0,0.0186,0.0213,0,0,0,0,0,0,0,1,0,0,0,0,0,0,0,0
44,12,0,0,0,0,0,0,0,0,0.0186,0.0213,0,0,0,0,0,0,0,0,0,0,0,0,0,0,0,0
44,12,1,0,0,0,0,0,0,0,0.0186,0.0213,0,0,0,0,0,0,0,0,0,0,0,0,0,0,0,0
44,12,2,0,0,0,0,0,0,0,0.0186,0.0213,0,0,0,0,0,0,0,1,0,0,0,0,0,0,0,0
44,12,3,0,0,0,0,0,0,0,0.0186,0.0213,0,0,0,0,0,0,0,0,0,0,0,0,0,0,0,0
44,12,4,0,0,0,0,0,0,0,0.0186,0.0213,0,0,0,0,1,0,21,19,22,0,0,0,0,0,0,0
44,12,5,0,0,0,0,0,0,0,0.0186,0.0213,0,0,0,0,0,2,10,7,10,0,0,0,0,0,0,0
44,12,6,20,31,1,0,5,0,0,0.0173,0.0213,1,0,0,1,2,0,34,34,36,0,0,0,0,0,0,0
44,12,7,25,34,0,0,6,0,1,0.0146,0.0226,3,0,1,3,0,0,70,58,70,0,0,0,0,0,0,1
44,12,8,26,11,0,0,4,2,0,0.0133,0.0226,1,0,2,1,0,0,72,71,72,1,0,0,0,0,1,0
44,12,9,22,37,0,0,5,0,0,0.0106,0.0226,3,0,0,3,0,0,144,141,144,0,0,0,0,0,0,0
44,12,10,20,20,0,0,4,0,0,0.008,0.0226,2,0,0,2,0,0,182,168,182,0,0,0,0,0,0,0
44,12,11,38,26,0,0,7,1,2,0.004,0.0253,3,0,3,3,2,0,198,202,200,0,1,1,0,0,0,1
44,12,12,23,35,0,0,6,1,1,0.0066,0.0266,0,0,2,0,1,2,229,224,230,1,0,0,1,0,0,0
44,12,13,19,19,0,0,5,1,0,0.0066,0.0266,1,0,1,1,3,4,211,205,214,0,1,0,0,0,0,0
44,12,14,33,22,0,0,5,1,1,0.008,0.0279,0,0,2,0,7,0,189,208,196,0,1,0,1,0,0,0
44,12,15,22,33,0,0,6,1,1,0.0093,0.0279,0,0,2,0,7,0,183,168,190,0,0,1,0,0,1,0
44,12,16,20,20,0,0,5,1,0,0.0093,0.0293,1,0,1,1,0,0,218,214,218,1,0,0,0,0,0,0
44,12,17,34,34,0,0,7,0,1,0.008,0.0306,1,0,1,1,3,0,159,169,162,0,0,1,0,0,0,0
44,12,18,24,24,0,0,6,0,2,0.008,0.0332,0,0,2,0,4,1,118,129,122,0,2,0,0,0,0,0
44,12,19,16,16,1,12,6,0,0,0.0081,0.0175,0,4,0,4,0,0,70,75,70,0,0,0,0,0,0,0
44,12,20,0,0,0,0,0,0,0,0.0081,0.0175,0,0,0,0,6,0,42,47,48,0,0,0,0,0,0,0
44,12,21,0,0,0,0,0,0,0,0.0081,0.0175,0,0,0,0,0,2,66,66,66,0,0,0,0,0,0,0
44,12,22,0,0,0,0,0,0,0,0.0081,0.0175,0,0,0,0,0,0,0,11,0,0,0,0,0,0,0,0
44,12,23,0,0,0,0,0,0,0,0.0081,0.0175,0,0,0,0,0,0,0,0,0,0,0,0,0,0,0,0
44,13,0,0,0,0,0,0,0,0,0.0081,0.0175,0,0,0,0,0,0,0,0,0,0,0,0,0,0,0,0
44,13,1,0,0,0,0,0,0,0,0.0081,0.0175,0,0,0,0,0,0,0,0,0,0,0,0,0,0,0,0
44,13,2,0,0,0,0,0,0,0,0.0081,0.0175,0,0,0,0,0,0,0,0,0,0,0,0,0,0,0,0
44,13,3,0,0,0,0,0,0,0,0.0081,0.0175,0,0,0,0,0,0,0,0,0,0,0,0,0,0,0,0
44,13,4,0,0,0,0,0,0,0,0.0081,0.0175,0,0,0,0,0,0,18,14,18,0,0,0,0,0,0,0
44,13,5,0,0,0,0,0,0,0,0.0081,0.0175,0,0,0,0,1,0,21,21,22,0,0,0,0,0,0,0
44,13,6,7,15,1,0,7,2,0,0.0053,0.0173,3,9,2,12,0,0,18,18,18,0,0,1,0,0,1,0
44,13,7,11,16,0,0,3,0,0,0.0053,0.0173,1,0,0,1,0,0,26,22,26,0,0,0,0,0,0,0
44,13,8,35,19,0,0,6,0,0,0.0053,0.0173,0,0,0,0,0,0,34,35,34,0,0,0,0,0,0,0
44,13,9,22,23,0,0,4,1,0,0.004,0.0173,2,0,1,2,2,0,112,97,114,1,0,0,0,0,0,0
44,13,10,15,15,0,0,3,1,1,0.0053,0.0186,0,0,2,0,3,1,97,98,100,0,0,0,1,1,0,0
44,13,11,17,26,0,0,6,2,0,0.008,0.0186,0,0,2,0,1,3,87,88,88,0,0,0,0,0,0,2
44,13,12,30,21,0,0,7,0,0,0.0066,0.0186,1,0,0,1,0,0,124,110,124,0,0,0,0,0,0,0
44,13,13,25,26,0,0,6,0,0,0.0066,0.0186,0,0,0,0,0,6,180,173,180,0,0,0,0,0,0,0
44,13,14,13,14,0,0,4,0,0,0.004,0.0186,2,0,0,2,0,0,140,158,140,0,0,0,0,0,0,0
44,13,15,20,33,0,0,5,1,0,0.0053,0.0186,0,0,1,0,2,0,182,167,184,0,0,0,0,0,1,0
44,13,16,33,33,0,0,6,0,1,0.0053,0.0199,0,0,1,0,11,0,151,156,162,0,1,0,0,0,0,0
44,13,17,16,16,0,0,5,2,0,0.004,0.0199,3,0,2,3,9,0,155,161,164,0,0,0,0,0,1,1
44,13,18,30,20,0,0,5,0,0,0.0027,0.0199,1,0,0,1,7,0,141,143,148,0,0,0,0,0,0,0
44,13,19,20,20,1,10,7,0,1,0.0013,0.008,1,10,1,11,3,2,69,77,72,0,1,0,0,0,0,0
44,13,20,0,0,0,0,0,0,0,0.0013,0.008,0,0,0,0,10,1,62,60,72,0,0,0,0,0,0,0
44,13,21,0,0,0,0,0,1,0,0.0013,0.008,0,0,1,0,7,3,27,37,34,0,0,0,0,0,1,0
44,13,22,0,0,0,0,0,0,0,0.0027,0.008,0,0,0,0,0,0,0,7,0,0,0,0,0,0,0,0
44,13,23,0,0,0,0,0,0,0,0.0027,0.008,0,0,0,0,0,0,0,0,0,0,0,0,0,0,0,0
44,14,0,0,0,0,0,0,0,0,0.0027,0.008,0,0,0,0,0,0,0,0,0,0,0,0,0,0,0,0
44,14,1,0,0,0,0,0,0,0,0.0027,0.008,0,0,0,0,0,0,0,0,0,0,0,0,0,0,0,0
44,14,2,0,0,0,0,0,0,0,0.0027,0.008,0,0,0,0,0,0,0,0,0,0,0,0,0,0,0,0
44,14,3,0,0,0,0,0,0,0,0.0027,0.008,0,0,0,0,0,0,0,0,0,0,0,0,0,0,0,0
44,14,4,0,0,0,0,0,0,0,0.0027,0.008,0,0,0,0,6,0,30,20,36,0,0,0,0,0,0,0
44,14,5,0,0,0,0,0,1,1,0.004,0.0093,0,0,2,0,3,0,203,175,206,1,0,0,0,1,0,0
44,14,6,31,37,1,0,5,1,0,0.0027,0.0093,1,0,1,1,12,3,182,185,194,0,0,0,0,0,0,1
44,14,7,24,26,0,0,5,0,0,0.004,0.0093,0,0,0,0,7,5,119,132,126,0,0,0,0,0,0,0
44,14,8,30,37,0,0,5,0,1,0.004,0.0106,1,0,1,1,6,1,112,108,118,0,0,1,0,0,0,0
44,14,9,15,20,0,0,3,1,1,0.004,0.0106,0,0,2,0,1,0,181,183,182,0,0,0,1,0,1,0
44,14,10,46,30,0,0,6,1,0,0.0053,0.012,0,0,1,0,8,2,166,167,174,0,0,0,1,0,0,0
44,14,11,11,27,0,0,5,0,1,0.004,0.0133,1,0,1,1,2,2,170,163,172,0,0,0,0,1,0,0
44,14,12,35,26,0,0,5,2,1,0.0066,0.0146,0,0,3,0,6,0,212,207,218,1,0,1,1,0,0,0
44,14,13,32,25,0,0,6,2,0,0.008,0.0146,0,0,2,0,4,1,244,240,248,1,0,0,1,0,0,0
44,14,14,29,45,0,0,5,1,1,0.0106,0.0159,0,0,2,0,27,2,403,365,430,0,1,1,0,0,0,0
44,14,15,30,30,0,0,4,0,1,0.0106,0.0173,1,0,1,1,17,2,199,234,216,1,0,0,0,0,0,0
44,14,16,29,15,0,0,3,3,0,0.0106,0.0173,1,0,3,1,9,10,167,178,176,1,1,0,0,0,1,0
44,14,17,25,27,0,0,4,0,1,0.012,0.0173,0,0,1,0,2,5,144,145,146,0,0,0,1,0,0,0
44,14,18,25,26,0,0,5,0,0,0.012,0.0186,0,0,0,0,3,2,117,119,120,0,0,0,0,0,0,0
44,14,19,13,23,1,7,6,0,1,0.0119,0.0106,0,12,1,12,10,0,88,100,98,0,0,0,0,1,0,0
44,14,20,0,0,0,0,0,0,0,0.0119,0.0106,0,0,0,0,4,1,46,47,50,0,0,0,0,0,0,0
44,14,21,0,0,0,0,0,0,0,0.0119,0.0106,0,0,0,0,1,1,81,80,82,0,0,0,0,0,0,0
44,14,22,0,0,0,0,0,0,0,0.0119,0.0106,0,0,0,0,0,2,0,16,0,0,0,0,0,0,0,0
44,14,23,0,0,0,0,0,0,0,0.0119,0.0106,0,0,0,0,0,0,0,0,0,0,0,0,0,0,0,0
44,15,0,0,0,0,0,0,0,0,0.0119,0.0106,0,0,0,0,0,0,0,0,0,0,0,0,0,0,0,0
44,15,1,0,0,0,0,0,0,0,0.0119,0.0106,0,0,0,0,0,0,2,1,2,0,0,0,0,0,0,0
44,15,2,0,0,0,0,0,0,0,0.0119,0.0106,0,0,0,0,0,0,0,1,0,0,0,0,0,0,0,0
44,15,3,0,0,0,0,0,0,0,0.0119,0.0106,0,0,0,0,0,0,0,0,0,0,0,0,0,0,0,0
44,15,4,0,0,0,0,0,0,0,0.0119,0.0106,0,0,0,0,0,0,22,16,22,0,0,0,0,0,0,0
44,15,5,0,0,0,0,0,1,1,0.0119,0.0119,0,0,2,0,11,0,193,164,204,1,0,0,1,0,0,0
44,15,6,20,33,1,0,4,1,1,0.0132,0.0132,1,0,2,1,18,4,218,216,236,0,0,1,0,0,1,0
44,15,7,36,30,0,0,4,2,0,0.0132,0.0132,2,0,2,2,13,7,129,147,142,0,0,2,0,0,0,0
44,15,8,28,34,0,0,5,0,1,0.0119,0.0145,1,0,1,1,4,1,112,106,116,0,0,1,0,0,0,0
44,15,9,19,17,0,0,4,0,2,0.0119,0.0158,0,0,2,0,3,0,141,135,144,1,0,0,0,0,1,0
44,15,10,37,25,0,0,5,0,0,0.0106,0.0158,1,0,0,1,1,0,117,133,118,0,0,0,0,0,0,0
44,15,11,0,14,0,0,3,0,2,0.0106,0.0185,0,0,2,0,1,1,161,143,162,1,0,0,1,0,0,0
44,15,12,43,28,0,0,5,2,1,0.0119,0.0211,2,0,3,2,6,3,206,212,212,0,1,1,0,1,0,0
44,15,13,13,28,0,0,3,1,0,0.0106,0.0211,1,0,1,1,16,9,332,306,348,1,0,0,0,0,0,0
44,15,14,24,12,0,0,3,1,2,0.0119,0.0237,0,0,3,0,46,3,336,316,382,1,0,1,0,0,1,0
44,15,15,21,33,0,0,7,2,0,0.0132,0.0237,0,0,2,0,10,5,232,261,242,0,0,0,0,1,1,0
44,15,16,27,27,0,0,7,1,0,0.0158,0.0237,0,0,1,0,3,1,175,184,178,1,0,0,0,0,0,0
44,15,17,27,27,0,0,7,0,1,0.0145,0.0251,1,0,1,1,10,1,160,171,170,0,0,1,0,0,0,0
44,15,18,34,34,0,0,8,0,1,0.0145,0.0264,0,0,1,0,7,5,151,163,158,1,0,0,0,0,0,0
44,15,19,17,8,1,11,5,0,0,0.0147,0.012,0,0,0,0,0,0,86,89,86,0,0,0,0,0,0,0
44,15,20,0,0,0,0,0,0,1,0.0147,0.0134,0,0,1,0,2,1,72,73,74,0,0,1,0,0,0,0
44,15,21,0,0,0,0,0,0,0,0.0147,0.0134,0,0,0,0,0,1,40,42,40,0,0,0,0,0,0,0
44,15,22,0,0,0,0,0,0,0,0.0147,0.0134,0,0,0,0,0,1,2,9,2,0,0,0,0,0,0,0
44,15,23,0,0,0,0,0,0,0,0.0147,0.0134,0,0,0,0,0,0,0,0,0,0,0,0,0,0,0,0
44,16,0,0,0,0,0,0,0,0,0.0147,0.0134,0,0,0,0,0,0,0,0,0,0,0,0,0,0,0,0
44,16,1,0,0,0,0,0,0,0,0.0147,0.0134,0,0,0,0,0,0,0,0,0,0,0,0,0,0,0,0
44,16,2,0,0,0,0,0,0,0,0.0147,0.0134,0,0,0,0,0,0,0,0,0,0,0,0,0,0,0,0
44,16,3,0,0,0,0,0,0,0,0.0147,0.0134,0,0,0,0,0,0,0,0,0,0,0,0,0,0,0,0
44,16,4,0,0,0,0,0,0,0,0.0147,0.0134,0,0,0,0,1,0,19,16,20,0,0,0,0,0,0,0
44,16,5,0,0,0,0,0,1,1,0.0161,0.0147,0,0,2,0,6,1,200,171,206,0,0,2,0,0,0,0
44,16,6,18,14,1,0,3,0,1,0.0159,0.0146,0,7,1,7,32,6,196,196,228,0,0,0,1,0,0,0
44,16,7,27,43,0,0,5,0,0,0.0133,0.0159,2,0,0,2,31,6,137,139,168,0,0,0,0,0,0,0
44,16,8,41,29,0,0,6,1,0,0.0146,0.0159,0,0,1,0,9,0,153,157,162,1,0,0,0,0,0,0
44,16,9,27,43,0,0,6,0,1,0.0133,0.0172,1,0,1,1,7,0,175,169,182,0,0,0,0,1,0,0
44,16,10,34,23,0,0,5,1,0,0.0146,0.0172,0,0,1,0,14,4,192,177,206,0,0,0,0,1,0,0
44,16,11,28,25,0,0,5,0,0,0.0146,0.0172,0,0,0,0,1,1,157,176,158,0,0,0,0,0,0,0
44,16,12,25,24,0,0,6,0,1,0.0133,0.0186,1,0,1,1,8,0,220,215,228,1,0,0,0,0,0,0
44,16,13,10,25,0,0,3,0,1,0.0119,0.0186,1,0,1,1,21,1,311,282,332,0,1,0,0,0,0,0
44,16,14,30,30,0,0,4,3,2,0.0119,0.0212,1,0,5,1,18,0,290,287,308,2,0,0,1,0,2,0
44,16,15,26,26,0,0,4,0,0,0.0133,0.0225,1,0,0,1,18,6,260,284,278,0,0,0,0,0,0,0
44,16,16,28,15,0,0,5,1,0,0.0119,0.0225,1,0,1,1,10,2,236,234,246,0,0,0,0,0,1,0
44,16,17,10,23,0,0,4,2,0,0.0146,0.0225,1,0,2,1,4,1,170,182,174,0,0,1,0,0,1,0
44,16,18,26,20,0,0,5,0,1,0.0133,0.0239,1,0,1,1,5,1,151,155,156,0,1,0,0,0,0,0
44,16,19,14,20,1,7,6,0,0,0.0132,0.0145,0,11,0,11,1,1,93,103,94,0,0,0,0,0,0,0
44,16,20,0,0,0,0,0,0,0,0.0132,0.0145,0,0,0,0,6,0,70,75,76,0,0,0,0,0,0,0
44,16,21,0,0,0,0,0,0,0,0.0132,0.0145,0,0,0,0,6,0,60,59,66,0,0,0,0,0,0,0
44,16,22,0,0,0,0,0,0,0,0.0132,0.0145,0,0,0,0,0,0,2,14,2,0,0,0,0,0,0,0
44,16,23,0,0,0,0,0,0,0,0.0132,0.0145,0,0,0,0,0,0,0,0,0,0,0,0,0,0,0,0
44,17,0,0,0,0,0,0,0,0,0.0132,0.0145,0,0,0,0,0,0,0,0,0,0,0,0,0,0,0,0
44,17,1,0,0,0,0,0,0,0,0.0132,0.0145,0,0,0,0,0,0,0,0,0,0,0,0,0,0,0,0
44,17,2,0,0,0,0,0,0,0,0.0132,0.0145,0,0,0,0,0,0,0,0,0,0,0,0,0,0,0,0
44,17,3,0,0,0,0,0,0,0,0.0132,0.0145,0,0,0,0,0,0,0,0,0,0,0,0,0,0,0,0
44,17,4,0,0,0,0,0,0,0,0.0132,0.0145,0,0,0,0,0,0,28,21,28,0,0,0,0,0,0,0
44,17,5,0,0,0,0,0,0,1,0.0132,0.0158,0,0,1,0,13,0,189,167,202,0,1,0,0,0,0,0
44,17,6,26,17,1,0,4,0,1,0.0119,0.0172,1,0,1,1,45,12,209,193,254,1,0,0,0,0,0,0
44,17,7,36,37,0,0,6,0,0,0.0106,0.0172,1,0,0,1,15,5,121,137,136,0,0,0,0,0,0,0
44,17,8,26,30,0,0,5,0,0,0.0092,0.0172,1,0,0,1,8,4,134,144,142,0,0,0,0,0,0,0
44,17,9,30,43,0,0,5,2,2,0.0106,0.0198,0,0,4,0,11,3,183,171,194,0,0,2,0,1,0,1
44,17,10,30,30,0,0,4,0,1,0.0119,0.0211,0,0,1,0,7,5,199,198,206,0,0,0,0,0,1,0
44,17,11,28,30,0,0,5,1,0,0.0092,0.0211,2,0,1,2,12,0,160,171,172,0,1,0,0,0,0,0
44,17,12,30,15,0,0,3,0,1,0.0106,0.0224,0,0,1,0,14,0,250,235,264,0,0,0,0,1,0,0
44,17,13,28,29,0,0,4,4,2,0.0158,0.0251,0,0,6,0,15,0,329,303,344,2,2,0,0,0,2,0
44,17,14,28,42,0,0,6,1,1,0.0172,0.0264,0,0,2,0,14,2,348,351,362,0,0,1,1,0,0,0
44,17,15,34,34,0,0,6,1,1,0.0185,0.0277,0,0,2,0,15,17,301,310,316,2,0,0,0,0,0,0
44,17,16,25,25,0,0,4,1,2,0.0185,0.0303,0,0,3,0,7,0,213,227,220,1,1,0,0,0,1,0
44,17,17,28,28,0,0,6,4,0,0.0172,0.0303,5,0,4,5,1,0,197,190,198,1,0,0,1,2,0,0
44,17,18,21,18,0,0,5,0,2,0.0158,0.033,2,0,2,2,4,2,158,169,162,0,0,1,0,1,0,0
44,17,19,20,21,1,9,6,0,1,0.016,0.0227,0,0,1,0,1,0,127,137,128,0,0,1,0,0,0,0
44,17,20,0,0,0,0,0,2,0,0.016,0.0227,0,0,2,0,0,0,90,94,90,0,0,0,0,0,0,2
44,17,21,0,0,0,0,0,0,0,0.0187,0.0227,0,0,0,0,0,6,64,72,64,0,0,0,0,0,0,0
44,17,22,0,0,0,0,0,0,0,0.0187,0.0227,0,0,0,0,0,0,0,9,0,0,0,0,0,0,0,0
44,17,23,0,0,0,0,0,0,0,0.0187,0.0227,0,0,0,0,0,0,0,1,0,0,0,0,0,0,0,0
44,18,0,0,0,0,0,0,0,0,0.0187,0.0227,0,0,0,0,0,0,0,0,0,0,0,0,0,0,0,0
44,18,1,0,0,0,0,0,0,0,0.0187,0.0227,0,0,0,0,0,0,0,0,0,0,0,0,0,0,0,0
44,18,2,0,0,0,0,0,0,0,0.0187,0.0227,0,0,0,0,0,0,0,0,0,0,0,0,0,0,0,0
44,18,3,0,0,0,0,0,0,0,0.0187,0.0227,0,0,0,0,0,0,0,0,0,0,0,0,0,0,0,0
44,18,4,0,0,0,0,0,0,0,0.0187,0.0227,0,0,0,0,1,0,9,6,10,0,0,0,0,0,0,0
44,18,5,0,0,0,0,0,1,0,0.02,0.0227,0,0,1,0,4,0,156,141,160,0,0,1,0,0,0,0
44,18,6,20,9,1,0,3,1,1,0.0212,0.0238,0,7,2,7,16,9,182,178,198,0,2,0,0,0,0,0
44,18,7,29,46,0,0,5,1,2,0.0185,0.0265,3,0,3,3,23,3,131,125,154,0,0,1,1,1,0,0
44,18,8,30,33,0,0,6,1,0,0.0198,0.0265,0,0,1,0,6,3,162,165,168,0,0,0,0,0,1,0
44,18,9,30,29,0,0,4,2,1,0.0185,0.0278,2,0,3,2,8,6,168,167,176,0,0,2,0,0,1,0
44,18,10,32,17,0,0,3,0,1,0.0198,0.0278,0,0,1,0,4,1,218,213,222,0,0,1,0,0,0,0
44,18,11,39,44,0,0,6,3,1,0.0212,0.0304,1,0,4,1,2,3,206,202,208,1,0,1,0,1,1,0
44,18,12,14,24,0,0,4,0,2,0.0198,0.0331,2,0,2,2,7,6,203,203,210,1,0,0,0,1,0,0
44,18,13,19,20,0,0,4,1,1,0.0185,0.0344,2,0,2,2,9,1,349,321,358,1,1,0,0,0,0,0
44,18,14,17,17,0,0,5,2,0,0.0185,0.0344,1,0,2,1,12,1,328,333,340,1,1,0,0,0,0,0
44,18,15,32,32,0,0,6,0,3,0.0185,0.037,1,0,3,1,11,6,227,241,238,0,0,2,0,1,0,0
44,18,16,31,23,0,0,7,0,0,0.0185,0.0384,0,0,0,0,1,1,239,240,240,0,0,0,0,0,0,0
44,18,17,22,30,0,0,7,0,1,0.0185,0.0397,0,0,1,0,8,6,158,175,166,0,1,0,0,0,0,0
44,18,18,26,26,0,0,8,0,1,0.0172,0.0397,1,0,1,1,1,2,107,112,108,0,0,0,1,0,0,0
44,18,19,10,5,1,15,6,0,0,0.0148,0.0216,2,0,0,2,1,0,75,85,76,0,0,0,0,0,0,0
44,18,20,0,0,0,0,0,1,0,0.0162,0.0216,0,0,1,0,0,0,86,81,86,0,0,0,1,0,0,0
44,18,21,0,0,0,0,0,0,0,0.0162,0.0216,0,0,0,0,2,8,80,79,82,0,0,0,0,0,0,0
44,18,22,0,0,0,0,0,0,0,0.0162,0.0216,0,0,0,0,0,1,0,18,0,0,0,0,0,0,0,0
44,18,23,0,0,0,0,0,0,0,0.0162,0.0216,0,0,0,0,0,0,0,0,0,0,0,0,0,0,0,0
44,19,0,0,0,0,0,0,0,0,0.0162,0.0216,0,0,0,0,0,0,0,0,0,0,0,0,0,0,0,0
44,19,1,0,0,0,0,0,0,0,0.0162,0.0216,0,0,0,0,0,0,0,0,0,0,0,0,0,0,0,0
44,19,2,0,0,0,0,0,0,0,0.0162,0.0216,0,0,0,0,0,0,0,0,0,0,0,0,0,0,0,0
44,19,3,0,0,0,0,0,0,0,0.0162,0.0216,0,0,0,0,0,0,0,0,0,0,0,0,0,0,0,0
44,19,4,0,0,0,0,0,0,0,0.0162,0.0216,0,0,0,0,0,1,14,12,14,0,0,0,0,0,0,0
44,19,5,0,0,0,0,0,0,0,0.0162,0.0216,0,0,0,0,0,3,22,21,22,0,0,0,0,0,0,0
44,19,6,20,14,1,0,3,0,0,0.016,0.0213,0,9,0,9,0,3,30,28,30,0,0,0,0,0,0,0
44,19,7,19,32,0,0,4,0,0,0.0147,0.0213,1,0,0,1,3,2,59,52,62,0,0,0,0,0,0,0
44,19,8,14,21,0,0,3,0,0,0.0133,0.0213,1,0,0,1,0,1,102,88,102,0,0,0,0,0,0,0
44,19,9,28,23,0,0,5,0,2,0.012,0.0227,1,0,2,1,2,0,146,149,148,1,0,1,0,0,0,0
44,19,10,22,20,0,0,6,1,0,0.0107,0.024,3,0,1,3,7,0,169,152,176,1,0,0,0,0,0,0
44,19,11,35,30,0,0,7,1,0,0.0107,0.024,0,0,1,0,7,0,193,193,200,1,0,0,0,0,0,0
44,19,12,23,23,0,0,5,2,1,0.012,0.0253,1,0,3,1,3,1,217,217,220,2,0,1,0,0,0,0
44,19,13,22,34,0,0,5,1,0,0.0133,0.0253,0,0,1,0,9,6,239,235,248,0,0,0,0,1,0,0
44,19,14,31,21,0,0,6,1,1,0.0093,0.0267,3,0,2,3,2,3,192,199,194,0,0,0,1,0,1,0
44,19,15,28,29,0,0,6,2,1,0.0107,0.028,0,0,3,0,1,0,207,208,208,1,0,0,0,0,2,0
44,19,16,27,27,0,0,6,1,1,0.012,0.0293,2,0,2,2,9,0,177,169,186,0,0,1,1,0,0,0
44,19,17,18,18,0,0,5,1,0,0.0107,0.0293,2,0,1,2,0,0,136,154,136,1,0,0,0,0,0,0
44,19,18,18,27,0,0,6,1,2,0.012,0.0307,0,0,3,0,3,0,115,116,118,0,1,0,0,0,1,1
44,19,19,14,14,1,13,7,0,0,0.0093,0.0146,2,15,0,17,0,0,62,77,62,0,0,0,0,0,0,0
44,19,20,0,0,0,0,0,1,0,0.0106,0.0146,0,0,1,0,2,2,58,59,60,0,0,0,1,0,0,0
44,19,21,0,0,0,0,0,0,1,0.0106,0.0146,0,0,1,0,0,0,94,84,94,0,0,1,0,0,0,0
44,19,22,0,0,0,0,0,0,0,0.0106,0.016,0,0,0,0,0,1,0,17,0,0,0,0,0,0,0,0
44,19,23,0,0,0,0,0,0,0,0.0106,0.016,0,0,0,0,0,0,0,0,0,0,0,0,0,0,0,0
44,20,0,0,0,0,0,0,0,0,0.0106,0.016,0,0,0,0,0,0,0,0,0,0,0,0,0,0,0,0
44,20,1,0,0,0,0,0,0,0,0.0106,0.016,0,0,0,0,0,0,0,1,0,0,0,0,0,0,0,0
44,20,2,0,0,0,0,0,0,0,0.0106,0.016,0,0,0,0,0,0,0,1,0,0,0,0,0,0,0,0
44,20,3,0,0,0,0,0,0,0,0.0106,0.016,0,0,0,0,0,0,0,0,0,0,0,0,0,0,0,0
44,20,4,0,0,0,0,0,0,0,0.0106,0.016,0,0,0,0,0,2,6,5,6,0,0,0,0,0,0,0
44,20,5,0,0,0,0,0,0,0,0.0106,0.016,0,0,0,0,0,2,12,11,12,0,0,0,0,0,0,0
44,20,6,18,23,1,0,4,0,0,0.0106,0.016,0,0,0,0,0,0,16,12,16,0,0,0,0,0,0,0
44,20,7,44,35,0,0,5,0,0,0.0106,0.016,0,0,0,0,0,0,20,22,20,0,0,0,0,0,0,0
44,20,8,12,21,0,0,6,0,1,0.0106,0.0173,0,0,1,0,0,0,40,42,40,0,1,0,0,0,0,0
44,20,9,22,18,0,0,5,0,1,0.0106,0.0173,0,0,1,0,2,1,110,93,112,0,0,0,0,1,0,0
44,20,10,17,31,0,0,6,0,0,0.0106,0.0186,0,0,0,0,0,1,102,102,102,0,0,0,0,0,0,0
44,20,11,26,19,0,0,6,0,0,0.0093,0.0186,1,0,0,1,1,0,125,120,126,0,0,0,0,0,0,0
44,20,12,24,16,0,0,5,0,1,0.008,0.0199,1,0,1,1,0,1,126,119,126,1,0,0,0,0,0,0
44,20,13,19,22,0,0,5,2,0,0.008,0.0199,1,0,2,1,4,3,156,158,160,1,0,0,1,0,0,0
44,20,14,21,24,0,0,4,0,0,0.0093,0.0199,0,0,0,0,4,0,148,141,152,0,0,0,0,0,0,0
44,20,15,20,18,0,0,6,1,0,0.0106,0.0199,0,0,1,0,1,0,163,160,164,0,0,0,1,0,0,0
44,20,16,20,20,0,0,4,0,4,0.0106,0.0239,0,0,4,0,1,0,151,166,152,1,2,0,0,1,0,0
44,20,17,19,29,0,0,5,1,1,0.0093,0.0266,1,0,2,1,2,3,132,136,134,0,0,1,0,0,1,0
44,20,18,22,22,0,0,5,0,0,0.0066,0.0266,3,0,0,3,0,0,146,154,146,0,0,0,0,0,0,0
44,20,19,19,20,1,9,7,0,0,0.0067,0.0148,0,0,0,0,0,0,58,55,58,0,0,0,0,0,0,0
44,20,20,0,0,0,0,0,0,0,0.0067,0.0148,0,0,0,0,0,0,44,56,44,0,0,0,0,0,0,0
44,20,21,0,0,0,0,0,1,0,0.0067,0.0148,0,0,1,0,0,1,42,39,42,1,0,0,0,0,0,0
44,20,22,0,0,0,0,0,0,0,0.0081,0.0148,0,0,0,0,0,0,0,7,0,0,0,0,0,0,0,0
44,20,23,0,0,0,0,0,0,0,0.0081,0.0148,0,0,0,0,0,0,0,0,0,0,0,0,0,0,0,0
44,21,0,0,0,0,0,0,0,0,0.0081,0.0148,0,0,0,0,0,0,0,0,0,0,0,0,0,0,0,0
44,21,1,0,0,0,0,0,0,0,0.0081,0.0148,0,0,0,0,0,0,0,0,0,0,0,0,0,0,0,0
44,21,2,0,0,0,0,0,0,0,0.0081,0.0148,0,0,0,0,0,0,0,0,0,0,0,0,0,0,0,0
44,21,3,0,0,0,0,0,0,0,0.0081,0.0148,0,0,0,0,0,0,0,0,0,0,0,0,0,0,0,0
44,21,4,0,0,0,0,0,0,0,0.0081,0.0148,0,0,0,0,1,0,29,25,30,0,0,0,0,0,0,0
44,21,5,0,0,0,0,0,2,0,0.0094,0.0148,0,0,2,0,11,1,179,148,190,0,1,0,1,0,0,0
44,21,6,25,18,1,0,4,0,0,0.0106,0.0146,0,13,0,13,19,9,193,192,212,0,0,0,0,0,0,0
44,21,7,13,33,0,0,3,1,0,0.0119,0.0146,0,0,1,0,4,5,134,147,138,0,0,1,0,0,0,0
44,21,8,50,31,0,0,6,2,1,0.0146,0.0146,0,0,3,0,5,2,129,126,134,0,1,1,0,1,0,0
44,21,9,19,38,0,0,4,0,0,0.0146,0.0159,0,0,0,0,13,4,165,158,178,0,0,0,0,0,0,0
44,21,10,36,36,0,0,6,0,0,0.0119,0.0159,2,0,0,2,5,0,187,186,192,0,0,0,0,0,0,0
44,21,11,45,28,0,0,5,1,0,0.0132,0.0159,0,0,1,0,3,0,171,170,174,0,0,0,1,0,0,0
44,21,12,28,34,0,0,6,1,1,0.0146,0.0172,0,0,2,0,5,1,237,227,242,0,0,0,0,0,1,1
44,21,13,23,22,0,0,5,1,1,0.0159,0.0185,0,0,2,0,8,1,270,277,278,0,0,0,1,0,1,0
44,21,14,32,32,0,0,6,1,3,0.0159,0.0212,0,0,4,0,35,3,415,377,450,1,0,1,0,1,1,0
44,21,15,11,23,0,0,4,0,1,0.0146,0.0238,2,0,1,2,10,12,220,262,230,0,0,0,1,0,0,0
44,21,16,22,22,0,0,4,1,0,0.0159,0.0238,0,0,1,0,11,7,187,189,198,0,1,0,0,0,0,0
44,21,17,11,11,0,0,3,1,0,0.0146,0.0238,2,0,1,2,2,5,174,172,176,0,0,0,1,0,0,0
44,21,18,31,21,0,0,5,0,2,0.0119,0.0265,2,0,2,2,1,5,151,156,152,0,0,0,1,0,1,0
44,21,19,18,18,1,10,6,0,0,0.0119,0.0132,0,9,0,9,2,6,84,95,86,0,0,0,0,0,0,0
44,21,20,0,0,0,0,0,0,0,0.0119,0.0132,0,0,0,0,1,0,65,71,66,0,0,0,0,0,0,0
44,21,21,0,0,0,0,0,1,1,0.0132,0.0132,0,0,2,0,0,6,74,68,74,1,1,0,0,0,0,0
44,21,22,0,0,0,0,0,0,0,0.0132,0.0146,0,0,0,0,0,5,0,16,0,0,0,0,0,0,0,0
44,21,23,0,0,0,0,0,0,0,0.0132,0.0146,0,0,0,0,0,0,0,0,0,0,0,0,0,0,0,0
44,22,0,0,0,0,0,0,0,0,0.0132,0.0146,0,0,0,0,0,0,0,1,0,0,0,0,0,0,0,0
44,22,1,0,0,0,0,0,0,0,0.0132,0.0146,0,0,0,0,0,0,0,0,0,0,0,0,0,0,0,0
44,22,2,0,0,0,0,0,0,0,0.0132,0.0146,0,0,0,0,0,0,0,1,0,0,0,0,0,0,0,0
44,22,3,0,0,0,0,0,0,0,0.0132,0.0146,0,0,0,0,0,0,0,0,0,0,0,0,0,0,0,0
44,22,4,0,0,0,0,0,1,0,0.0146,0.0146,0,0,1,0,0,0,34,26,34,0,0,0,0,1,0,0
44,22,5,0,0,0,0,0,2,0,0.0159,0.0146,0,0,2,0,6,0,210,177,216,1,0,0,0,0,0,1
44,22,6,26,32,1,0,5,0,1,0.0172,0.0159,0,0,1,0,18,4,184,192,202,0,0,0,1,0,0,0
44,22,7,23,32,0,0,4,1,0,0.0185,0.0159,0,0,1,0,10,5,118,130,128,0,0,0,0,1,0,0
44,22,8,39,32,0,0,6,2,0,0.0199,0.0159,0,0,2,0,2,1,136,135,138,0,1,1,0,0,0,0
44,22,9,22,33,0,0,6,1,1,0.0199,0.0172,2,0,2,2,9,3,131,135,140,0,2,0,0,0,0,0
44,22,10,36,22,0,0,5,0,0,0.0172,0.0172,2,0,0,2,9,1,107,107,116,0,0,0,0,0,0,0
44,22,11,23,22,0,0,4,0,0,0.0146,0.0172,2,0,0,2,14,0,158,151,172,0,0,0,0,0,0,0
44,22,12,27,42,0,0,5,0,1,0.0146,0.0185,0,0,1,0,1,1,227,217,228,0,0,1,0,0,0,0
44,22,13,29,29,0,0,4,4,2,0.0172,0.0199,1,0,6,1,1,0,301,281,302,1,2,0,1,1,0,1
44,22,14,23,23,0,0,5,2,1,0.0212,0.0212,0,0,3,0,30,0,318,318,348,1,1,0,0,0,0,1
44,22,15,36,36,0,0,6,0,0,0.0212,0.0225,0,0,0,0,7,3,235,248,242,0,0,0,0,0,0,0
44,22,16,22,13,0,0,3,1,0,0.0172,0.0225,3,0,1,3,2,0,178,189,180,1,0,0,0,0,0,0
44,22,17,13,22,0,0,4,1,0,0.0185,0.0225,1,0,1,1,2,8,144,153,146,0,1,0,0,0,0,0
44,22,18,10,10,0,0,4,2,1,0.0185,0.0238,2,0,3,2,12,1,130,133,142,0,0,0,0,1,1,1
44,22,19,30,19,1,9,7,0,0,0.0185,0.0119,0,9,0,9,2,0,92,96,94,0,0,0,0,0,0,0
44,22,20,0,0,0,0,0,0,1,0.0185,0.0132,0,0,1,0,6,0,76,74,82,0,0,0,1,0,0,0
44,22,21,0,0,0,0,0,0,0,0.0185,0.0132,0,0,0,0,0,0,30,42,30,0,0,0,0,0,0,0
44,22,22,0,0,0,0,0,0,0,0.0185,0.0132,0,0,0,0,0,1,0,5,0,0,0,0,0,0,0,0
44,22,23,0,0,0,0,0,0,0,0.0185,0.0132,0,0,0,0,0,0,2,1,2,0,0,0,0,0,0,0
44,23,0,0,0,0,0,0,0,0,0.0185,0.0132,0,0,0,0,0,0,0,1,0,0,0,0,0,0,0,0
44,23,1,0,0,0,0,0,0,0,0.0185,0.0132,0,0,0,0,0,0,0,0,0,0,0,0,0,0,0,0
44,23,2,0,0,0,0,0,0,0,0.0185,0.0132,0,0,0,0,0,0,0,0,0,0,0,0,0,0,0,0
44,23,3,0,0,0,0,0,0,0,0.0185,0.0132,0,0,0,0,0,0,0,0,0,0,0,0,0,0,0,0
44,23,4,0,0,0,0,0,0,0,0.0185,0.0132,0,0,0,0,0,1,22,19,22,0,0,0,0,0,0,0
44,23,5,0,0,0,0,0,1,1,0.0199,0.0146,0,0,2,0,10,0,200,166,210,1,0,0,0,1,0,0
44,23,6,19,34,1,0,4,1,1,0.0199,0.0159,1,0,2,1,16,11,214,208,230,0,0,0,1,1,0,0
44,23,7,26,31,0,0,6,0,0,0.0199,0.0159,0,0,0,0,11,5,107,132,118,0,0,0,0,0,0,0
44,23,8,23,23,0,0,4,0,1,0.0185,0.0159,1,0,1,1,7,2,129,122,136,0,0,0,0,0,1,0
44,23,9,31,31,0,0,4,0,0,0.0185,0.0172,0,0,0,0,11,1,153,157,164,0,0,0,0,0,0,0
44,23,10,29,29,0,0,7,1,1,0.0199,0.0185,0,0,2,0,2,0,134,136,136,1,0,0,1,0,0,0
44,23,11,26,26,0,0,4,1,0,0.0185,0.0185,2,0,1,2,11,0,187,172,198,0,1,0,0,0,0,0
44,23,12,25,25,0,0,4,2,0,0.0199,0.0185,1,0,2,1,16,2,202,202,218,0,1,1,0,0,0,0
44,23,13,23,23,0,0,4,0,4,0.0185,0.0238,1,0,4,1,30,0,266,257,296,1,1,1,0,0,0,1
44,23,14,33,23,0,0,6,0,0,0.0119,0.0238,6,0,0,6,17,7,269,275,286,0,0,0,0,0,0,0
44,23,15,22,21,0,0,5,2,1,0.0119,0.0252,0,0,3,0,7,4,271,252,278,0,1,1,0,1,0,0
44,23,16,30,31,0,0,6,2,1,0.0146,0.0252,0,0,3,0,11,1,247,257,258,1,0,1,1,0,0,0
44,23,17,20,30,0,0,5,0,0,0.0146,0.0265,1,0,0,1,7,3,181,182,188,0,0,0,0,0,0,0
44,23,18,27,27,0,0,6,1,0,0.0146,0.0265,1,0,1,1,3,2,119,129,122,0,0,0,0,0,1,0
44,23,19,16,8,1,12,6,2,0,0.0121,0.0108,3,1,2,4,1,0,103,112,104,0,1,0,0,1,0,0
44,23,20,0,0,0,0,0,0,0,0.0134,0.0108,0,0,0,0,2,0,76,83,78,0,0,0,0,0,0,0
44,23,21,0,0,0,0,0,0,0,0.0134,0.0108,0,0,0,0,2,4,76,82,78,0,0,0,0,0,0,0
44,23,22,0,0,0,0,0,0,0,0.0134,0.0108,0,0,0,0,0,0,0,11,0,0,0,0,0,0,0,0
44,23,23,0,0,0,0,0,0,0,0.0134,0.0108,0,0,0,0,0,0,0,0,0,0,0,0,0,0,0,0
44,24,0,0,0,0,0,0,0,0,0.0134,0.0108,0,0,0,0,0,0,0,1,0,0,0,0,0,0,0,0
44,24,1,0,0,0,0,0,0,0,0.0134,0.0108,0,0,0,0,0,0,0,0,0,0,0,0,0,0,0,0
44,24,2,0,0,0,0,0,0,0,0.0134,0.0108,0,0,0,0,0,0,0,0,0,0,0,0,0,0,0,0
44,24,3,0,0,0,0,0,0,0,0.0134,0.0108,0,0,0,0,0,0,0,0,0,0,0,0,0,0,0,0
44,24,4,0,0,0,0,0,0,1,0.0134,0.0121,0,0,1,0,1,2,41,35,42,0,0,1,0,0,0,0
44,24,5,0,0,0,0,0,0,1,0.0134,0.0134,0,0,1,0,11,5,215,178,226,0,0,0,0,0,0,1
44,24,6,17,35,1,0,4,2,0,0.0159,0.0133,0,9,2,9,25,7,195,202,220,1,1,0,0,0,0,0
44,24,7,40,20,0,0,5,1,3,0.0173,0.0159,0,0,4,0,31,1,153,160,184,0,1,0,3,0,0,0
44,24,8,20,39,0,0,5,0,1,0.0133,0.0186,3,0,1,3,7,0,157,159,164,0,1,0,0,0,0,0
44,24,9,24,25,0,0,5,0,1,0.0106,0.0199,2,0,1,2,6,1,188,175,194,0,0,0,0,0,1,0
44,24,10,44,28,0,0,5,0,0,0.0106,0.0199,0,0,0,0,1,5,165,172,166,0,0,0,0,0,0,0
44,24,11,30,46,0,0,6,0,0,0.0093,0.0199,1,0,0,1,5,8,203,195,208,0,0,0,0,0,0,0
44,24,12,29,29,0,0,6,1,1,0.0106,0.0212,0,0,2,0,12,5,258,252,270,0,0,0,0,0,2,0
44,24,13,39,30,0,0,6,2,1,0.012,0.0226,0,0,3,0,17,1,291,288,308,0,0,0,1,0,1,1
44,24,14,22,23,0,0,5,0,2,0.0133,0.0252,0,0,2,0,17,7,395,364,412,1,0,0,1,0,0,0
44,24,15,33,28,0,0,6,0,1,0.012,0.0252,1,0,1,1,17,3,289,309,306,0,0,1,0,0,0,0
44,24,16,26,34,0,0,5,0,1,0.012,0.0266,0,0,1,0,4,4,218,243,222,1,0,0,0,0,0,0
44,24,17,28,29,0,0,7,2,2,0.0133,0.0305,1,0,4,1,3,0,193,186,196,0,2,0,0,0,2,0
44,24,18,19,19,0,0,5,0,0,0.0093,0.0305,3,0,0,3,3,1,157,181,160,0,0,0,0,0,0,0
44,24,19,14,18,1,10,5,0,1,0.0093,0.0172,0,12,1,12,2,2,110,108,112,0,0,0,0,1,0,0
44,24,20,0,0,0,0,0,0,0,0.0093,0.0185,0,0,0,0,7,1,87,95,94,0,0,0,0,0,0,0
44,24,21,0,0,0,0,0,1,0,0.0106,0.0185,0,0,1,0,7,1,61,64,68,0,0,0,1,0,0,0
44,24,22,0,0,0,0,0,0,0,0.0106,0.0185,0,0,0,0,0,0,0,8,0,0,0,0,0,0,0,0
44,24,23,0,0,0,0,0,0,0,0.0106,0.0185,0,0,0,0,0,0,0,0,0,0,0,0,0,0,0,0
44,25,0,0,0,0,0,0,0,0,0.0106,0.0185,0,0,0,0,0,0,0,1,0,0,0,0,0,0,0,0
44,25,1,0,0,0,0,0,0,0,0.0106,0.0185,0,0,0,0,0,0,0,0,0,0,0,0,0,0,0,0
44,25,2,0,0,0,0,0,0,0,0.0106,0.0185,0,0,0,0,0,0,0,0,0,0,0,0,0,0,0,0
44,25,3,0,0,0,0,0,0,0,0.0106,0.0185,0,0,0,0,0,0,0,0,0,0,0,0,0,0,0,0
44,25,4,0,0,0,0,0,0,1,0.0106,0.0199,0,0,1,0,0,0,28,24,28,0,0,0,0,1,0,0
44,25,5,0,0,0,0,0,2,1,0.0132,0.0212,0,0,3,0,14,4,190,156,204,0,1,1,0,0,0,1
44,25,6,28,20,1,0,4,1,0,0.0132,0.0212,0,0,1,0,33,13,163,172,196,0,0,0,0,0,1,0
44,25,7,28,48,0,0,5,0,1,0.0132,0.0225,1,0,1,1,20,0,136,139,156,0,0,1,0,0,0,0
44,25,8,22,16,0,0,4,0,2,0.0119,0.0238,1,0,2,1,4,0,158,165,162,1,0,0,0,0,0,1
44,25,9,26,32,0,0,5,0,0,0.0106,0.0238,1,0,0,1,3,0,161,150,164,0,0,0,0,0,0,0
44,25,10,36,22,0,0,5,0,2,0.0106,0.0265,0,0,2,0,3,0,203,198,206,2,0,0,0,0,0,0
44,25,11,36,38,0,0,6,0,2,0.0106,0.0305,0,0,2,0,10,1,212,204,222,0,1,0,0,1,0,0
44,25,12,19,22,0,0,5,1,4,0.0106,0.0358,0,0,5,0,11,0,233,223,244,0,1,1,1,1,1,0
44,25,13,28,30,0,0,7,0,3,0.0106,0.0397,1,0,3,1,4,2,286,285,290,0,0,0,2,0,0,1
44,25,14,16,23,0,0,7,0,2,0.0079,0.0424,2,0,2,2,7,1,309,304,316,2,0,0,0,0,0,0
44,25,15,16,12,0,0,8,1,1,0.0066,0.0424,2,0,2,2,0,9,228,246,228,1,0,0,0,1,0,0
44,25,16,10,14,0,0,8,1,2,0.004,0.045,2,0,3,2,2,0,184,193,186,1,0,1,0,1,0,0
44,25,17,9,9,0,0,7,1,0,0.004,0.0464,2,0,1,2,0,4,164,162,164,1,0,0,0,0,0,0
44,25,18,7,7,0,0,6,0,2,0.004,0.0477,0,0,2,0,4,3,102,116,106,1,1,0,0,0,0,0
44,25,19,8,8,1,19,11,0,0,0.0027,0.0245,1,0,0,1,0,3,108,111,108,0,0,0,0,0,0,0
44,25,20,0,0,0,0,0,1,0,0.0041,0.0245,0,0,1,0,0,1,80,82,80,0,1,0,0,0,0,0
44,25,21,0,0,0,0,0,0,0,0.0041,0.0245,0,0,0,0,5,0,87,88,92,0,0,0,0,0,0,0
44,25,22,0,0,0,0,0,0,0,0.0041,0.0245,0,0,0,0,0,2,0,13,0,0,0,0,0,0,0,0
44,25,23,0,0,0,0,0,0,0,0.0041,0.0245,0,0,0,0,0,0,0,0,0,0,0,0,0,0,0,0
44,26,0,0,0,0,0,0,0,0,0.0041,0.0245,0,0,0,0,0,0,0,0,0,0,0,0,0,0,0,0
44,26,1,0,0,0,0,0,0,0,0.0041,0.0245,0,0,0,0,0,0,0,0,0,0,0,0,0,0,0,0
44,26,2,0,0,0,0,0,0,0,0.0041,0.0245,0,0,0,0,0,0,0,0,0,0,0,0,0,0,0,0
44,26,3,0,0,0,0,0,0,0,0.0041,0.0245,0,0,0,0,0,0,0,0,0,0,0,0,0,0,0,0
44,26,4,0,0,0,0,0,0,0,0.0041,0.0245,0,0,0,0,1,0,13,12,14,0,0,0,0,0,0,0
44,26,5,0,0,0,0,0,0,0,0.0041,0.0245,0,0,0,0,0,1,24,21,24,0,0,0,0,0,0,0
44,26,6,20,10,1,0,3,0,0,0.004,0.0241,0,10,0,10,1,0,23,27,24,0,0,0,0,0,0,0
44,26,7,30,49,0,0,5,0,0,0.004,0.0241,0,0,0,0,1,0,69,60,70,0,0,0,0,0,0,0
44,26,8,40,25,0,0,5,0,0,0.004,0.0241,0,0,0,0,0,0,92,88,92,0,0,0,0,0,0,0
44,26,9,22,24,0,0,6,0,1,0.004,0.0241,0,0,1,0,1,0,159,144,160,0,1,0,0,0,0,0
44,26,10,25,32,0,0,6,1,0,0.004,0.0255,0,0,1,0,1,2,155,158,156,0,0,0,0,1,0,0
44,26,11,22,29,0,0,5,1,1,0.0067,0.0268,0,0,2,0,3,0,203,190,206,1,0,0,1,0,0,0
44,26,12,33,21,0,0,5,1,1,0.0067,0.0268,1,0,2,1,0,1,188,198,188,0,0,1,0,1,0,0
44,26,13,22,23,0,0,4,2,1,0.0067,0.0295,1,0,3,1,3,12,217,215,220,0,0,0,1,1,0,1
44,26,14,27,28,0,0,6,0,0,0.008,0.0295,0,0,0,0,2,4,200,185,202,0,0,0,0,0,0,0
44,26,15,22,25,0,0,9,1,0,0.008,0.0295,1,0,1,1,3,1,249,251,252,0,0,0,0,1,0,0
44,26,16,14,21,0,0,6,0,0,0.008,0.0295,0,0,0,0,0,0,192,201,192,0,0,0,0,0,0,0
44,26,17,24,24,0,0,8,2,1,0.0107,0.0308,0,0,3,0,0,4,160,168,160,0,2,0,1,0,0,0
44,26,18,12,6,0,0,3,2,0,0.0094,0.0308,3,0,2,3,1,3,95,105,96,1,1,0,0,0,0,0
44,26,19,18,23,1,14,10,0,0,0.008,0.012,1,19,0,20,0,2,80,87,80,0,0,0,0,0,0,0
44,26,20,0,0,0,0,0,1,1,0.0093,0.0133,0,0,2,0,0,5,90,86,90,1,1,0,0,0,0,0
44,26,21,0,0,0,0,0,0,0,0.0093,0.0133,0,0,0,0,0,2,96,96,96,0,0,0,0,0,0,0
44,26,22,0,0,0,0,0,0,0,0.0093,0.0133,0,0,0,0,0,0,0,16,0,0,0,0,0,0,0,0
44,26,23,0,0,0,0,0,0,0,0.0093,0.0133,0,0,0,0,0,0,0,0,0,0,0,0,0,0,0,0
44,27,0,0,0,0,0,0,0,0,0.0093,0.0133,0,0,0,0,0,0,0,0,0,0,0,0,0,0,0,0
44,27,1,0,0,0,0,0,0,0,0.0093,0.0133,0,0,0,0,0,0,0,0,0,0,0,0,0,0,0,0
44,27,2,0,0,0,0,0,0,0,0.0093,0.0133,0,0,0,0,0,0,0,0,0,0,0,0,0,0,0,0
44,27,3,0,0,0,0,0,0,0,0.0093,0.0133,0,0,0,0,0,0,0,0,0,0,0,0,0,0,0,0
44,27,4,0,0,0,0,0,0,0,0.0093,0.0133,0,0,0,0,0,1,10,8,10,0,0,0,0,0,0,0
44,27,5,0,0,0,0,0,0,0,0.0093,0.0133,0,0,0,0,0,2,8,9,8,0,0,0,0,0,0,0
44,27,6,15,16,1,0,5,0,1,0.008,0.0133,1,0,1,1,0,0,20,15,20,0,1,0,0,0,0,0
44,27,7,34,34,0,0,6,0,0,0.0067,0.0146,1,0,0,1,0,0,36,37,36,0,0,0,0,0,0,0
44,27,8,21,22,0,0,6,0,0,0.0067,0.0146,0,0,0,0,0,0,48,44,48,0,0,0,0,0,0,0
44,27,9,28,29,0,0,7,0,0,0.0053,0.0146,1,0,0,1,0,0,96,87,96,0,0,0,0,0,0,0
44,27,10,15,27,0,0,4,0,0,0.0053,0.0146,0,0,0,0,1,0,115,112,116,0,0,0,0,0,0,0
44,27,11,22,18,0,0,8,0,0,0.004,0.0146,1,0,0,1,0,0,98,101,98,0,0,0,0,0,0,0
44,27,12,27,24,0,0,6,0,2,0.0027,0.016,1,0,2,1,0,0,136,127,136,0,0,1,1,0,0,0
44,27,13,31,30,0,0,7,0,0,0.0027,0.0173,0,0,0,0,0,0,178,176,178,0,0,0,0,0,0,0
44,27,14,20,20,0,0,4,0,0,0.0027,0.0173,0,0,0,0,0,0,120,126,120,0,0,0,0,0,0,0
44,27,15,14,27,0,0,7,0,1,0.0027,0.0173,0,0,1,0,4,0,144,137,148,0,0,0,0,0,0,1
44,27,16,34,34,0,0,6,0,1,0.0027,0.0186,0,0,1,0,2,0,156,160,158,1,0,0,0,0,0,0
44,27,17,19,19,0,0,4,0,0,0.0013,0.02,1,0,0,1,1,0,95,112,96,0,0,0,0,0,0,0
44,27,18,34,21,0,0,5,1,0,0.0013,0.02,1,0,1,1,1,0,127,114,128,0,0,0,0,0,0,1
44,27,19,25,25,1,7,5,0,1,0.0013,0.012,0,7,1,7,3,0,91,98,94,0,0,0,0,0,0,1
44,27,20,0,0,0,0,0,1,0,0.0027,0.012,0,0,1,0,0,0,46,53,46,0,1,0,0,0,0,0
44,27,21,0,0,0,0,0,0,0,0.0027,0.012,0,0,0,0,0,0,36,37,36,0,0,0,0,0,0,0
44,27,22,0,0,0,0,0,0,0,0.0027,0.012,0,0,0,0,0,0,0,6,0,0,0,0,0,0,0,0
44,27,23,0,0,0,0,0,0,0,0.0027,0.012,0,0,0,0,0,0,0,0,0,0,0,0,0,0,0,0
