episode,service_level,rebalancing_imbalance,squared_starvation_penalty,squared_congestion_penalty,exponential_starvation_penalty,exponential_congestion_penalty,starvation_severity_max,congestion_severity_max,unmet_starvation_deficit,imbalance_hotspot_distance,starvation_count,congestion_count,hotspot_imbalance_mass,projected_starvation_risk,projected_congestion_risk
0,0.8945301881663597,-22.460954025497582,-10.325292231223727,-7.388779849387459,-9.433918795571879,-6.670768318492221,-36.64802437628825,-34.832458594632264,-12.192207022855786,-6.538357581044734,-6.474978352320319,-4.07150371075702,-5.998646118270703,-1.3430206519031922,-0.7053971206414512
1,0.9314249669590292,-40.378190574500934,-18.624498410568467,-12.644477953456779,-16.947422260215664,-11.313742110201414,-68.9776158449893,-62.74323437107177,-22.046762487657347,-9.873971113817666,-11.284171044051424,-6.378924821368144,-11.775990607446488,-2.1960941314473224,-1.2099715207151527
2,0.9395122246429436,-48.27366383581911,-22.20033510823555,-14.412187352171534,-20.066871356611497,-12.740148841726981,-84.58430994179619,-74.23292028459238,-26.579343821811715,-9.186309999254618,-12.76742179005558,-6.455344802870484,-14.955135072671041,-2.4336223370977823,-1.3933972849015819
3,0.9296093773602006,-52.88780953676394,-24.25059937307982,-15.157585461682759,-21.77270555292116,-13.256731088255053,-93.80883657226526,-79.85715100227053,-29.38822330269037,-7.770889846416658,-13.197181965255863,-6.061829606980687,-17.053581815572407,-2.5148784606970627,-1.4612773469169238
4,0.9403511920787341,-56.11106806147776,-25.64820278395465,-15.574321194056186,-22.901664201122532,-13.495182121750563,-100.02988437591824,-83.00895980359691,-31.3835655352069,-6.885806443054528,-13.288414606173049,-5.560995365153831,-18.61971391648283,-2.540303569259652,-1.502519756026674
5,0.9366312099601112,-58.236548369652176,-26.472425601421765,-15.611765428718531,-23.48731252284005,-13.411840772054385,-104.2152261786657,-84.46215394554528,-32.795352443110666,-6.052016287673396,-12.931441808829847,-4.975334989064562,-20.009156319331016,-2.52738543698223,-1.539247596391841
6,0.937263680087117,-59.61257326176227,-26.959725936727295,-15.470531172404995,-23.785461792631207,-13.17323132372494,-106.48813773009321,-84.30387922645266,-33.79178154314427,-5.055457194596746,-12.444958738603331,-4.3452370020582665,-21.01037963871183,-2.49379704740909,-1.5398596302779208
7,0.9366500829187396,-60.509122176412596,-27.24320780532004,-15.220150648602162,-23.89257140883179,-12.838657422180837,-107.53915580856736,-83.16941208015402,-34.49833873400694,-4.317876300306443,-11.780746653365172,-3.6593922212246452,-21.714730908848008,-2.434196607056369,-1.5410777481244569
8,0.937547186905445,-61.199200570328976,-27.47581372586418,-14.877278447705283,-23.952341233779073,-12.42790284225296,-108.06880091583012,-81.418654030283,-35.115805613149966,-3.7531760326757464,-11.131704111091915,-2.996985204876373,-22.350708146645946,-2.410770491381585,-1.539420290785096
9,0.9402573807721423,-62.121779893635974,-27.8462436178392,-14.695497691733069,-24.154665241448576,-12.165685007409666,-108.40916746372497,-80.17042541044103,-35.84568627922452,-3.5877007733530206,-10.639251740096336,-2.4711678839160744,-22.842887031060073,-2.397387151626058,-1.5475111163337147
10,0.9368672539943258,-63.28279660392888,-28.279419907158236,-14.499625808803264,-24.40984629422716,-11.8752461986944,-109.49798255373956,-79.04508112158368,-36.71736907264378,-3.8145224202234136,-10.128501179163864,-1.8164825339097606,-23.598206796329542,-2.375236737391133,-1.5580372431727476
11,0.9387381987112243,-63.807631408491154,-28.44285131020128,-14.182879523958754,-24.42266635931736,-11.49527028931919,-108.91038449996681,-76.82172805487777,-37.21377594697459,-3.5191288847563276,-9.487381958677652,-1.2023106436916657,-23.972247312110007,-2.3377460002799326,-1.5557634733745904
12,0.9433277413451273,-65.87807407253266,-29.29734081038025,-14.2695860968947,-25.057941984133645,-11.4625675707489,-111.79135762344241,-77.44255529447963,-38.586000282810566,-4.159983554060631,-9.164549375032427,-0.7698269193052455,-24.999287835276053,-2.3498242489110055,-1.5862342687847795
13,0.9358179913186648,-67.78844588605615,-29.977378375074345,-14.348495220675618,-25.511781856946858,-11.435864009304364,-114.19725867002713,-78.01370618015329,-39.84464798817053,-4.644108802030295,-8.65285191491825,-0.37736420213378885,-26.02435727559407,-2.3341201419804403,-1.6122262886935796
14,0.9464194025793591,-68.10752517769917,-30.112411178983496,-13.935556594968288,-25.503004029671654,-10.97002216290952,-113.5461831464358,-75.43127676591646,-40.25942092485218,-4.018595725523061,-7.94786169953752,-0.0035133072514761687,-26.318516447960242,-2.319415108585231,-1.6311933673025558
15,0.9363275613275613,-69.5939659421391,-30.576252953397592,-13.934431270027472,-25.762744339822728,-10.868061027700325,-114.79953262597704,-75.16409663256464,-41.29402624794448,-4.15324424948407,-7.351525179624312,0.0,-27.09001766201122,-2.292262177435705,-1.6662518801006292
16,0.9422187043351193,-70.57066724493748,-30.905399159806286,-13.809175149601076,-25.927039499208586,-10.672046816637595,-115.0312771265948,-74.08747073554427,-42.02562953662606,-4.198712947340702,-6.807623222629037,0.0,-27.623514636632933,-2.2713907007445746,-1.6996125689775663
17,0.9344615845439569,-71.37573764923923,-31.21046596709568,-13.626300791582073,-26.075100210077625,-10.42238347120539,-115.0030579732401,-72.72291188602823,-42.68128458681391,-4.242155660321097,-6.258590318203378,0.0,-28.08342206951468,-2.2700760950886743,-1.7347943692986656
18,0.9376123696512046,-72.42005851538225,-31.583260181628113,-13.527549633351184,-26.276642795734272,-10.248056821739569,-115.38266143126972,-71.81136651690476,-43.49135942514681,-4.3790949758030635,-5.743890151639399,-0.0017070465884716473,-28.588018045649097,-2.256463660949426,-1.7742527366628111
19,0.9365853658536585,-72.94008001590537,-31.731423432529912,-13.302207926638404,-26.281027855276506,-9.973108675699415,-114.84741370312469,-70.10024550379349,-43.99639223846322,-4.436990631878781,-5.110541306296612,0.0,-28.964467787274277,-2.225738968341132,-1.8106471242186755
20,0.9377590886045749,-74.66110538608908,-32.35394787993823,-13.38242060760686,-26.686333337514565,-9.961885720122906,-116.96338079102577,-70.54968320132384,-45.14275082105381,-5.125951801206337,-4.5932117437431845,0.0,-29.869521116223794,-2.196524201870309,-1.8454760490873143
21,0.9399676472350369,-74.50541141527377,-32.263177920055774,-12.957642531027938,-26.483990753501796,-9.515673362918903,-115.11194362274993,-67.54099750765829,-45.2769009503523,-4.78165059588729,-3.8830469477768945,0.0,-29.894911912089988,-2.1563061741941594,-1.8686532574214287
22,0.9442698512465955,-75.08002313789996,-32.46613835878867,-12.750473077142436,-26.548983642464954,-9.255191656640676,-114.6217561952135,-66.05768870857807,-45.80596649132767,-4.635193240551561,-3.350429665934719,0.0,-30.2032750514066,-2.176225224642156,-1.914481212201591
23,0.9333753488790852,-77.71771851284905,-33.47884417972467,-13.093324055516034,-27.311377801899948,-9.465351853046167,-118.38801901925436,-68.05100363560257,-47.44162066967408,-5.755959550916914,-3.0923427253523106,0.0,-31.37513411528968,-2.1825493285499005,-1.9638879344188966
24,0.935198512654432,-78.46514479599522,-33.75164203776284,-12.93153772983576,-27.43181239185566,-9.25131717504646,-118.57792388105699,-66.98900681020875,-48.0561048252528,-5.554648629373543,-2.5611919777444556,0.0,-31.811873957222424,-2.172540798780385,-2.0086346887408584
25,0.9447015687924506,-79.03007463195637,-33.913561519098295,-12.766954377454946,-27.45899643795238,-9.040761389076373,-118.13806238504415,-65.81155199929682,-48.57863892588782,-5.367913281412101,-2.017675544796902,0.0,-32.13136566067773,-2.149346515437683,-2.0583160864714642
26,0.9369082301529498,-80.87773678459915,-34.519611934958704,-12.84078271004428,-27.845929120338162,-9.025780960931074,-120.74771574139696,-66.772430040897,-49.78761507755521,-6.006047546015296,-1.4992528422597253,0.0,-33.194911054744416,-2.1203049556629288,-2.1003192953824907
27,0.9418408020292306,-81.81939921293468,-34.88510782745725,-12.804857266662246,-28.056502030346152,-8.935930796819811,-121.29113276340077,-66.4099105055004,-50.489795542537664,-5.862987133116455,-1.0397811018229282,-0.007208721742439894,-33.70490967464793,-2.1065579580963414,-2.144374454003442
28,0.9392673327278231,-83.27731232633131,-35.35728406522606,-12.888143099258798,-28.341708431725348,-8.936047755979136,-123.11130604570575,-67.13900582380259,-51.4628969084237,-6.256541090160756,-0.5448972968569888,-0.008700890242236919,-34.52127944168841,-2.0852156086719282,-2.18548165336262
29,0.9339138733150424,-84.09850266831789,-35.5407233804461,-12.71281107082992,-28.356742495053066,-8.712076734464107,-123.29701530090456,-66.31482350087568,-52.10572616572947,-6.240446396394658,0.0,0.0,-35.12154760013739,-2.0550394040154334,-2.2148779288502047
30,0.9404700530705079,-84.288528185804,-35.569385124028926,-12.433180249962026,-28.265101131868587,-8.404414389181442,-122.51152756563967,-64.63751383974126,-52.39364570326583,-5.860013945076388,0.0,0.0,-35.41816604091583,-1.996334564280754,-2.2496810340659517
31,0.9415902792581539,-84.13906648326348,-35.4001762187069,-12.03907568495326,-27.994678842455542,-7.995055450472381,-120.65152469310097,-62.33492304120974,-52.518136184656974,-5.781703378856995,0.0,-9.554045854420423e-06,-35.56011051041109,-1.9379664600561302,-2.2770093170768475
32,0.944196826528793,-85.44450835423274,-35.87614725231899,-12.105488845600947,-28.29422448712515,-7.993881272385284,-121.78899746842515,-62.79819077766326,-53.40788388111243,-5.835904044317698,-0.012485595605122817,-0.009381498744821847,-36.248455377942356,-1.925764520889086,-2.3293972955942093
33,0.9365708922462079,-86.43506883392172,-36.16076496158894,-12.04940909132339,-28.4219269793935,-7.887498101612644,-122.3128506059332,-62.65440340732929,-54.132301802682065,-5.66718454880874,0.0,0.0,-36.922974414828275,-1.91056210591043,-2.3695895269028293
34,0.9440705711167697,-86.40512416165457,-36.04603260464181,-11.734146122185019,-28.204485850223758,-7.55878867166975,-120.74354483734606,-60.741060527024715,-54.30052643842954,-5.496383175336977,0.0,0.0,-37.11382204101352,-1.8850575962487606,-2.4035682085316754
35,0.9372252295361426,-86.73049097376818,-36.04266058623727,-11.550611957190437,-28.081616868686197,-7.3502547551027835,-119.69770650327948,-59.60080405266046,-54.6641688237729,-5.315239014883344,-0.0003573107467061116,-0.00033494477146391423,-37.4302806955627,-1.8323919925350802,-2.4401159686828686
36,0.9411306276602123,-87.21359510339795,-36.14497203947633,-11.411291259148237,-28.05558684794496,-7.182311023888927,-119.21723615223604,-58.886587783744815,-55.074368978747614,-5.220813232187957,-0.00018978834309943757,-0.018474581200315525,-37.818375412214124,-1.8028761015428618,-2.484610323423655
37,0.9392046825971518,-87.90542183725235,-36.34354524484545,-11.299468449671169,-28.119328932327416,-7.039979733569083,-119.26190398938732,-58.425515514639294,-55.64135764791444,-5.28652413768699,-0.004864427889203784,-0.00031122614308217074,-38.3133303952554,-1.7831365744164476,-2.533916075804831
38,0.9388722780948929,-88.59390768970651,-36.52821802772927,-11.172729216942546,-28.174020223350933,-6.871044122277963,-119.1188038223918,-57.88578044787762,-56.196015567278245,-5.347177094728936,0.0,0.0,-38.76249456471837,-1.7546663853120774,-2.572912330656909
39,0.9404169027525124,-89.5574759737076,-36.8503663182532,-11.16956247352808,-28.351898214789106,-6.817812402948718,-119.66499685324995,-58.0440709583174,-56.913762170596016,-5.334049768670893,0.0,0.0,-39.31808829342983,-1.744761044679991,-2.6286480632369624
40,0.9414029599326195,-90.32248156101566,-37.064098036591155,-11.127476281939105,-28.43986929379795,-6.736302404500052,-119.89741778374126,-58.0295048310078,-57.5255811812667,-5.337051701163626,-0.002082305546422997,-0.008170217385795472,-39.80641481181761,-1.7347611897246187,-2.680039485636963
41,0.9392118959107807,-91.09471391724855,-37.27492003599609,-11.093524579873419,-28.520783060521865,-6.664127161588475,-120.0041015702484,-58.11923560986008,-58.137537874746,-5.282045221767923,0.0,-0.0007570621956721834,-40.327966751754026,-1.7411673533999565,-2.733368284891379
42,0.9365508946023154,-91.31877384632999,-37.273298482636086,-10.879175534150246,-28.422322454209894,-6.426294115357567,-119.0157240469987,-57.04531895310618,-58.446083562546136,-5.1891545842355535,0.0,-0.007843558638379636,-40.589239298616945,-1.7189066374552597,-2.7715578693789524
43,0.9398502994011976,-91.5994392404817,-37.298006800033406,-10.651157508313709,-28.34143784787699,-6.182728175531708,-118.27926210057257,-56.12692302180945,-58.769269088895086,-5.438407277603329,-0.0005965662426035411,-9.020039752014085e-05,-40.959198294024155,-1.709670572132112,-2.8116939818716284
44,0.9416019127316199,-91.80999749343175,-37.32616100407212,-10.440935870988326,-28.274905879603548,-5.9615018529743224,-117.41324435716193,-55.112524699433415,-59.04634405160008,-5.286684207963345,0.0,0.0,-41.22041895505761,-1.6880562338454597,-2.856660917502412
45,0.944568362671811,-92.68243956259776,-37.61222365308859,-10.45502615438282,-28.429275095999472,-5.943700540476093,-117.82833045154877,-55.48482719292398,-59.67198095264865,-5.30766479634954,0.0,-0.0023399213389482146,-41.74199672608681,-1.6796118283925199,-2.910356258578437
46,0.9412581083119625,-93.6796498418446,-37.8917867329127,-10.47805131888567,-28.57058977489044,-5.924813715335061,-118.49599533886914,-55.99704779027135,-60.350072228410745,-5.471372455769638,0.0,-0.006630454400370122,-42.362494502422344,-1.650551136311658,-2.9597244545594603
47,0.9354565782317036,-94.07020960705923,-37.89387407421016,-10.359075098342464,-28.464255993413815,-5.782838214448276,-117.8893304800214,-55.59868690685892,-60.711996692555054,-5.554590333540048,0.0,0.0,-42.767243381451145,-1.6300056275729127,-3.006243887531825
48,0.9484236348768891,-94.4672927657059,-38.000484499974476,-10.230007689229623,-28.464109605269332,-5.635990385013365,-117.27178103923937,-54.95853330950254,-61.08078950747148,-5.3556039630356835,0.0,0.0,-43.01771035275672,-1.6006810904720177,-3.046739573258995
49,0.9337051362777727,-94.65512300290686,-37.97858865090368,-10.030790643244345,-28.35197932394219,-5.4236735948130885,-116.35744899714011,-53.946089741226196,-61.32939202776845,-5.0745535157788,-0.006881527763941813,-0.006894899651710727,-43.28399654599382,-1.5681443738730745,-3.0859160838741184
50,0.9419847328244275,-94.02693569175638,-37.676134275527374,-9.657764899524246,-28.01058878206347,-5.067669585107535,-113.71431204666868,-51.563931642002196,-61.14060312444852,-4.415642735683414,0.0,0.0,-43.127357165541675,-1.5516694136527036,-3.1230868817434483
51,0.9435971482718166,-94.58528943963003,-37.77599998301748,-9.64810819110486,-28.01270714649432,-5.036554567961651,-113.48892730408862,-51.8016160170932,-61.602678439467,-4.3072010566111345,-0.0014686441798407379,-0.018316630362966962,-43.53054028854413,-1.551117989059553,-3.1779724871887325
52,0.9410604267200826,-96.39945536197408,-38.388485028492454,-9.931804140692375,-28.45168401661697,-5.2481335860481275,-115.83012381708176,-54.08555233121863,-62.75566383119247,-4.826586701607543,-0.0008575401746704594,-0.039824375564239754,-44.463565934536454,-1.5566499543227492,-3.2410945934189908
53,0.9403326904532304,-97.30345660880668,-38.67177045843114,-9.961278298208903,-28.60701487201495,-5.235609120548935,-116.29886022668063,-54.60495438399449,-63.413477174627005,-5.13307003597098,0.0,0.0,-44.99597064695432,-1.543450920491338,-3.290048518161318
54,0.9336416046120586,-98.04110417209449,-38.86464346907566,-9.92390623849486,-28.684425526094785,-5.161003381835328,-116.46881613605251,-54.76417723907915,-63.967360853392094,-5.232274163437255,-0.0012100013481599068,-0.0016813549234754982,-45.47422028903159,-1.5288746499389463,-3.3298229415107232
55,0.9383126610342142,-98.43013059618066,-38.9005413099196,-9.825701575718197,-28.626272230860096,-5.0420430562955305,-115.9280279413746,-54.45040216983176,-64.33182665125598,-5.276603324559429,0.0,0.0,-45.808824132879074,-1.517536195853744,-3.368778294594523
56,0.9365552414894924,-98.27742262601105,-38.77208268008137,-9.550711386188866,-28.437386480369437,-4.7649653338548985,-114.52993920856288,-52.809826183745365,-64.38722068691925,-4.786602635051196,0.0,-0.006447016574883339,-45.92618546991945,-1.4842124087610582,-3.3991466255405878
57,0.9381208420668915,-99.37848164784579,-39.1585391323668,-9.595513222160994,-28.696309482108948,-4.756005920667891,-115.75313854052044,-53.65400724682229,-65.15806849185505,-4.984661611511655,0.0,-0.003405353084349376,-46.65105799066352,-1.5113169657705339,-3.445862055164366
58,0.9410149253731344,-99.76108990977144,-39.20774292491859,-9.462811460727142,-28.647625169736845,-4.601299777599541,-115.40301974011666,-53.388372365826655,-65.51827866817932,-5.010799648577387,0.0,-0.00024154866113842345,-47.01232667684419,-1.4738426813061078,-3.4761571703295697
59,0.9418360196215837,-100.5682224573291,-39.42642515332302,-9.460388986478764,-28.75356520650757,-4.558131385357606,-115.87080727813454,-53.72945401624825,-66.09440630135364,-5.158686991872942,0.0,0.0,-47.5428683053666,-1.4646295559344393,-3.5094237494110425
60,0.9406540654065406,-101.05422654338503,-39.512225327170796,-9.400655385427468,-28.74315026287799,-4.471564819504301,-115.72627528425811,-53.612433348140314,-66.49596645970355,-5.399688217418159,0.0,-0.0003835149731919682,-47.93677662811941,-1.4459314674560368,-3.5419329974768567
61,0.9423425054308472,-101.03186845359909,-39.36697683705394,-9.173934432603286,-28.534897702414373,-4.236464310045144,-114.55213337357681,-52.600213633470645,-66.62998366369706,-5.2058720485389856,0.0,0.0,-48.16557865384852,-1.4283697215367699,-3.571250567291339
62,0.945547706394203,-101.16890731891242,-39.31178851087264,-9.00591734669695,-28.405452594479808,-4.061041126709371,-113.71399771169364,-51.890299607444575,-66.8352514805254,-4.903098942085379,0.0,-0.00020960219350950004,-48.45358339346729,-1.4054600662841374,-3.6118136785751855
63,0.9383592416209902,-101.58677643732264,-39.38167800851525,-8.902477455773605,-28.38923237753863,-3.9364195985663377,-113.64787610901273,-51.738309967633356,-67.19711771122184,-4.981963918947861,0.0,0.0,-48.84881914133945,-1.3939180414088226,-3.6445131623354126
64,0.9438837548638133,-102.13386497678314,-39.50165631123384,-8.85669995584146,-28.412365305422828,-3.8589789350602266,-113.5183047048048,-51.62391233787475,-67.62851568082604,-5.0835649179948375,0.0,0.0,-49.22512182982562,-1.3935835725068055,-3.6819592694594387
65,0.9404458211856171,-102.26422318273424,-39.477515650806914,-8.69836516030372,-28.318099456323147,-3.6888445549162467,-112.65260885709326,-50.84360694387749,-67.82526222921062,-5.073290381998507,0.0,0.0,-49.439646470010494,-1.3896535610211769,-3.7133883766138323
66,0.9433165404687924,-102.88535525967832,-39.63731008079081,-8.665651443247778,-28.377245484957857,-3.628774915179626,-112.86313262885582,-51.07315672994866,-68.29096899171282,-5.111605584166035,-0.0036262336044187637,-0.001502932253770703,-49.875991330351255,-1.3967933838870195,-3.751064677117248
67,0.9432392363317298,-102.97073921320643,-39.58617462447804,-8.498008869583728,-28.25759680023283,-3.452908125367705,-111.97612134392628,-50.25123701244061,-68.45297586623833,-4.881783400671491,0.0,0.0,-50.06968518811875,-1.3816309032049867,-3.7798168587574787
68,0.9476895468820099,-103.63983101771984,-39.80163997170582,-8.489195885424524,-28.383853349913217,-3.4158555361587055,-112.39037396109408,-50.46900288615572,-68.94035552670402,-4.890314083590845,0.0,-0.0021668254925198724,-50.52202734600998,-1.3923737506879357,-3.8170522885752254
69,0.9390869067004403,-104.01799314322405,-39.8629740375672,-8.442632242150637,-28.365946042461097,-3.347799010655866,-112.00912738030087,-50.26836817502361,-69.25805532842266,-4.805510354505301,0.0,-0.0016069039582982982,-50.801332120501435,-1.3866065685507667,-3.8473870741663014
70,0.9340340160498264,-104.3987674104687,-39.97161751555247,-8.349895682385043,-28.397231937203284,-3.2368656029206107,-111.84408158723026,-49.913597424516276,-69.59612008941963,-4.8126328653885855,0.0,0.0,-51.081884494357915,-1.389815670301078,-3.8827050241104395
71,0.9414185427257322,-104.70545424338682,-40.03914538498561,-8.260649614502215,-28.392011433261157,-3.137211643834954,-111.44503035995322,-49.598147456167766,-69.88820439997964,-4.967789733403238,0.0,0.0,-51.34403786749517,-1.3993786596609668,-3.9229918382091356
72,0.9416587169091343,-105.32524779495994,-40.19767600668927,-8.258668033290357,-28.457744464824135,-3.106528548860613,-111.661293156566,-49.88743625933653,-70.3467993153768,-5.411103871922318,0.0,-0.014220903843002482,-51.760619510203554,-1.3963791322124435,-3.952133113040944
73,0.9392454971773351,-106.06200020763161,-40.46886423023439,-8.305817204694181,-28.635919396742622,-3.1254830142084353,-112.08270429414965,-50.34808377344636,-70.85914047625415,-5.653307169757959,0.0,-0.0060394381017716365,-52.12688779295937,-1.4075584138399495,-3.9994837794867673
74,0.9353290883302653,-106.02427179819435,-40.39903938803213,-8.138385922011345,-28.51859218540916,-2.958192116122173,-111.05230723749612,-49.43312178692376,-70.95585042343421,-5.507076358566353,0.0,0.0,-52.252913365293665,-1.413380828074424,-4.035815304567325
75,0.941563293976984,-106.15852383782743,-40.41495853659759,-7.993481875803612,-28.478410324519672,-2.8055765999423707,-110.38331104274567,-48.659059296421844,-71.1368367443775,-5.526595135555623,0.0,0.0,-52.41902374083207,-1.4215211499205702,-4.0688747446330344
76,0.94164544682915,-106.62821515421491,-40.53972047606011,-7.930335146131415,-28.52021314176356,-2.723279396439714,-110.35645410824014,-48.64468604271487,-71.50665024305229,-5.7615544660985725,0.0,0.0,-52.777372732003236,-1.4319056443072309,-4.1055106170498785
77,0.939018150076754,-107.07022288533433,-40.63366713958641,-7.897615434892575,-28.541115178927534,-2.668897046918758,-110.16375499259132,-48.66212222652889,-71.85641550442318,-5.622970131560695,-2.923865770138899e-05,-0.0024306667075208012,-53.07367174073374,-1.4264137616646904,-4.141825915588413
78,0.943817541345752,-107.60636759449574,-40.79275999241723,-7.891567251515495,-28.62764944465471,-2.641936331437843,-110.41246997215477,-48.84257988145535,-72.25863197761137,-5.506112556049994,0.0,0.0,-53.43257831707824,-1.4366484588563777,-4.180483394979325
79,0.9350746941597283,-108.45476299793725,-41.05751181955523,-7.96627134693666,-28.796468422143835,-2.6814644522042492,-111.31149574352656,-49.62472035236446,-72.82564570217247,-5.6332882336346435,0.0,-0.001246148892721141,-53.9494663393148,-1.4420128622115098,-4.221738519563337
80,0.9397056215641071,-108.5926496407528,-41.078114058213316,-7.826387989425981,-28.759551987907184,-2.5349988415847418,-110.71317677342888,-49.02269558365483,-73.02407930355233,-5.52790898922757,-0.003567128912478937,-0.010826569625093067,-54.14206573232107,-1.4522383799917704,-4.249184280438029
81,0.9449510608547632,-108.87729270524547,-41.149472750897296,-7.743771302692219,-28.764912571869047,-2.441339596062695,-110.40029096699013,-48.83914215683415,-73.29605561996405,-5.511760917121928,0.0,0.0,-54.389193919698094,-1.457767478246004,-4.284885094429147
82,0.9389255702280912,-109.17396389825234,-41.23076380773905,-7.659831694959467,-28.77914425636903,-2.3406378644405264,-110.04763747398208,-48.577033547950585,-73.54677495816537,-5.340684525086,0.0,0.0,-54.61647785726504,-1.4685882259443463,-4.319780976432554
83,0.9451079744239353,-109.16953630128735,-41.17930685134134,-7.492369878803939,-28.681343899859918,-2.1727399876860223,-109.26143216392285,-47.83969027103879,-73.63882880004157,-5.285551381854927,-0.0017728795111264103,0.0,-54.79365337100467,-1.47100314567348,-4.350499715762223
84,0.9406759056649647,-110.2595871655202,-41.51981486168698,-7.591875904787445,-28.920507025014462,-2.229695632333664,-110.72230890426356,-49.07104682248594,-74.3415229789971,-5.7057922929237765,-0.0022254767173598977,-5.209843886094533e-05,-55.482348199946344,-1.4897666761759787,-4.387014321392514
85,0.9368945224083296,-110.69647571747363,-41.60245540056397,-7.55337185274281,-28.935707728355883,-2.172660818846239,-110.82392691873831,-49.2736758354484,-74.67220703714308,-5.593092713764334,0.0,0.0,-55.87309082485427,-1.4859193848792522,-4.4142696018156595
86,0.9371640799565191,-110.83650791230997,-41.597265385342844,-7.391855793170079,-28.87743549144207,-2.001915617507703,-110.50822866909604,-48.75105521465035,-74.8562813950788,-5.497807565252303,0.0,0.0,-56.15722366604456,-1.4736859690988,-4.438844943395662
87,0.9425602409638554,-111.55972431868175,-41.78423058323961,-7.414303035934597,-28.979293909062633,-1.9945630239559196,-111.25097226147861,-49.32364817478362,-75.34824376460448,-5.612999852677007,-0.003697357177480335,-0.000969335650847185,-56.66171243360011,-1.4732274066626756,-4.467550043984783
88,0.9357581906069106,-111.5694808481927,-41.68105310661766,-7.244405223503111,-28.832860205835114,-1.820472981707387,-110.49812145684933,-48.68903006625849,-75.44848604520935,-5.67326430464472,0.0,0.0,-56.85800533258603,-1.4662175661323673,-4.490999490202475
89,0.9436168939937785,-111.89465667384748,-41.72434578068598,-7.162885444037939,-28.80997679008636,-1.7202875578105716,-110.33019522525105,-48.627059098979245,-75.7120984298479,-5.697541195523034,0.0,0.0,-57.19154378218882,-1.4692803064336049,-4.517794896564219
90,0.9409558378705384,-112.1610949122461,-41.76957488383095,-7.0776064049994805,-28.80184188498844,-1.6233271325038439,-110.14702215175946,-48.54172548182038,-75.9518110534328,-5.631514448815968,0.0,0.0,-57.490469138703794,-1.4689487722553536,-4.546213655567569
91,0.943587285418976,-112.64993228422354,-41.883329277600325,-7.041869170166388,-28.84962545270105,-1.5624015895079721,-110.44738380704547,-48.71294317481037,-76.30808723731967,-5.609749500316869,-0.001152680967614449,-0.0008408392553540941,-57.87895668831572,-1.4687632534907615,-4.5643835477489985
92,0.9317942071792399,-112.82001004421923,-41.880041323578034,-6.933011985314752,-28.797147880035883,-1.4447552608514902,-109.98875920588955,-48.22993668871696,-76.48691065113701,-5.477494629327131,0.0,0.0,-58.08286045778361,-1.4691386252517649,-4.5879470188605485
93,0.943625480210846,-113.24962560537506,-41.9547491922884,-6.903577972340123,-28.80600572752752,-1.395291306399995,-110.03073862548622,-48.444899858539046,-76.81246233437946,-5.455715808573745,0.0,-0.0004323655954260375,-58.43109463972146,-1.4672457841529223,-4.618254479680864
94,0.9382723401721109,-113.72246665956787,-42.090895937933816,-6.87334228989735,-28.87562140506297,-1.3462836751215366,-110.38117553878905,-48.71179467151407,-77.17369299786228,-5.373564877185761,0.0,0.0,-58.80927654575347,-1.4796259945954535,-4.6502922665053905
95,0.9456499029995523,-113.93338073707001,-42.11241585897367,-6.7780729837071005,-28.84642984634955,-1.240601057280226,-110.02114336569876,-48.39240667492722,-77.37231344919851,-5.393846115554093,0.0,0.0,-59.01979256916616,-1.4798892894715492,-4.676647299203743
96,0.9402410494832538,-114.75199932469017,-42.34270546739293,-6.847938426689445,-28.9912205513297,-1.2717200934878892,-110.89293192153008,-49.22521778320886,-77.91366952468346,-5.588475534198485,0.0,0.0,-59.53553536940617,-1.485621916902726,-4.7048792667375
97,0.9379245795718728,-114.60872993304882,-42.21911927592351,-6.6541864263479376,-28.837410691721374,-1.0790382600332582,-109.88106338252976,-48.2877254273244,-77.93294133696004,-5.463240218588737,-0.0006622510433382765,-0.0008369130374899782,-59.64731866517417,-1.4817071780333977,-4.723845069638068
98,0.9432098765432099,-114.80495628918206,-42.209419476220546,-6.570932478583109,-28.77891364830116,-0.9855245032103569,-109.62577252104948,-48.09187003777588,-78.12815543762555,-5.272970301117767,0.0,-2.6804046815148044e-05,-59.91746559772634,-1.4801895757619612,-4.7498264993309505
99,0.9413694381486342,-114.66080533621906,-42.09173330227879,-6.3731748508309,-28.630684736151697,-0.7936964557046395,-108.62029485561378,-47.17331242345819,-78.13262580122407,-5.097530322917625,0.0,0.0,-60.02833153815172,-1.4807654451658223,-4.7719772502701305
100,0.9457203777033202,-114.86980702989204,-42.10446216320317,-6.274790108140434,-28.595881954924987,-0.6829790517071661,-108.36971498997194,-46.92471505584835,-78.33553343604417,-5.088281680062002,0.0,0.0,-60.2935687134801,-1.4829510914468604,-4.794132116721783
101,0.9358047016274864,-114.77516237132754,-42.011857373267475,-6.111870041325217,-28.473866247326388,-0.5210199068963309,-107.46896054332512,-46.1544096080439,-78.35965216022923,-5.016462955801359,0.0,0.0,-60.387829011293036,-1.478247068840192,-4.812442268793314
102,0.9417507810622446,-115.05835082716752,-42.065001887527785,-6.045069933525713,-28.47570709515618,-0.4435319180536078,-107.35425048716142,-46.07318606302026,-78.59511161878788,-5.133961715767208,0.0,-0.0003655346410930458,-60.66653801271346,-1.4889542046838316,-4.8398869035763115
103,0.9375245817323692,-115.58941364579023,-42.22518153583139,-6.037908196851243,-28.569077293295674,-0.4154743945776094,-107.76774107499345,-46.459009607211385,-78.97167108662403,-5.153889181983095,-0.007433028750171584,-0.0004053454617720152,-61.047605044952896,-1.5017818971657264,-4.8697451187291385
104,0.9359792461832062,-115.81300080502116,-42.25095246580512,-5.954755406654316,-28.54804790384388,-0.322314307068333,-107.5652355523611,-46.33572812438032,-79.18512226907721,-5.2113264559928565,-0.0001092669336065934,-0.001375953787078516,-61.294578437179425,-1.5060515698499375,-4.897295418837953
105,0.9369412901667069,-116.37785496919263,-42.40445748670306,-5.965226085218562,-28.63644836822485,-0.30553911825618146,-108.04705890177199,-46.79603199012087,-79.57643886709168,-5.314466134441263,0.0,-0.005684969176259146,-61.68737168625946,-1.51339008423496,-4.926240479596001
106,0.9379501220165466,-116.65164082975042,-42.44981583245897,-5.895194573341415,-28.631340269141308,-0.22253523111027917,-108.03778403787464,-46.76652268979254,-79.8171380046608,-5.394747816480295,-0.001707904525543207,-0.0037926999508420354,-61.987387944352925,-1.5158493548811063,-4.946818530319072
107,0.9342894863178108,-116.87087152272602,-42.47758220773367,-5.815132593932254,-28.610052310658613,-0.13089101708076956,-107.811765290369,-46.60194272489378,-80.02539743319994,-5.284717864746164,0.0,0.0,-62.21965012640421,-1.5335413661481054,-4.971076070937573
108,0.940170680596471,-117.35975237298635,-42.58913049081777,-5.824781761953029,-28.661131635274486,-0.11843926822351493,-108.05745828094842,-46.89152668997595,-80.36513291583077,-5.247777800526268,-0.0016405164264759735,-0.0028928801554046124,-62.547599599121256,-1.5430135207339437,-4.997093920728628
109,0.9413446042509198,-118.12282874036468,-42.83542759144867,-5.915614390096323,-28.834119288248168,-0.1725605593721948,-108.96570034444404,-47.65286232685915,-80.8518599074285,-5.507048272887364,-0.0036408216688887333,-0.0020363488620884903,-62.97685849899905,-1.5540239857588072,-5.030177704765291
110,0.9307881625547751,-118.29738090665711,-42.84994525546531,-5.839533144747391,-28.807509265527944,-0.08457648258528248,-108.66256972957488,-47.408382481946695,-81.02185819661089,-5.323122593081385,-0.0025279373056090646,-0.004956457639663053,-63.17163850615461,-1.5496476506464019,-5.051807037547422
111,0.9456489456489456,-118.06593451250062,-42.70387497533773,-5.639957382422341,-28.641268750728397,-0.002818682959602733,-107.63931620176983,-46.42305776207832,-80.96615994816165,-5.140186063422986,0.0,-0.0008751001421506576,-63.232542028841415,-1.546770946273696,-5.069498226805175
112,0.9425834473731184,-118.0243880741806,-42.61238645757954,-5.509737164750104,-28.51850187661302,0.0,-106.9362619090493,-45.8620979113082,-81.01275623774069,-5.1223092893932565,0.0,0.0,-63.35411021346465,-1.5417251990286978,-5.0904881788181795
113,0.9392705276396958,-117.85840403530226,-42.51230927973775,-5.335885819639672,-28.398756790073183,-0.001066483383493235,-105.99884635002212,-44.97448052853953,-80.99157055639748,-4.932506704216275,0.0,0.0,-63.405811929144065,-1.543975335585884,-5.111749854503683
114,0.9472927647340681,-118.00248392575952,-42.5411830744174,-5.251678564481474,-28.38798845418973,-0.002118545378645815,-105.75675809886393,-44.64462158354202,-81.14184265795589,-4.790631052000928,0.0,0.0,-63.58468441031501,-1.558640079279488,-5.135974579432042
115,0.9419211852571499,-117.95098948637745,-42.480702381516615,-5.13296540561687,-28.29716761404371,-0.011803514067041571,-105.06234498809017,-44.08509337674271,-81.18499992269915,-4.69357171384068,0.0,0.0,-63.653533362159195,-1.5628605904346635,-5.1606000774673
116,0.9440157361174156,-118.41945494982127,-42.610561832688,-5.144357920510533,-28.371268307703275,-0.021834537243355608,-105.42264204385003,-44.39928630853683,-81.51352615517553,-4.864849358768997,0.0,0.0,-63.95696453921166,-1.5713818971979694,-5.187206433932232
117,0.9436918507743128,-118.65370237909849,-42.648417656745494,-5.086582804147676,-28.363807458675417,-0.0042718209009785044,-105.32396764641143,-44.28286279287561,-81.70993140475815,-4.910192892165894,-0.0006266214963471281,-0.000559377161419202,-64.17658157221521,-1.5844652314139,-5.213330416258977
118,0.942495946189418,-118.83221990293082,-42.66490067438519,-5.024637976139161,-28.340538923058077,-0.0017646879028532655,-105.14138250821631,-44.09947664291484,-81.87541632945427,-4.882837412281829,0.0,0.0,-64.37629252187052,-1.5859323730467325,-5.237772699920629
119,0.9379140069854269,-119.35983040264236,-42.81688941106271,-5.04822172826329,-28.435539875160142,-0.014855862236824398,-105.66834576139772,-44.52324809454316,-82.2450139738513,-4.911516708026947,-0.005186847980386821,-0.0005875136313138947,-64.71882733921213,-1.6055601444560286,-5.263581084619354
120,0.9393616373271608,-119.53948045504832,-42.829470703618476,-4.990856733601688,-28.406984282092445,-0.012132073475224962,-105.41362765802738,-44.39446247071471,-82.41390205989171,-5.045807943353769,0.0,-0.0025796725899840966,-64.89868467974189,-1.6113218152881983,-5.281958539519725
121,0.9400341963849536,-120.00959944457381,-42.950995508414564,-5.008004803194564,-28.471536857720952,-0.02130242988115544,-105.84060260289137,-44.82947652480687,-82.7343881296664,-5.221702109824536,-0.00010728296834899301,-0.00047083020704247967,-65.22357035215862,-1.622197579873026,-5.305437589135656
122,0.942380362163306,-120.78819158361091,-43.189695928238024,-5.111475612169006,-28.639851527234025,-0.09325014810583375,-106.92640036058289,-45.89130605296086,-83.22449780959462,-5.543631224943279,0.0,0.0,-65.7006884466796,-1.633185076321533,-5.332508806599091
123,0.9411834354557026,-120.90763072709227,-43.18439681780925,-5.030328727173397,-28.597805410344176,-0.004250706755846485,-106.63814522851006,-45.63229629603043,-83.35470915334197,-5.4740770837883215,0.0,0.0,-65.88699574430215,-1.6407154641313535,-5.354332345557076
124,0.9343727555661958,-120.89993267451784,-43.11466513688967,-4.91266277146197,-28.503157621342176,-0.01514315948167076,-106.1418553413627,-45.159917246512386,-83.41560988377,-5.316731256653592,0.0,0.0,-66.03336242918911,-1.6473431008116401,-5.371935575163266
125,0.9444360879636593,-120.78325367220592,-43.01506499004603,-4.77026621093664,-28.379465762260836,0.0,-105.36947978263717,-44.40784052840626,-83.41192205495204,-5.115244667997001,0.0,0.0,-66.07233377749866,-1.6520082057639622,-5.386935045396918
126,0.9473748250897366,-120.7460369994317,-42.93078940620615,-4.646775506068204,-28.268117536295527,-0.0017403198825256037,-104.75728051768607,-43.80931896243072,-83.45129426332325,-5.063821024532504,0.0,-0.0004595169255455088,-66.19197774239852,-1.6564835738468149,-5.401934254470043
127,0.9397445529676934,-120.87641659868183,-42.91850615965254,-4.574853734246883,-28.219392012152575,-0.0009475695417852601,-104.47241470866966,-43.57465941577261,-83.58735177305697,-5.031169083236707,0.0,-5.3738440225372994e-05,-66.36807207004449,-1.6611283670272097,-5.419434692787845
128,0.9394247443640495,-120.71649081601636,-42.80366144678856,-4.421905165978889,-28.08918281755877,0.0,-103.66449530854113,-42.84872502412698,-83.56076213126426,-4.919428865201087,0.0,0.0,-66.4173230292663,-1.667101230264182,-5.43802081480826
129,0.9436657521173805,-120.4277402819503,-42.6348841222262,-4.257269648405369,-27.909647777655238,0.0,-102.5924343257883,-41.94455983594207,-83.45504970794066,-4.6543806115774995,0.0,0.0,-66.39895019230688,-1.6642810144785993,-5.451551898122807
130,0.9435171746492501,-120.54485166964005,-42.62391756674423,-4.197012308278731,-27.86699720877633,-0.006554477563848241,-102.32644252337593,-41.75578724598031,-83.5771479405642,-4.574806112004152,0.0,0.0,-66.5362581350425,-1.6668506467016635,-5.468613234997057
131,0.9453925943794476,-120.68220956534662,-42.62020002048497,-4.132668123480544,-27.83368755556017,-0.008284477628056043,-102.14386366287462,-41.61234836850192,-83.71104779204597,-4.617416901586178,0.0,-0.0023117496844225435,-66.7088003342712,-1.674000396710645,-5.485865859832579
132,0.9405220238275684,-121.20400500770803,-42.78400517627385,-4.188176601063042,-27.94415986431826,-0.041454864758331184,-102.71666423574892,-42.20274930878471,-84.06108631131178,-4.851816674440224,-0.001286839663975958,-0.00012980341480549895,-67.02960760931227,-1.6847354964932908,-5.508162682241419
133,0.9388333987145056,-121.03329617034831,-42.67150850624554,-4.046400023072165,-27.819563896053165,-0.0007818737701139283,-101.91469832672433,-41.44114113112421,-84.02797256323169,-4.665876571178501,-0.0007760468351158687,0.0,-67.05740322981298,-1.6862628904987236,-5.526314905278174
134,0.9393930342314356,-121.49197425070075,-42.79747506809927,-4.08107524517111,-27.895938729474487,-0.028468597542132767,-102.41460276637147,-41.897453202194406,-84.34273540197998,-4.888712223373039,0.0,-0.0003484469298981081,-67.36043985186609,-1.699172730024737,-5.546841523919925
135,0.9424198250728864,-121.87807074970571,-42.891605483979646,-4.086414324951208,-27.943078027014256,-0.03852421255104242,-102.80300920084325,-42.25239300788044,-84.61660640172461,-4.972243787113139,-0.0022941244281740477,-0.004210267539638823,-67.64972221442537,-1.7125307455524015,-5.569310236068352
136,0.9364813404417365,-122.08902179300051,-42.921789347917965,-4.04215236772934,-27.93618863604048,-0.004003380239907133,-102.8005245051412,-42.1662596678869,-84.79040703851783,-4.948373763624438,0.0,0.0,-67.83751255469647,-1.7227029592255918,-5.589943716868058
137,0.9418587045392606,-122.25946652474389,-42.93302069190425,-3.982596379960629,-27.91328231583963,0.0,-102.74729625438881,-42.102701027682215,-84.94956726999173,-4.914809564351226,0.0,0.0,-68.02414003808668,-1.7289829669978591,-5.608582921718942
138,0.9411764705882353,-122.38086829447835,-42.92925582824936,-3.931575682051506,-27.88185971672641,-0.0002682812487794017,-102.57459666536528,-41.9604725559742,-85.07059047256175,-4.814625061816409,0.0,0.0,-68.18295838988095,-1.7411895347936757,-5.628570386399961
139,0.9409903590723219,-122.42931233079635,-42.90330002675244,-3.8482654450804366,-27.827305008505455,-0.005839730422822832,-102.2892098689171,-41.74325674170277,-85.15523594524434,-4.668248654367467,0.0,0.0,-68.32189102624642,-1.7443617008367998,-5.6435543099686045
140,0.9430106873937333,-122.98864118070821,-43.0529248527713,-3.9031788382323036,-27.921668267147847,-0.04553885588380812,-102.99537387015471,-42.405561458651164,-85.51630141844089,-4.9240660454079235,0.0,0.0,-68.6769350089368,-1.7520636309885378,-5.6643890805162265
141,0.9411392214214637,-123.46484551110758,-43.17813872340064,-3.933223953589237,-27.994828790094214,-0.05382259561816057,-103.49910541694751,-42.9097476579841,-85.83319067527384,-5.087084650989125,0.0,-0.0001514578784390939,-68.99177808080034,-1.761782372190724,-5.6854625907779965
142,0.9390047666757749,-123.76911273389547,-43.22973116620574,-3.9258893473364838,-28.007069631473254,-0.03135717378559981,-103.6755911496741,-43.13943915133317,-86.05446131901878,-5.2507241433354395,0.0,-0.00013568797956179401,-69.24799096104488,-1.765553591494353,-5.702412448821937
143,0.9455675102288226,-123.9738821742228,-43.266295705763426,-3.8897086754473076,-28.008997800212455,0.0,-103.72970857657035,-43.20651927309265,-86.227919357423,-5.282712066198004,0.0,0.0,-69.45243639831124,-1.774661211918055,-5.719808944374462
144,0.936910696054291,-124.35792089291233,-43.35684800112832,-3.911005412495803,-28.054244306599923,-0.014675231385514506,-104.12081370503583,-43.602711440118114,-86.49415949336802,-5.457354339681228,0.0,-0.0002840905653234845,-69.72461110059656,-1.779108795223042,-5.737423120865937
145,0.9439586044118982,-124.57208482279607,-43.39531245201383,-3.8630358490027445,-28.0568445590311,0.0,-104.2071958909169,-43.61002014211024,-86.66913429912637,-5.491749533943492,0.0,0.0,-69.95066651764658,-1.7872188408362746,-5.754381149049544
146,0.9369333978000726,-124.56614529842331,-43.3352553352596,-3.7780561745967116,-27.974138543503667,0.0,-103.73250217499742,-43.274129174801786,-86.71652321635099,-5.347323397080886,0.0,0.0,-70.03934105376416,-1.7867529845873635,-5.771051722688584
147,0.9396903256308728,-124.56197357989969,-43.28254153407365,-3.692984322295641,-27.89839685195778,-0.0048786026257837,-103.27999500260209,-42.84076429457702,-86.76918479908055,-5.18453812696119,0.0,-0.00018949383382586553,-70.12073185431842,-1.7868753398877089,-5.787623448595933
148,0.9418685539727187,-124.86714218863902,-43.33834219457989,-3.6850199005798014,-27.9127808906544,-0.018416470502649482,-103.5165593133976,-43.095726586607455,-86.98903241786155,-5.251959222309348,0.0,0.0,-70.36765811454642,-1.7846409944953445,-5.802317135783296
149,0.9385956971726864,-124.8099786199669,-43.26784060382798,-3.575536030108683,-27.823128612006162,-0.0014815225419518002,-103.00082796479651,-42.57665547084753,-87.0089695710774,-5.162208034585716,0.0,0.0,-70.43763096583459,-1.7845153719589761,-5.81636071376406
150,0.9364392678868553,-124.67058625317864,-43.18368448820562,-3.453139132049032,-27.725961164127053,0.0,-102.33486977802424,-41.90058416523407,-86.97994730611036,-5.085376265790456,0.0,0.0,-70.44239048226277,-1.7824050462644931,-5.831713384713994
151,0.9464865025744814,-124.89285009362207,-43.21318889123504,-3.4339983854385223,-27.722134625775222,0.0,-102.38132339865324,-41.98214075031918,-87.15185040036178,-5.179531129403884,0.0,0.0,-70.64925172377765,-1.7818311014209751,-5.851316984430004
152,0.9389019631207364,-125.23246526123361,-43.29204719162032,-3.451882023724402,-27.762555299617215,-0.0029314845949370886,-102.69848596621699,-42.30370241961769,-87.39319444457135,-5.2291425245469805,-0.00012094446231653952,-0.00042500384681784314,-70.89604519100308,-1.7907157012541917,-5.871393770453229
153,0.9412046031983261,-125.2037035847828,-43.25580671772105,-3.3619180607713584,-27.7070733569039,0.0,-102.27432945488697,-41.914785558276286,-87.4323196312422,-5.145279210996307,0.0,0.0,-70.96214232787297,-1.7998001873389768,-5.887313308912314
154,0.9432741498645802,-125.03310425322175,-43.15600800918192,-3.2341789534023513,-27.597770914665514,-0.005467188395439974,-101.53941432696189,-41.205598776962276,-87.3920543605882,-5.014750966019209,0.0,-0.0004572988279752058,-70.95012917971178,-1.8081237642363153,-5.90556221451398
155,0.9440211892149277,-125.16090118039047,-43.16967109221259,-3.180997250624567,-27.583971197225267,-0.007217728450962688,-101.46399118298558,-41.09849151157333,-87.51464880085555,-5.0551846928147075,0.0,0.0,-71.1021566247023,-1.8138186033388481,-5.91999803942362
156,0.9444678418867698,-125.47844064708457,-43.24807206052828,-3.1920799568709657,-27.623182766577703,-0.014585646847504082,-101.75285280849415,-41.433432860028546,-87.74305048448869,-5.184277272678475,0.0,0.0,-71.33573824704852,-1.8225043350193841,-5.937067990883872
157,0.942260816575259,-125.22233312785973,-43.10412110986574,-3.0506293017197237,-27.473702553113664,-0.00020661113647163246,-100.7961044265256,-40.65190897249671,-87.64670545747929,-4.996570730109516,-0.00015515098148775875,0.0,-71.30386565717177,-1.8191378192724015,-5.948634393968719
158,0.9443925937076622,-125.44115561650896,-43.1510142228881,-3.0355286163665953,-27.48787671336874,-0.002137095216362834,-100.84282527029025,-40.73058663048422,-87.81898981778836,-4.990784488753274,-0.00046051734608903907,-0.0009572686079937022,-71.45518526774053,-1.828074806527682,-5.965515932581014
159,0.9363229507704323,-125.7432325149394,-43.228505047013904,-3.0493973256086337,-27.530613276710746,-0.03925924995359581,-101.08747565931692,-40.97486428956719,-88.03628544422125,-5.087873273038847,-0.0008744490275079389,-0.0009015656131159972,-71.64967681471386,-1.8352605978977394,-5.98116604992055
160,0.9422548397813415,-126.00141310108043,-43.282772545287436,-3.056097161242777,-27.551144582321022,-0.0327369569100436,-101.20321437985976,-41.16892294532011,-88.2262987069388,-5.129018293641099,0.0,-0.00023967638356660225,-71.82508244649719,-1.838239130903939,-5.997158420021843
161,0.9394441159077469,-126.09761317210379,-43.282524110748646,-3.0111884759679075,-27.5261076765171,-0.01546746045867966,-101.05303552169248,-41.08980139331505,-88.32201202339945,-5.034054545958088,0.0,0.0,-71.9515571582363,-1.8379440053532603,-6.011844785260753
162,0.9441407323702776,-126.25915839048025,-43.3095683046729,-2.987534074343531,-27.526550403879966,-0.014162803598273628,-101.01469767813809,-41.10170629795963,-88.45600616965088,-4.9946486472397345,-0.0024146385966369046,0.0,-72.09922989505576,-1.8439076933373486,-6.028262085784838
163,0.9456515233135812,-126.48970745333347,-43.3605504825687,-2.97371685563546,-27.546150443244905,-0.026125723470768372,-101.19264289986197,-41.23337132872568,-88.62863360697253,-5.022364875539935,0.0,0.0,-72.29177721948231,-1.849825253638956,-6.0430929397518645
164,0.9401078540656163,-126.68142257585642,-43.3792388013025,-2.9500326518837863,-27.536003789459482,-0.0004669764277368557,-101.25200282905499,-41.314896424489945,-88.77701914274706,-5.036248536778111,0.0,0.0,-72.47342664678908,-1.8520872337290086,-6.056205260962632
165,0.9347184547053388,-126.77809407191506,-43.36421125297067,-2.9118466922006556,-27.49642573984669,0.0,-101.06126704397255,-41.268194646141446,-88.87304762427398,-5.0390096315246495,0.0,0.0,-72.59111792620017,-1.8544331042006488,-6.070748783773708
166,0.9406869742156893,-126.71472324931881,-43.28501828628259,-2.823150082391412,-27.401193948154045,0.0,-100.56775406140417,-40.919311234571644,-88.8745999219229,-4.868077058098286,0.0,0.0,-72.65741604909894,-1.8533734665603236,-6.082393461280579
167,0.9375244869051566,-126.99703777421941,-43.35035665956486,-2.8436195212020583,-27.435074416592308,-0.0194698031151274,-100.87685692146484,-41.302482424044854,-89.07614792654124,-4.875929192592891,0.0,-0.0010919063628566123,-72.8750934359334,-1.8611339401433062,-6.102066054965134
168,0.9503051699377693,-127.35583831325911,-43.44753731281992,-2.8783306035936542,-27.494766411131017,-0.03866760766787642,-101.30296238191525,-41.74528161794226,-89.32153905437286,-4.921107420905525,0.0,0.0,-73.11161436230014,-1.867943737418094,-6.120132605784884
169,0.938576912775645,-127.25050488873737,-43.36647749894524,-2.7812283601538064,-27.404164215273124,0.0,-100.76353282735296,-41.250186624861975,-89.3082855927346,-4.792688642779558,0.0,0.0,-73.13647593040903,-1.871942299292993,-6.132720805303818
170,0.9377756442951006,-127.56074977526414,-43.438799870612314,-2.811756300632854,-27.443827903889716,-0.031642306271207385,-101.08562743724657,-41.61717303920688,-89.51865766364958,-4.8810953252118034,0.0,-0.0029407345619522026,-73.3531871801413,-1.8744464144236899,-6.1487975412067
171,0.9408637674195098,-127.79970770291845,-43.49625907861022,-2.819343232637016,-27.470989422946207,-0.02709245097742647,-101.28012826501491,-41.839058168433006,-89.69267245451199,-4.972970610853514,-0.0002110242248644898,-0.0003741623839157556,-73.51863336904603,-1.8819238564290883,-6.1630554193272875
172,0.9435653691113651,-127.94377203268161,-43.50323046455158,-2.794782358136437,-27.453972351359432,-0.018223284966065345,-101.26130789875778,-41.849657615065404,-89.80773812267591,-4.973792365535624,-0.00021443176592757696,0.0,-73.66068498460199,-1.8833649755886708,-6.174379024560518
173,0.9406618600862771,-128.02527438646973,-43.48598256392978,-2.7557138075076906,-27.4145816655353,0.0,-101.12069955671276,-41.77113511710089,-89.8919095120418,-4.915679221806642,0.0,0.0,-73.76771937187326,-1.8849070128867986,-6.187184493058932
174,0.9480229399335949,-128.0309578032439,-43.44912124438596,-2.694023563479081,-27.362090179713732,-0.004673570840912015,-100.83831932829001,-41.53767758293837,-89.9356531755138,-4.869790739007245,0.0,-0.0009969371364034125,-73.84986339310204,-1.8911681785655343,-6.19837831787475
175,0.943320564998803,-128.153017976507,-43.462995290931595,-2.669476147416062,-27.354179436172775,-0.003620064418861282,-100.81568256994844,-41.54156096856864,-90.04349310003066,-4.821462261458749,0.0,0.0,-73.97289020773697,-1.8937671515660643,-6.211855677591003
176,0.943856818453448,-128.10181226648032,-43.404509775840566,-2.5881132929527673,-27.282437923145654,-0.006024301177689647,-100.43474668163594,-41.16797483427269,-90.0552116233745,-4.758304202358997,-2.0254284712735094e-05,0.0,-74.02630572653113,-1.8960139431252148,-6.221898282112805
177,0.9388808589717117,-128.2118222472404,-43.406790553442605,-2.5577364579036654,-27.262116993087364,-0.000734293673491922,-100.38919703096145,-41.1689892709616,-90.15186535813888,-4.782584703617686,-2.514222782314668e-06,-0.00021865773728880507,-74.14961880961074,-1.9000268013709631,-6.234253538961474
178,0.9400152091254753,-128.43026212564507,-43.453363181583114,-2.558702521216367,-27.281326052994547,-0.007861613755125672,-100.57804111996968,-41.34413080778676,-90.30574412381945,-4.836116901770424,-0.002005131668521281,-0.00011380517628521846,-74.3166451544336,-1.9016606493868111,-6.244357006638035
179,0.9441386156484072,-128.5367343700453,-43.45887952430871,-2.526745320610678,-27.265014904628476,-0.007353241274030185,-100.51805247021156,-41.308678457203264,-90.39934803422577,-4.812864658651544,-0.0002823075105182685,-0.0013309888233780144,-74.43245935012891,-1.9049034801522235,-6.2550359650749385
180,0.9376128566269412,-128.671862111405,-43.47409141669892,-2.516853312125327,-27.25767607681594,0.0,-100.4908071251075,-41.395327169506395,-90.50488262787646,-4.839996705427854,0.0,0.0,-74.54719142925632,-1.9087377627897066,-6.267091473780995
181,0.940222928027806,-128.78077255547666,-43.477273036925034,-2.494362849731988,-27.23940275591175,-0.01587164215795395,-100.42856416745246,-41.391842896311644,-90.5950246813751,-4.8313217227327785,0.0,0.0,-74.65626333072419,-1.9118904871284232,-6.2783756382115
182,0.9492492492492492,-128.77611808864506,-43.43774173084475,-2.4338004054147198,-27.185700212552483,-0.002531428597393486,-100.18342713896286,-41.139286964898545,-90.62755548861192,-4.766933016454788,-0.0005604425975218426,0.0,-74.7223747790143,-1.9110563835851655,-6.286431165196354
183,0.9458989353726196,-128.9188109534635,-43.45211637820308,-2.416622078408223,-27.178168270331515,-0.0057363612065543974,-100.24487643557427,-41.187242282101685,-90.7452997647848,-4.819607467751293,0.0,-5.2950170742930685e-05,-74.84800480380586,-1.912612274493479,-6.294361222829464
184,0.9432263468038646,-129.02994743416468,-43.45504905211145,-2.397988519447035,-27.16103626298775,-0.004784904376959621,-100.21110116731491,-41.22124857032517,-90.8354772082825,-4.803758713708805,-9.676891461264994e-05,0.0,-74.95960729890518,-1.9136190927844252,-6.305379546582157
185,0.9458586342017887,-129.20415414925685,-43.48419429287888,-2.3859185692711624,-27.16729912078979,0.0,-100.33513073200264,-41.32368400111163,-90.96473354971221,-4.870770604872661,0.0,0.0,-75.10688040606473,-1.91475085744915,-6.315270935462866
186,0.9403973509933775,-129.35619382109022,-43.50019393637438,-2.3777618962866787,-27.160824624188567,0.0,-100.3976568664382,-41.4378613880958,-91.08052234971304,-4.866841415776641,0.0,0.0,-75.23921685931263,-1.9150642391630535,-6.323775454587083
187,0.9443761524277812,-129.45771906541685,-43.50500815668189,-2.3482339326240176,-27.147214207447366,-0.008373113658507963,-100.41276537750278,-41.41132076886148,-91.16874398666982,-4.919017379657931,0.0,0.0,-75.35427036843213,-1.9174046184953017,-6.333327107425351
188,0.9466435079379589,-129.39273441236136,-43.44501369488432,-2.275475874949558,-27.07741386993469,-0.0036080156333537583,-100.03938511644277,-41.114432859793936,-91.16340987915363,-4.849839055681741,0.0,0.0,-75.39530899778643,-1.917603608375956,-6.340534318101764
189,0.9419846866204642,-129.47980347612264,-43.44720199988271,-2.2479661708736853,-27.06150828304596,-0.006132686696863083,-99.98339543115371,-41.078513107760955,-91.24162403559724,-4.869627530325591,0.0,-0.0013920602353579598,-75.48920988973657,-1.9177057403685944,-6.349209329492158
190,0.944326391840204,-129.51849704368533,-43.42285459230595,-2.2091791991143186,-27.02188704371998,0.0,-99.81854048297433,-40.96870435150871,-91.29443601417888,-4.823285445545805,0.0,0.0,-75.5671708035708,-1.918546648767685,-6.356858027015745
191,0.9448171194414934,-129.52205132483022,-43.38854601408501,-2.15533068638155,-26.97441224077298,-0.0053376920729503305,-99.59253939146232,-40.78489916913581,-91.32911642700337,-4.75965542622751,-0.00017000776575280374,0.0,-75.62857309335686,-1.9190969664841515,-6.363890146606754
192,0.9477374887623614,-129.46021148772687,-43.33322528193658,-2.0788246033323556,-26.909787523707774,0.0,-99.24651721230033,-40.45692069046745,-91.32841956605286,-4.673236301636497,0.0,0.0,-75.66310293015012,-1.9203401638756787,-6.370943288446521
193,0.9420664645383746,-129.37453475843088,-43.2736613853053,-2.0017973821201083,-26.84227924278438,-0.000358649557465548,-98.89448452009935,-40.118323304429666,-91.31348589373772,-4.567241704507452,0.0,0.0,-75.6883656799403,-1.9221342665483483,-6.376524388423244
194,0.9370008344260341,-129.41256630762214,-43.25764886202275,-1.9587338184323335,-26.811541559564763,0.0,-98.77766183744552,-40.00201246579505,-91.36615702327975,-4.54217442836579,0.0,0.0,-75.7711578303055,-1.9225558314137838,-6.383890406943225
195,0.938878842676311,-129.50918724653076,-43.26515551883419,-1.9408028775796349,-26.802001827564382,0.0,-98.7748728618991,-40.03300596298023,-91.4485652443379,-4.546000896781231,0.0,0.0,-75.86620354431007,-1.9264232748565568,-6.392865310884654
196,0.9423338060895018,-129.52354271229248,-43.24965497583348,-1.8949037494324001,-26.774361687736025,-0.0016810396369998956,-98.60389921365847,-39.889163911205245,-91.48762203911281,-4.504976521911552,0.0,-0.00030819279017758677,-75.91955524537939,-1.926975025152536,-6.399741358555848
197,0.9408144363777599,-129.76377536340132,-43.314044194738095,-1.906649182575629,-26.813569476747613,-0.023960320189838458,-98.9105969909651,-40.1731713328145,-91.64961153777182,-4.6058009745636275,0.0,0.0,-76.08776411429562,-1.9307976635851487,-6.408157203581063
198,0.9366359792485082,-129.7596581697576,-43.285058543899524,-1.8592000256114432,-26.774925638006824,-0.00110051091028539,-98.7034667096574,-39.98990551880018,-91.67830775309109,-4.5504747264155165,-0.0003041233148154215,-1.4377696481278024e-05,-76.13496899742086,-1.9348620621809833,-6.415717957600823
199,0.940108947542661,-129.82005588313527,-43.27369841787022,-1.8241838904239467,-26.74894217930192,0.0,-98.62392061873292,-39.947754876324815,-91.74336533798136,-4.554002416764566,0.0,0.0,-76.23043552264402,-1.9352798956614363,-6.423112600473983
