episode,service_level,bias,rebalancing_imbalance,starvation_severity_max,congestion_severity_max,gross_starvation_risk,gross_congestion_risk,alpha,alpha_initial,epsilon,gamma,transition_update_interval,transition_batch_updates,remainder_batch_updates,batch_updates_this_episode
0,0.9209157650049333,-2.5421632070948954,-0.04216320709489518,-0.0042232235270166715,-0.0410557399594225,-0.006964130597842451,-0.004169405089862176,0.01,0.01,0.0,0.97,100,13,0,13
1,0.9137803483758155,-2.5869685741156094,-0.08696857411560997,-0.00819919662314657,-0.08459325268387417,-0.014286905214602243,-0.008270420458596247,0.009708,0.01,0.0,0.97,100,13,0,13
2,0.9093117544565071,-2.632739846101027,-0.13273984610102854,-0.012434763929799492,-0.1292238475165524,-0.02164379512912986,-0.012898245148934446,0.009432,0.01,0.0,0.97,100,13,0,13
3,0.9166513308684523,-2.6736831244329116,-0.1736831244329134,-0.01645695501374564,-0.16902000427134078,-0.027899219134604383,-0.016715335651264197,0.009172,0.01,0.0,0.97,100,14,0,14
4,0.9100622887813928,-2.7171082636502564,-0.21710826365025876,-0.020413688554029863,-0.21153162184018198,-0.034909291125086304,-0.020815487704694706,0.008925,0.01,0.0,0.97,100,13,0,13
5,0.9073181346456429,-2.7598408336390645,-0.259840833639068,-0.024790683590601662,-0.2530241142291618,-0.04154620490097439,-0.025177171764315394,0.008692,0.01,0.0,0.97,100,13,0,13
6,0.908362974326124,-2.800395859863821,-0.3003958598638238,-0.028525892711096307,-0.2927147182947295,-0.047806326012674163,-0.028914638963714778,0.00847,0.01,0.0,0.97,100,13,0,13
7,0.909629580034481,-2.839645265536362,-0.3396452655363648,-0.03215585584532169,-0.33099670353884186,-0.054221621407334906,-0.032772743884115454,0.00826,0.01,0.0,0.97,100,13,0,13
8,0.9117851511503705,-2.8765064652432883,-0.3765064652432904,-0.03565216126332382,-0.3669194000362359,-0.06018562464688566,-0.03621035300252898,0.008059,0.01,0.0,0.97,100,13,0,13
9,0.9205986978991879,-2.9082286484381905,-0.40822864843819207,-0.038681824554226384,-0.3978901897673622,-0.0651564137829352,-0.039272662031749304,0.007868,0.01,0.0,0.97,100,13,0,13
10,0.9043548360008733,-2.9471021889430067,-0.4471021889430091,-0.042363325828409126,-0.43600105023078023,-0.07131197417580312,-0.043289312059223276,0.007686,0.01,0.0,0.97,100,14,0,14
11,0.9150860762052353,-2.9793544843156345,-0.47935448431563693,-0.04542284449992622,-0.4674573552160026,-0.07607262185782905,-0.04621795188612491,0.007513,0.01,0.0,0.97,100,13,0,13
12,0.9131798105128291,-3.012291967027929,-0.5122919670279311,-0.0486653516126731,-0.49963838617756207,-0.0812234236197315,-0.04963641098672849,0.007346,0.01,0.0,0.97,100,14,0,14
13,0.9099726018187013,-3.045016503692618,-0.5450165036926198,-0.051946084801366796,-0.5315591114069903,-0.08640360737710455,-0.05279509812841364,0.007188,0.01,0.0,0.97,100,13,0,13
14,0.9183036687859624,-3.074582295431608,-0.5745822954316111,-0.05482036982035557,-0.56019265265709,-0.09071657179130227,-0.055591137420119424,0.007035,0.01,0.0,0.97,100,13,0,13
15,0.9195834102000772,-3.102634100421988,-0.602634100421991,-0.057446086265254236,-0.5874708397461077,-0.09495506158653115,-0.05851274158796663,0.006889,0.01,0.0,0.97,100,13,0,13
16,0.9190118981691252,-3.1299621006089047,-0.6299621006089071,-0.059931846163206175,-0.6142550843269212,-0.09936189988009425,-0.061338111401734646,0.006749,0.01,0.0,0.97,100,13,0,13
17,0.9148300146932158,-3.158147489583946,-0.6581474895839475,-0.06267858282942436,-0.6415697349076894,-0.10367657304475454,-0.06407635954072906,0.006615,0.01,0.0,0.97,100,13,0,13
18,0.9070709427923723,-3.1889053610016327,-0.688905361001634,-0.06547000817235041,-0.6718231760384696,-0.10848071781057388,-0.0669959262236148,0.006486,0.01,0.0,0.97,100,13,0,13
19,0.9094257009028579,-3.2177992277911316,-0.717799227791133,-0.06810077630021323,-0.7000705773582889,-0.11309750037469844,-0.06966581223151178,0.006362,0.01,0.0,0.97,100,13,0,13
20,0.9157985392272148,-3.244011777982567,-0.7440117779825677,-0.07068682843397554,-0.7255444997089248,-0.11729358756849595,-0.07226427311660527,0.006242,0.01,0.0,0.97,100,13,0,13
21,0.9099034922573314,-3.2718579029940975,-0.7718579029940987,-0.0731544312512675,-0.7527075745056634,-0.1217160479536376,-0.07499093753044522,0.006127,0.01,0.0,0.97,100,14,0,14
22,0.9172982649868661,-3.296778341470254,-0.7967783414702556,-0.07563338346141181,-0.7768653975429074,-0.1255379599550784,-0.07744706179908235,0.006016,0.01,0.0,0.97,100,13,0,13
23,0.9172932330827068,-3.320628397364592,-0.8206283973645929,-0.07798805731626679,-0.8001014912317395,-0.1291539598652866,-0.07983911779961259,0.005909,0.01,0.0,0.97,100,13,0,13
24,0.9217637271214643,-3.3428178530441195,-0.8428178530441203,-0.08018451228080706,-0.8218338734361271,-0.13260413910506885,-0.0820136454789751,0.005806,0.01,0.0,0.97,100,13,0,13
25,0.9086804151502899,-3.368835263995148,-0.8688352639951491,-0.08272810172359643,-0.8473266043045066,-0.13690427152814458,-0.08456859757250887,0.005706,0.01,0.0,0.97,100,13,0,13
26,0.916040898424405,-3.3918888966263765,-0.8918888966263768,-0.08481421892140184,-0.8698080075832122,-0.14052373236318072,-0.0867738290865172,0.00561,0.01,0.0,0.97,100,13,0,13
27,0.9151467749450842,-3.4149265069995756,-0.9149265069995752,-0.08697820259887257,-0.8920936845844532,-0.14402323643586995,-0.089075038352048,0.005517,0.01,0.0,0.97,100,13,0,13
28,0.914562126693026,-3.437670487077498,-0.9376704870774983,-0.08918196774641537,-0.9143067546007959,-0.14761013872597994,-0.09133110333920333,0.005426,0.01,0.0,0.97,100,13,0,13
29,0.9157972548426658,-3.459515786449744,-0.9595157864497443,-0.09125092126933529,-0.9356266306849507,-0.1510664815132896,-0.09348535275796047,0.005339,0.01,0.0,0.97,100,13,0,13
30,0.9143298479087453,-3.48143230079068,-0.9814323007906804,-0.09335778131172266,-0.9569987401914855,-0.15443442666485435,-0.09570224875534487,0.005255,0.01,0.0,0.97,100,14,0,14
31,0.9205425375778127,-3.5008738544394986,-1.0008738544394993,-0.09523629470829931,-0.9756704316949466,-0.1573780320151387,-0.09768094655211779,0.005173,0.01,0.0,0.97,100,13,0,13
32,0.9134002589584489,-3.522059275677069,-1.0220592756770708,-0.09718124157106076,-0.9962869724188916,-0.16071319255784156,-0.09968151435281566,0.005094,0.01,0.0,0.97,100,13,0,13
33,0.9133850269190398,-3.5431000863042126,-1.0431000863042146,-0.09922976727451902,-1.0168564841614622,-0.16414249955347512,-0.10200701861878386,0.005017,0.01,0.0,0.97,100,13,0,13
34,0.9180390846834808,-3.5625649736617895,-1.0625649736617917,-0.10110964672883284,-1.0358128757169904,-0.16716029894825746,-0.10394058567829866,0.004942,0.01,0.0,0.97,100,13,0,13
35,0.9142446286584334,-3.582602195694187,-1.0826021956941894,-0.10317464931623989,-1.0552830705785108,-0.17009066271455872,-0.10592754678779222,0.00487,0.01,0.0,0.97,100,13,0,13
36,0.9064587973273942,-3.604441941118379,-1.1044419411183815,-0.1053824999496095,-1.076633526780914,-0.17359240919135296,-0.10828704825451524,0.004799,0.01,0.0,0.97,100,13,0,13
37,0.9149593276403281,-3.623748774132865,-1.1237487741328673,-0.10736589726376101,-1.0953653038245421,-0.17652704422705925,-0.1103717625432911,0.004731,0.01,0.0,0.97,100,13,0,13
38,0.9160273375992496,-3.642173829528779,-1.1421738295287815,-0.10910229303708954,-1.1133413655231923,-0.17943349223992672,-0.11216360339619649,0.004665,0.01,0.0,0.97,100,13,0,13
39,0.9169824608471109,-3.6604678149132086,-1.1604678149132113,-0.11079985378793185,-1.1312962054447606,-0.18243029394917015,-0.11400529271404033,0.0046,0.01,0.0,0.97,100,13,0,13
40,0.9160383882339052,-3.6783886749267958,-1.1783886749267989,-0.11265962147954178,-1.1486559931512315,-0.18517314282143346,-0.11590259371124915,0.004537,0.01,0.0,0.97,100,13,0,13
41,0.9161428043164017,-3.6962576268048353,-1.1962576268048393,-0.11435052605726881,-1.1661406148397626,-0.18807275406475157,-0.1177472335327394,0.004476,0.01,0.0,0.97,100,13,0,13
42,0.9150854844116662,-3.7140423643853264,-1.2140423643853313,-0.11602592955160661,-1.1835339804460805,-0.19103819681683265,-0.11952771657921878,0.004417,0.01,0.0,0.97,100,13,0,13
43,0.9129126132867714,-3.732669138691313,-1.2326691386913182,-0.11781806144443907,-1.2017153047075604,-0.19418815550969928,-0.12139690109784554,0.004359,0.01,0.0,0.97,100,14,0,14
44,0.9166038052133099,-3.749540579264815,-1.24954057926482,-0.11937643593762547,-1.2181530808845324,-0.1968330426585756,-0.12300477227461792,0.004302,0.01,0.0,0.97,100,13,0,13
45,0.9099026383493921,-3.767725858214956,-1.2677258582149613,-0.12120179232255746,-1.235960233865846,-0.19982599799520095,-0.12490372738394205,0.004247,0.01,0.0,0.97,100,13,0,13
46,0.9117050010904759,-3.78518990998689,-1.2851899099868958,-0.12280048004039304,-1.2530721551149164,-0.20270410363908156,-0.12662683112617457,0.004194,0.01,0.0,0.97,100,13,0,13
47,0.9119989270206381,-3.8026107349662026,-1.3026107349662073,-0.12443358653216288,-1.270104569962523,-0.2054526150309863,-0.12835868075603074,0.004141,0.01,0.0,0.97,100,14,0,14
48,0.9060705222385468,-3.8205097851824834,-1.320509785182489,-0.12621506252191086,-1.2876458208432582,-0.20825092367449946,-0.13015439794750963,0.00409,0.01,0.0,0.97,100,12,0,12
49,0.9131713877448097,-3.837646242734333,-1.337646242734338,-0.12792118618110185,-1.3043201712784251,-0.2108381028107368,-0.13193304050814889,0.004041,0.01,0.0,0.97,100,14,0,14
50,0.9150653666068103,-3.853283434265933,-1.353283434265938,-0.12940288550568982,-1.319602187196985,-0.2133685107251014,-0.13342907534719942,0.003992,0.01,0.0,0.97,100,13,0,13
51,0.913214592058126,-3.86947732883638,-1.369477328836384,-0.13100118101238153,-1.3355447479558027,-0.21611922906201517,-0.13517392374023363,0.003945,0.01,0.0,0.97,100,13,0,13
52,0.9227408444526914,-3.882983197435234,-1.3829831974352376,-0.13227837080797716,-1.348593708911119,-0.2182173090750591,-0.1365346897094672,0.003898,0.01,0.0,0.97,100,13,0,13
53,0.9154064904650385,-3.898192357631419,-1.3981923576314228,-0.13370145647525594,-1.363461839163194,-0.22067771593182822,-0.1380617021060938,0.003853,0.01,0.0,0.97,100,13,0,13
54,0.9143509195865217,-3.913216816287413,-1.4132168162874172,-0.13514051054955548,-1.3781602623062474,-0.2230585006324505,-0.1396282549277534,0.003809,0.01,0.0,0.97,100,13,0,13
55,0.9124675542158587,-3.9287917971768733,-1.4287917971768775,-0.1367614443487591,-1.393363394995918,-0.22553698233395444,-0.1413063284189837,0.003766,0.01,0.0,0.97,100,14,0,14
56,0.9161235860205976,-3.9431856666487044,-1.443185666648708,-0.13816323791090243,-1.4074255676839587,-0.2278248335805426,-0.14278562434938258,0.003724,0.01,0.0,0.97,100,13,0,13
57,0.9078962806523525,-3.959228224721507,-1.459228224721511,-0.13971364642559195,-1.4231612586030626,-0.23050422933904188,-0.14447071933884625,0.003682,0.01,0.0,0.97,100,13,0,13
58,0.9142280863938146,-3.9736215276269853,-1.473621527626989,-0.1412088458151286,-1.4372752071467538,-0.2327416267950296,-0.14599592904207961,0.003642,0.01,0.0,0.97,100,13,0,13
59,0.915961989636606,-3.987464895185778,-1.4874648951857823,-0.14248737758762536,-1.450792127195583,-0.23497862344972328,-0.14747049332843326,0.003602,0.01,0.0,0.97,100,13,0,13
60,0.9213109157634207,-3.99983724993609,-1.499837249936095,-0.14359677525068504,-1.4627714147449153,-0.23696481900608526,-0.14867397619583742,0.003564,0.01,0.0,0.97,100,13,0,13
61,0.9161382079812599,-4.013307831495786,-1.5133078314957922,-0.1449387566416632,-1.4759807249660042,-0.23915470442612494,-0.15006152134558706,0.003526,0.01,0.0,0.97,100,13,0,13
62,0.9181933091767085,-4.026143415562713,-1.5261434155627183,-0.14614889276930773,-1.488536807117722,-0.24127713323199512,-0.15133847202701176,0.003489,0.01,0.0,0.97,100,13,0,13
63,0.9074889130616685,-4.0410397089731624,-1.5410397089731678,-0.1475006401371273,-1.5030905095440363,-0.2436744720095411,-0.1528555220304368,0.003453,0.01,0.0,0.97,100,13,0,13
64,0.9191760437392366,-4.053487851287902,-1.5534878512879053,-0.14870809608775093,-1.5152594449438537,-0.24563349770050197,-0.15410090979433366,0.003417,0.01,0.0,0.97,100,13,0,13
65,0.912323150855261,-4.067120638953516,-1.5671206389535197,-0.15007642508270133,-1.5285229467797088,-0.247805689681557,-0.1555078823014562,0.003382,0.01,0.0,0.97,100,13,0,13
66,0.9144972052973463,-4.080354199853281,-1.5803541998532837,-0.15131094711887744,-1.5414472095871086,-0.25001672360181676,-0.15683279679569084,0.003348,0.01,0.0,0.97,100,13,0,13
67,0.9162421134316272,-4.092773136976819,-1.5927731369768228,-0.15256746475333563,-1.5535917257281757,-0.25212496484372726,-0.15813671758308614,0.003315,0.01,0.0,0.97,100,13,0,13
68,0.911788897654978,-4.1059553015450785,-1.6059553015450827,-0.15385276053854974,-1.5664949483688217,-0.25423299200794974,-0.15952422979193245,0.003282,0.01,0.0,0.97,100,13,0,13
69,0.9184083938119102,-4.118063150717023,-1.6180631507170262,-0.15501468544756822,-1.5783604335469177,-0.25635482240196455,-0.1608947554033169,0.00325,0.01,0.0,0.97,100,14,0,14
70,0.9146109097040722,-4.1304549157843935,-1.6304549157843975,-0.15628303604795793,-1.5904720222423334,-0.25828927539666596,-0.16215352997944366,0.003219,0.01,0.0,0.97,100,13,0,13
71,0.9231039267146989,-4.141139245317431,-1.6411392453174347,-0.1572951880735776,-1.6008440388478367,-0.2599395285894339,-0.1632053760760165,0.003188,0.01,0.0,0.97,100,13,0,13
72,0.9091685935457927,-4.15441642960397,-1.654416429603975,-0.15855921278230847,-1.6138509716842981,-0.2621732825638722,-0.1646221689555075,0.003157,0.01,0.0,0.97,100,13,0,13
73,0.9171103174068334,-4.166053334698517,-1.6660533346985231,-0.15962867344339118,-1.6252901909398156,-0.2641602277362623,-0.16576782124034864,0.003128,0.01,0.0,0.97,100,13,0,13
74,0.914177527596058,-4.177741223465154,-1.6777412234651596,-0.16079066107719947,-1.6367835966381368,-0.26610124994349776,-0.16704086389436318,0.003098,0.01,0.0,0.97,100,13,0,13
75,0.925093315235833,-4.187655608633448,-1.6876556086334529,-0.16168341263111524,-1.6464559023547807,-0.267721717159251,-0.16803937545103026,0.00307,0.01,0.0,0.97,100,13,0,13
76,0.9157381615598885,-4.198983047146682,-1.6989830471466865,-0.16273832874902183,-1.6575040366944276,-0.2695396902016541,-0.16928688835933903,0.003042,0.01,0.0,0.97,100,13,0,13
77,0.907114492608536,-4.2117529049645235,-1.7117529049645261,-0.1640872223178859,-1.669980322551039,-0.271716249860659,-0.1707203628552758,0.003014,0.01,0.0,0.97,100,13,0,13
78,0.9203909910817756,-4.2221834358577075,-1.7221834358577104,-0.16503879917540412,-1.6801360145779192,-0.2733596966076009,-0.17179172953743,0.002987,0.01,0.0,0.97,100,13,0,13
79,0.917409993713577,-4.233084901040362,-1.7330849010403657,-0.16605998009059314,-1.6907232600083062,-0.27510819742048537,-0.1728859854402435,0.00296,0.01,0.0,0.97,100,13,0,13
80,0.9133507941304859,-4.244421353415018,-1.7444213534150204,-0.16714359158325637,-1.7018396094633517,-0.2770013538145513,-0.17401580263149127,0.002934,0.01,0.0,0.97,100,13,0,13
81,0.9141340970350404,-4.2555375897586645,-1.7555375897586651,-0.16821673570438797,-1.7126154449314879,-0.27885538638593194,-0.1751838695705416,0.002909,0.01,0.0,0.97,100,13,0,13
82,0.91786406131559,-4.265918720579731,-1.7659187205797313,-0.16916832672285595,-1.7227759696289224,-0.2805904541845385,-0.17632170963337976,0.002883,0.01,0.0,0.97,100,13,0,13
83,0.9086017889568901,-4.277828352595913,-1.7778283525959122,-0.17040102859478803,-1.73449821691327,-0.28261262766497974,-0.17757927818551333,0.002859,0.01,0.0,0.97,100,13,0,13
84,0.916436808348011,-4.288365616427498,-1.7883656164274957,-0.17135837947301386,-1.74478279603253,-0.284233291945844,-0.17861125413513187,0.002834,0.01,0.0,0.97,100,13,0,13
85,0.9140941637395299,-4.299130666557253,-1.79913066655725,-0.17240732670566217,-1.755309135560435,-0.28596846946055376,-0.17972414179048185,0.00281,0.01,0.0,0.97,100,13,0,13
86,0.9096940593555394,-4.31032772994116,-1.8103277299411575,-0.1735023496241958,-1.766321251171589,-0.2878200353140956,-0.18092206021991633,0.002787,0.01,0.0,0.97,100,13,0,13
87,0.9071416568643925,-4.321754076480761,-1.8217540764807583,-0.17464763309040532,-1.7775778905719408,-0.289745222870003,-0.18218644020414682,0.002763,0.01,0.0,0.97,100,12,0,12
88,0.9174277851873112,-4.331515763940698,-1.8315157639406945,-0.17559439803056082,-1.7869873269861314,-0.2912601014763484,-0.1832089947211379,0.002741,0.01,0.0,0.97,100,13,0,13
89,0.9052111107361032,-4.343432149041454,-1.8434321490414498,-0.1767651164955284,-1.798625072399437,-0.2932676693256702,-0.18447189896873226,0.002718,0.01,0.0,0.97,100,14,0,14
90,0.9171409862489296,-4.35311140879459,-1.8531114087945884,-0.1777207609173489,-1.8080133681089083,-0.29477912346741,-0.18553013135607102,0.002696,0.01,0.0,0.97,100,12,0,12
91,0.920120445241398,-4.362270902011487,-1.8622709020114845,-0.1786250393455152,-1.8169759999543913,-0.29635438717677304,-0.18653413483584588,0.002674,0.01,0.0,0.97,100,14,0,14
92,0.9112926461366371,-4.372716469756856,-1.872716469756854,-0.17965448926821764,-1.8271686662673265,-0.29815902756270585,-0.18765451605464475,0.002653,0.01,0.0,0.97,100,13,0,13
93,0.9162349166026005,-4.382285960494435,-1.882285960494434,-0.18058626117305737,-1.8365579648927206,-0.29980524667903513,-0.188684226425446,0.002632,0.01,0.0,0.97,100,13,0,13
94,0.9196661361866387,-4.391345209441191,-1.8913452094411913,-0.18138529357853747,-1.8453640254330377,-0.3012382083530313,-0.18959262711429106,0.002611,0.01,0.0,0.97,100,12,0,12
95,0.9137575279730251,-4.401245232008844,-1.9012452320088458,-0.18227365810306898,-1.855013311654999,-0.3029412184214902,-0.1906087655541985,0.002591,0.01,0.0,0.97,100,14,0,14
96,0.9187564381849807,-4.410177239537284,-1.910177239537286,-0.18312171833008514,-1.8637525753787576,-0.304338204801943,-0.19148894872051128,0.002571,0.01,0.0,0.97,100,13,0,13
97,0.9082223752035865,-4.420703250332779,-1.9207032503327799,-0.1841634496046233,-1.874138699298267,-0.3061902092065312,-0.19266083742815807,0.002551,0.01,0.0,0.97,100,13,0,13
98,0.9219792438843588,-4.428976048695101,-1.9289760486951018,-0.18497669480386816,-1.8822957529051036,-0.30755308489807115,-0.19354013025236722,0.002532,0.01,0.0,0.97,100,13,0,13
99,0.9183365799949182,-4.437718426088186,-1.9377184260881872,-0.18584813317524984,-1.8907787573706902,-0.3090321860411749,-0.1944804072016592,0.002513,0.01,0.0,0.97,100,13,0,13
100,0.9093428146961123,-4.447800059550311,-1.9478000595503127,-0.18680413366764112,-1.9007049950338248,-0.31077157705286457,-0.19552599366269102,0.002494,0.01,0.0,0.97,100,13,0,13
101,0.9152565271726281,-4.4569485858418165,-1.9569485858418163,-0.18766783058084924,-1.909666492415103,-0.3122779457541819,-0.19651173237767772,0.002475,0.01,0.0,0.97,100,13,0,13
102,0.9178050047768298,-4.465524206535867,-1.9655242065358665,-0.188485982295661,-1.9180222739710748,-0.31366323521999584,-0.19746394482780186,0.002457,0.01,0.0,0.97,100,13,0,13
103,0.9267925676703805,-4.47293314022539,-1.9729331402253893,-0.18912853335692167,-1.9252757522699877,-0.31486128633531524,-0.19826001674985783,0.002439,0.01,0.0,0.97,100,14,0,14
104,0.9111763226293285,-4.482337996424764,-1.9823379964247654,-0.19005678567986528,-1.934526867227181,-0.3164126372427632,-0.1992575281232841,0.002421,0.01,0.0,0.97,100,13,0,13
105,0.9152785659445205,-4.491243879163654,-1.9912438791636569,-0.19088882330158374,-1.9432058330601956,-0.31789673496927134,-0.20013556613868067,0.002404,0.01,0.0,0.97,100,12,0,12
106,0.9197767819396296,-4.499361826642738,-1.9993618266427402,-0.1916243431529069,-1.9511452893446666,-0.31921554186356815,-0.2009944041072472,0.002386,0.01,0.0,0.97,100,14,0,14
107,0.916157294213529,-4.507786063742042,-2.0077860637420453,-0.19242954696167333,-1.9594201264428708,-0.3206833368538691,-0.20194204093884388,0.002369,0.01,0.0,0.97,100,13,0,13
108,0.9181081126075882,-4.515995655565086,-2.0159956555650886,-0.19318358723845597,-1.967494016305293,-0.32202450435364355,-0.2028106053138874,0.002352,0.01,0.0,0.97,100,13,0,13
109,0.9134919035140765,-4.524745873312425,-2.024745873312427,-0.19400174442246504,-1.976071469644349,-0.3234386198744594,-0.20374845487074514,0.002336,0.01,0.0,0.97,100,13,0,13
110,0.9182262687573765,-4.532900767122083,-2.0329007671220833,-0.19473260099348905,-1.9840293227263297,-0.32483510280727834,-0.20459581439563015,0.00232,0.01,0.0,0.97,100,13,0,13
111,0.911665451338839,-4.541496452792453,-2.0414964527924555,-0.19550817471352752,-1.9924783025276174,-0.326269493971903,-0.2054910795680338,0.002304,0.01,0.0,0.97,100,13,0,13
112,0.9199348873114166,-4.549281395556579,-2.04928139555658,-0.19622438743219026,-2.0000812524400926,-0.3274708281046501,-0.20629854362203412,0.002288,0.01,0.0,0.97,100,13,0,13
113,0.9138967377343951,-4.557637751242317,-2.057637751242318,-0.1970293125587519,-2.008233711633157,-0.32885764882306917,-0.2072214061170162,0.002272,0.01,0.0,0.97,100,13,0,13
114,0.9117231875777232,-4.566086897831044,-2.0660868978310467,-0.197868634868833,-2.0165431112860586,-0.3303621709250416,-0.20811378657835708,0.002257,0.01,0.0,0.97,100,13,0,13
115,0.9146277628624014,-4.574379250711148,-2.074379250711149,-0.19866080688801055,-2.024667883787708,-0.3317551543661828,-0.20897023387025335,0.002241,0.01,0.0,0.97,100,13,0,13
116,0.9152527980163381,-4.582279552120583,-2.082279552120583,-0.19942547140665565,-2.0324594322656067,-0.33306795214520174,-0.20980739173809912,0.002226,0.01,0.0,0.97,100,13,0,13
117,0.9134738186462324,-4.590518039424522,-2.090518039424521,-0.2001863361889681,-2.0405848910493387,-0.33448373080036214,-0.2106192100348119,0.002212,0.01,0.0,0.97,100,13,0,13
118,0.9095901914679208,-4.599270395841688,-2.0992703958416863,-0.20108751698750782,-2.0491796515924814,-0.3358958734326077,-0.21156244451679249,0.002197,0.01,0.0,0.97,100,13,0,13
119,0.9182936254578447,-4.606585779174495,-2.106585779174492,-0.20174504061540832,-2.0563660175607335,-0.33713328294500927,-0.21234530566253657,0.002182,0.01,0.0,0.97,100,13,0,13
120,0.911575347059218,-4.615096461984302,-2.115096461984298,-0.20260522969048772,-2.064719389260922,-0.33859734097890976,-0.21324854091923368,0.002168,0.01,0.0,0.97,100,14,0,14
121,0.9156473847817272,-4.622719378659576,-2.122719378659569,-0.20328157189277196,-2.0721470170327625,-0.3399125846298354,-0.21400738667974933,0.002154,0.01,0.0,0.97,100,12,0,12
122,0.9131398629584845,-4.6307256336550555,-2.130725633655049,-0.2040420930096045,-2.0799796194091744,-0.34125702608078007,-0.2148606309056681,0.00214,0.01,0.0,0.97,100,14,0,14
123,0.9151187868857941,-4.638462535154872,-2.138462535154863,-0.2048627939534328,-2.0875781361998125,-0.3425716629556506,-0.21579186075183274,0.002127,0.01,0.0,0.97,100,13,0,13
124,0.9115582278055826,-4.646342549255742,-2.1463425492557344,-0.2055733688119659,-2.0953546065305515,-0.3439205897176739,-0.21664148351955326,0.002113,0.01,0.0,0.97,100,13,0,13
125,0.9160939094930248,-4.6536850912596615,-2.1536850912596557,-0.20628085874734076,-2.102573065326612,-0.34510824529203904,-0.2174026814375567,0.0021,0.01,0.0,0.97,100,13,0,13
126,0.9156664985711884,-4.661180927083681,-2.1611809270836755,-0.20698995966108208,-2.1098718860945493,-0.3462719192954678,-0.21815350735483005,0.002087,0.01,0.0,0.97,100,13,0,13
127,0.9183466891606917,-4.668300203925692,-2.168300203925685,-0.20769988158373662,-2.116811837934438,-0.34734457665011553,-0.21892749293572342,0.002074,0.01,0.0,0.97,100,13,0,13
128,0.91135266910451,-4.676184231428408,-2.1761842314284037,-0.20852635803419056,-2.124596556041803,-0.34875277995142273,-0.21980076014194286,0.002061,0.01,0.0,0.97,100,13,0,13
129,0.913643546380661,-4.68368817621711,-2.183688176217106,-0.20930320050842013,-2.13200981904066,-0.35008196245862305,-0.22066727933631314,0.002048,0.01,0.0,0.97,100,13,0,13
130,0.9089296472320771,-4.691904528964292,-2.191904528964288,-0.2101149601595093,-2.1400327512554136,-0.3515097984809514,-0.22157523613988023,0.002035,0.01,0.0,0.97,100,13,0,13
131,0.9159134437686905,-4.6990269627150125,-2.199026962715009,-0.21085558495001117,-2.1469942575798227,-0.3526676319654771,-0.2223389288305688,0.002023,0.01,0.0,0.97,100,13,0,13
132,0.9142766359516363,-4.706194709690124,-2.2061947096901218,-0.21153859898456404,-2.154042856977761,-0.35393527988148343,-0.22312893194951222,0.002011,0.01,0.0,0.97,100,13,0,13
133,0.9202842290035107,-4.712828398453534,-2.2128283984535324,-0.21217605260468814,-2.1604831362033043,-0.3550041796254519,-0.2238363695160405,0.001999,0.01,0.0,0.97,100,13,0,13
134,0.9138300040766408,-4.719882664580204,-2.2198826645802026,-0.21286417890693732,-2.1674500706646986,-0.3562338092873909,-0.22465256209538348,0.001987,0.01,0.0,0.97,100,13,0,13
135,0.9129701751723905,-4.727123160013453,-2.227123160013452,-0.2136062575173811,-2.174558950111393,-0.35749656019553117,-0.22543174174243966,0.001975,0.01,0.0,0.97,100,13,0,13
136,0.9163323878417616,-4.733955513341059,-2.233955513341058,-0.2142568298902119,-2.1812387502843023,-0.3585863778955088,-0.22610007326730677,0.001963,0.01,0.0,0.97,100,13,0,13
137,0.9128180721048427,-4.741090364862283,-2.2410903648622833,-0.21497289318432844,-2.1882339672893645,-0.3597517194372285,-0.22686582473092193,0.001952,0.01,0.0,0.97,100,13,0,13
138,0.919989937950696,-4.747356234832775,-2.247356234832774,-0.21557299156345106,-2.1943429602843283,-0.36082795072459223,-0.22755852119040526,0.00194,0.01,0.0,0.97,100,13,0,13
139,0.9162514946193703,-4.754364677291324,-2.25436467729132,-0.21626216881749513,-2.2011696906270943,-0.36192699351597735,-0.22829368242071396,0.001929,0.01,0.0,0.97,100,13,0,13
140,0.9171123894103004,-4.760840101643968,-2.2608401016439648,-0.21693788206480794,-2.2074957571604377,-0.36299529577104445,-0.2289922360328689,0.001918,0.01,0.0,0.97,100,13,0,13
141,0.9205262360996619,-4.767121100226414,-2.267121100226412,-0.21751806625362763,-2.2136717743588306,-0.36409613966900634,-0.22965910423297575,0.001907,0.01,0.0,0.97,100,14,0,14
142,0.9177348639512701,-4.773582853419766,-2.2735828534197644,-0.21807221885313832,-2.2200532301647824,-0.3652189121819838,-0.230325749375902,0.001896,0.01,0.0,0.97,100,13,0,13
143,0.9145005585474432,-4.7804056090873726,-2.28040560908737,-0.218695566029267,-2.2267828163734937,-0.3664151236688104,-0.23105058291386546,0.001885,0.01,0.0,0.97,100,13,0,13
144,0.9156413579519633,-4.786889799906531,-2.2868897999065285,-0.219344703090909,-2.2331045970698633,-0.3674864868436294,-0.23176534790927927,0.001875,0.01,0.0,0.97,100,13,0,13
145,0.9104241649567762,-4.794017610074085,-2.294017610074082,-0.22001703619153737,-2.2400885406109263,-0.3686746484225903,-0.232524135851791,0.001864,0.01,0.0,0.97,100,13,0,13
146,0.9193840276148665,-4.800122085663002,-2.3001220856629994,-0.22060215456883248,-2.246081622060943,-0.36967883489167525,-0.2332084194909062,0.001854,0.01,0.0,0.97,100,13,0,13
147,0.9255902049651626,-4.805519825998511,-2.305519825998507,-0.22113877949706784,-2.25136487072304,-0.37057378925188517,-0.23382069936595246,0.001843,0.01,0.0,0.97,100,13,0,13
148,0.9141687058183796,-4.812012258191037,-2.3120122581910345,-0.22182082908346396,-2.2577347833013657,-0.3716366750962306,-0.2345964129816772,0.001833,0.01,0.0,0.97,100,13,0,13
149,0.9166876839007987,-4.818114958590031,-2.318114958590028,-0.22238746216771194,-2.2637046926208657,-0.3727601654695227,-0.23527550992577292,0.001823,0.01,0.0,0.97,100,13,0,13
150,0.9173861115850538,-4.824334616422952,-2.3243346164229486,-0.22301450666089637,-2.2697650083287018,-0.3738228855777939,-0.23596473861732306,0.001813,0.01,0.0,0.97,100,13,0,13
151,0.9182912556428691,-4.830325895854345,-2.330325895854342,-0.22356836521669182,-2.2755998452477577,-0.3747657969735029,-0.23660941812370023,0.001803,0.01,0.0,0.97,100,13,0,13
152,0.9157592357538914,-4.836618503116273,-2.33661850311627,-0.2241475990495893,-2.2817467874834145,-0.375777042449838,-0.23726701197094086,0.001794,0.01,0.0,0.97,100,13,0,13
153,0.9172171655823086,-4.842798148238358,-2.3427981482383546,-0.2247366510698517,-2.287789596539333,-0.3768498615820346,-0.23794299150161324,0.001784,0.01,0.0,0.97,100,13,0,13
154,0.9118653073423438,-4.849375979006297,-2.3493759790062927,-0.2253856193685459,-2.294238503060432,-0.3779821700768478,-0.2386512250711617,0.001774,0.01,0.0,0.97,100,13,0,13
155,0.9122338650470533,-4.855858999381498,-2.355858999381495,-0.22607279559717544,-2.300593267720521,-0.3790922600546331,-0.23938256107643985,0.001765,0.01,0.0,0.97,100,13,0,13
156,0.9131965886142497,-4.862479425434863,-2.3624794254348624,-0.22669829483793655,-2.3070644228021453,-0.38020253738472826,-0.24012711249535584,0.001756,0.01,0.0,0.97,100,14,0,14
157,0.9168645280794814,-4.868333035999557,-2.3683330359995565,-0.2272637406701075,-2.3127616975848317,-0.3811087521575323,-0.2407744378423095,0.001746,0.01,0.0,0.97,100,12,0,12
158,0.9179624394184168,-4.874224784589821,-2.3742247845898192,-0.2278309660527272,-2.31850999409166,-0.3820538167128609,-0.24140650685942075,0.001737,0.01,0.0,0.97,100,13,0,13
159,0.913108360183144,-4.880347838518316,-2.380347838518314,-0.22838436794024153,-2.324547752346454,-0.38315919378501334,-0.2420733560742547,0.001728,0.01,0.0,0.97,100,13,0,13
160,0.9155752805225256,-4.886276211199657,-2.3862762111996556,-0.2289280656244078,-2.330358464049668,-0.38414432309732144,-0.24271138326960434,0.001719,0.01,0.0,0.97,100,13,0,13
161,0.9122966402530325,-4.892526341252029,-2.3925263412520272,-0.22951139280019622,-2.336454590654719,-0.3852185610110014,-0.24337587079849282,0.001711,0.01,0.0,0.97,100,13,0,13
162,0.9206362579405867,-4.897904727453211,-2.3979047274532097,-0.2300074021241708,-2.341761801121309,-0.386172654267089,-0.24394470274276686,0.001702,0.01,0.0,0.97,100,13,0,13
163,0.9151292755184487,-4.903841207829737,-2.4038412078297378,-0.23053444767315667,-2.3476076764920504,-0.38719935147779594,-0.24457947934289426,0.001693,0.01,0.0,0.97,100,13,0,13
164,0.9055382241454497,-4.91064274935985,-2.4106427493598512,-0.2311909944262986,-2.3543332808170887,-0.38837254953986555,-0.24531305222704647,0.001685,0.01,0.0,0.97,100,13,0,13
165,0.9096576873309022,-4.917038748822686,-2.4170387488226894,-0.2318243036636741,-2.3606230701956075,-0.3894993736414743,-0.2460178645403701,0.001676,0.01,0.0,0.97,100,14,0,14
166,0.9167372522446213,-4.922618742982012,-2.422618742982015,-0.23237095631749033,-2.366142433068273,-0.3904471033429948,-0.24661133519035552,0.001668,0.01,0.0,0.97,100,13,0,13
167,0.9085506490008249,-4.929050550200381,-2.4290505502003836,-0.2329925714332072,-2.37248200910298,-0.39161253999901197,-0.24733417814453718,0.001659,0.01,0.0,0.97,100,13,0,13
168,0.911893604827563,-4.934987858961037,-2.4349878589610405,-0.23357164959061288,-2.378375628253326,-0.3926276629044474,-0.24798630545068626,0.001651,0.01,0.0,0.97,100,13,0,13
169,0.9088354354153424,-4.941388780739819,-2.4413887807398247,-0.23415574888697793,-2.3846895227847993,-0.39381607222540255,-0.24866068792254653,0.001643,0.01,0.0,0.97,100,13,0,13
170,0.9212676363514353,-4.946437695240034,-2.446437695240039,-0.23467043300202572,-2.3896567867503427,-0.39467214983536364,-0.24924188550030857,0.001635,0.01,0.0,0.97,100,13,0,13
171,0.9146866230121609,-4.952036960681159,-2.4520369606811663,-0.2352025563693594,-2.395189079116352,-0.395643332112033,-0.2498228480325089,0.001627,0.01,0.0,0.97,100,14,0,14
172,0.9106918870101851,-4.958047708870315,-2.458047708870319,-0.23580176333088906,-2.4010808257379868,-0.39665058205424664,-0.2504985562663422,0.001619,0.01,0.0,0.97,100,13,0,13
173,0.9134389962027406,-4.963950014855812,-2.4639500148558158,-0.23637636024300537,-2.406824123780039,-0.39765061253747347,-0.25112406848091584,0.001611,0.01,0.0,0.97,100,13,0,13
174,0.9126200550742158,-4.969728221068213,-2.4697282210682165,-0.23694736757881452,-2.4125103945703903,-0.39864133184492123,-0.25174411554889803,0.001603,0.01,0.0,0.97,100,13,0,13
175,0.9145490321387127,-4.975222118359202,-2.475222118359206,-0.2374735628349872,-2.41793760605051,-0.3996001210930231,-0.2523517088475943,0.001596,0.01,0.0,0.97,100,13,0,13
176,0.9168068074801561,-4.980632690443997,-2.4806326904440015,-0.2379837937486204,-2.4232322650568565,-0.40050985839442255,-0.2529457394282419,0.001588,0.01,0.0,0.97,100,14,0,14
177,0.9109937173996367,-4.986534790237246,-2.4865347902372505,-0.2385600437369975,-2.4290082190928497,-0.40152811871197486,-0.25357851891072586,0.00158,0.01,0.0,0.97,100,13,0,13
178,0.9153043035395977,-4.991839327792878,-2.4918393277928828,-0.23907743322169606,-2.43425928763885,-0.4024702441293797,-0.25421946851889105,0.001573,0.01,0.0,0.97,100,14,0,14
179,0.9252197681677831,-4.996173168243664,-2.4961731682436685,-0.23948590554507906,-2.4384908698225307,-0.4031684629862369,-0.2546836891265708,0.001565,0.01,0.0,0.97,100,13,0,13
180,0.9144258442465217,-5.001597581696625,-2.501597581696628,-0.24002981662979797,-2.443758615776663,-0.404043852603122,-0.255250844384089,0.001558,0.01,0.0,0.97,100,12,0,12
181,0.9142761952357155,-5.007083996199311,-2.5070839961993143,-0.24055397036645718,-2.449124248350349,-0.40507244959239647,-0.25587009851415615,0.001551,0.01,0.0,0.97,100,13,0,13
182,0.9147058330960794,-5.012346028861435,-2.5123460288614385,-0.2410526378645582,-2.454236810199557,-0.4059711455409468,-0.25642118398094865,0.001544,0.01,0.0,0.97,100,14,0,14
183,0.9178378378378378,-5.01745916835276,-2.5174591683527634,-0.24155226319753959,-2.459183877310614,-0.40674945708366056,-0.25693660582036054,0.001536,0.01,0.0,0.97,100,13,0,13
184,0.9069364456449722,-5.023266798159508,-2.523266798159512,-0.24209281419084927,-2.464885045763077,-0.4077570478386256,-0.2575286678785152,0.001529,0.01,0.0,0.97,100,13,0,13
185,0.9159668108453809,-5.028506907616387,-2.528506907616389,-0.2426403932814411,-2.470025478786229,-0.4086567809102859,-0.25809226284903797,0.001522,0.01,0.0,0.97,100,13,0,13
186,0.9119132972071696,-5.033930149173127,-2.5339301491731296,-0.2432092505109543,-2.475345619634633,-0.4095403541158097,-0.2587092682129381,0.001515,0.01,0.0,0.97,100,13,0,13
187,0.9219222261621329,-5.038499520762041,-2.538499520762044,-0.24363991110331146,-2.479805060772454,-0.4103562058154448,-0.2592004183507004,0.001509,0.01,0.0,0.97,100,13,0,13
188,0.912114414855042,-5.043908776363627,-2.543908776363629,-0.24414122343507413,-2.4850994310519523,-0.41128761333407043,-0.2598137656808901,0.001502,0.01,0.0,0.97,100,13,0,13
189,0.917229361794816,-5.048879740769428,-2.5488797407694292,-0.24462034394637897,-2.4899200393636765,-0.41212007015842494,-0.2603285552781599,0.001495,0.01,0.0,0.97,100,13,0,13
190,0.914607795514313,-5.05403749243529,-2.554037492435292,-0.24507911531023177,-2.495032012288954,-0.41307049629224196,-0.26088591365837943,0.001488,0.01,0.0,0.97,100,14,0,14
191,0.9069443978952307,-5.059786152881887,-2.5597861528818893,-0.2456160648782982,-2.5007225836712808,-0.41413323726243784,-0.2614813635409473,0.001482,0.01,0.0,0.97,100,13,0,13
192,0.9157203238783929,-5.064776074893087,-2.5647760748930892,-0.24612360933009658,-2.505577700896712,-0.41501272813181855,-0.2621046237958912,0.001475,0.01,0.0,0.97,100,13,0,13
193,0.9098942002984524,-5.070210123513961,-2.570210123513963,-0.24666361061150063,-2.5109333195269024,-0.41592433514262617,-0.26269201021309047,0.001469,0.01,0.0,0.97,100,13,0,13
194,0.9148148768357419,-5.075230690312359,-2.575230690312359,-0.24712667371976765,-2.515822361244248,-0.41677971350556625,-0.2632016343444906,0.001462,0.01,0.0,0.97,100,13,0,13
195,0.9157830342577488,-5.0800124919881045,-2.5800124919881036,-0.24755227809929686,-2.5205224401232895,-0.41754949333627944,-0.2636956893441894,0.001456,0.01,0.0,0.97,100,13,0,13
196,0.9152479394676395,-5.084941430915933,-2.5849414309159306,-0.24799056416249335,-2.525356368834861,-0.4183851877099103,-0.26419980323724984,0.001449,0.01,0.0,0.97,100,13,0,13
197,0.9146542445849589,-5.089883647332245,-2.5898836473322424,-0.2484140763128557,-2.5302382643517825,-0.4192886343983587,-0.2647099455737548,0.001443,0.01,0.0,0.97,100,13,0,13
198,0.9182487407981402,-5.094527229165574,-2.5945272291655734,-0.24887206531783218,-2.534798112112637,-0.4200414390548641,-0.2652362381387127,0.001437,0.01,0.0,0.97,100,13,0,13
199,0.9104592177279403,-5.099702924503148,-2.599702924503148,-0.24940246602814556,-2.5398905695238887,-0.42093010066410425,-0.2657970837343964,0.001431,0.01,0.0,0.97,100,13,0,13
200,0.9162637623628005,-5.104450259406518,-2.6044502594065166,-0.2498461499023845,-2.544527030246209,-0.42172705733775373,-0.26632947931738477,0.001424,0.01,0.0,0.97,100,13,0,13
201,0.9191573913482749,-5.108986739029855,-2.6089867390298522,-0.25029039006725873,-2.548967328153399,-0.4225075669004917,-0.2668344349846576,0.001418,0.01,0.0,0.97,100,13,0,13
202,0.9162712150637508,-5.113589997458334,-2.6135899974583325,-0.2507139334664333,-2.5535151886379155,-0.4232673131538376,-0.26731484496631525,0.001412,0.01,0.0,0.97,100,13,0,13
203,0.9194270667359912,-5.1180441269528245,-2.618044126952825,-0.251142638028266,-2.557874532721792,-0.4240057126016204,-0.2678131297505465,0.001406,0.01,0.0,0.97,100,13,0,13
204,0.9155133271672412,-5.1226618326302225,-2.6226618326302233,-0.25157234222801883,-2.5624016723306213,-0.4247996482627294,-0.26831724247551436,0.0014,0.01,0.0,0.97,100,13,0,13
205,0.9177474575413624,-5.127298284878652,-2.6272982848786532,-0.2520175103091966,-2.566953641666294,-0.4256384950259048,-0.26884991925699125,0.001395,0.01,0.0,0.97,100,14,0,14
206,0.9199616703651402,-5.131603143057077,-2.631603143057078,-0.2524203898485026,-2.57120887877707,-0.4264018683859714,-0.26934079122803695,0.001389,0.01,0.0,0.97,100,13,0,13
207,0.9181703523080804,-5.135965786971157,-2.6359657869711572,-0.2528524163249519,-2.575467164641318,-0.42710086216913457,-0.2698122644488944,0.001383,0.01,0.0,0.97,100,13,0,13
208,0.9128574797049214,-5.14082035241014,-2.64082035241014,-0.25331153738642465,-2.580236749782729,-0.4279028904722758,-0.27031353612423326,0.001377,0.01,0.0,0.97,100,13,0,13
209,0.9133200194673334,-5.1455744070691765,-2.6455744070691765,-0.25375053144353,-2.5849083317385233,-0.42871107187031976,-0.2708148563852378,0.001372,0.01,0.0,0.97,100,13,0,13
210,0.9178675315122539,-5.149983903172858,-2.6499839031728585,-0.2541901328116796,-2.589203210415731,-0.429458838417798,-0.2713178908765018,0.001366,0.01,0.0,0.97,100,13,0,13
211,0.9145630419165678,-5.154694144508628,-2.6546941445086287,-0.25460755981679695,-2.593844129967565,-0.4302600088448531,-0.27180111974585613,0.00136,0.01,0.0,0.97,100,13,0,13
212,0.9080504463078172,-5.159782769794662,-2.659782769794663,-0.2551249433003305,-2.598836490585465,-0.4311239471522531,-0.2723832598543969,0.001355,0.01,0.0,0.97,100,13,0,13
213,0.9198935507234172,-5.163934129278243,-2.6639341292782426,-0.25551582100106346,-2.6029422381293474,-0.4318622923568533,-0.2728370926262817,0.001349,0.01,0.0,0.97,100,13,0,13
214,0.9160072215566841,-5.16833003775635,-2.66833003775635,-0.25593174081463554,-2.607269337469643,-0.4326069737146476,-0.27332495035618637,0.001344,0.01,0.0,0.97,100,13,0,13
215,0.9123478436794011,-5.17305911681889,-2.673059116818889,-0.25639864828082287,-2.6119416862070337,-0.4334788176343949,-0.27387031734537715,0.001338,0.01,0.0,0.97,100,13,0,13
216,0.9139271378486865,-5.177577383335707,-2.6775773833357053,-0.2568367858616008,-2.616405887940865,-0.4342689634698472,-0.27437571618516304,0.001333,0.01,0.0,0.97,100,13,0,13
217,0.9158603979620625,-5.18208061355653,-2.682080613556528,-0.25726226819414627,-2.6207747258600427,-0.4350452248231981,-0.2748779544596525,0.001328,0.01,0.0,0.97,100,13,0,13
218,0.915575696542464,-5.186518819317517,-2.686518819317515,-0.2576798503775961,-2.625070947603738,-0.43575757518751074,-0.2753509469565975,0.001322,0.01,0.0,0.97,100,13,0,13
219,0.9164477229857182,-5.190723456462065,-2.6907234564620635,-0.2580635136624144,-2.62922778314939,-0.43646371017849717,-0.2757836584171774,0.001317,0.01,0.0,0.97,100,13,0,13
220,0.9106643297718157,-5.195470890287147,-2.6954708902871443,-0.25851978743256926,-2.6338889837272257,-0.4372837515127403,-0.27632446408663736,0.001312,0.01,0.0,0.97,100,13,0,13
221,0.9177164164063287,-5.199694742572233,-2.6996947425722304,-0.25891687540721475,-2.638018227090981,-0.43800463571847087,-0.276775647460679,0.001307,0.01,0.0,0.97,100,13,0,13
222,0.9106991561324431,-5.204360747389468,-2.704360747389466,-0.2593848508901201,-2.6426082817788314,-0.4388162599194189,-0.2773517017266186,0.001302,0.01,0.0,0.97,100,13,0,13
223,0.9117347285452198,-5.208854989629671,-2.7088549896296694,-0.2598267198614143,-2.647039236032549,-0.439582779920716,-0.2778716726403448,0.001297,0.01,0.0,0.97,100,13,0,13
224,0.9111336032388664,-5.213426466270363,-2.7134264662703615,-0.2602619069812824,-2.6515351717674207,-0.44041103871249454,-0.27840050390406923,0.001292,0.01,0.0,0.97,100,13,0,13
225,0.9190222701391463,-5.217517225550143,-2.7175172255501407,-0.2606481089850582,-2.655519143336565,-0.4410973190502578,-0.278837219444301,0.001287,0.01,0.0,0.97,100,13,0,13
226,0.9181193695575872,-5.22151634610139,-2.721516346101386,-0.2610088663006492,-2.6594378176401974,-0.4417770514519057,-0.2792636776174724,0.001282,0.01,0.0,0.97,100,13,0,13
227,0.9206435316256124,-5.225403704331348,-2.7254037043313426,-0.2613811879781231,-2.663232942955949,-0.44244634807522387,-0.27972668632998937,0.001277,0.01,0.0,0.97,100,13,0,13
228,0.9165609083371407,-5.229515901985101,-2.7295159019850948,-0.2618118846458924,-2.667262751646563,-0.443134564158766,-0.28018803904482176,0.001272,0.01,0.0,0.97,100,14,0,14
229,0.9200686631088753,-5.233355121453485,-2.73335512145348,-0.2621886700780747,-2.671021304452331,-0.4437852866861321,-0.28064252907004916,0.001267,0.01,0.0,0.97,100,13,0,13
230,0.908614913211105,-5.2379778747513495,-2.737977874751345,-0.26263114108919644,-2.675575561303537,-0.4445972692093069,-0.2811481807630701,0.001262,0.01,0.0,0.97,100,13,0,13
231,0.9145708313667318,-5.242214103190616,-2.7422141031906113,-0.26302930354666254,-2.679751152699528,-0.4453122856454919,-0.281620953173339,0.001257,0.01,0.0,0.97,100,13,0,13
232,0.9181354941107677,-5.246160899103,-2.7461608991029944,-0.2633998835724544,-2.6836413372981203,-0.44597918154495103,-0.28204241330647706,0.001253,0.01,0.0,0.97,100,13,0,13
233,0.918094791806132,-5.250154955645998,-2.7501549556459928,-0.26376368277970996,-2.6875496972253883,-0.4466679201373292,-0.28248172346235,0.001248,0.01,0.0,0.97,100,13,0,13
234,0.9195421703018435,-5.2540234918458655,-2.7540234918458606,-0.26414622587935577,-2.6913517777459606,-0.44735515648062746,-0.2829290388071567,0.001243,0.01,0.0,0.97,100,13,0,13
235,0.9201535117511208,-5.25766978043565,-2.757669780435646,-0.26448963534256137,-2.6949461912641475,-0.4479912278577684,-0.2833339706410595,0.001239,0.01,0.0,0.97,100,13,0,13
236,0.9167140706039819,-5.261713488939728,-2.7617134889397237,-0.26486955966470765,-2.698930807815541,-0.4487171851337048,-0.28376477419243856,0.001234,0.01,0.0,0.97,100,14,0,14
237,0.9149174268371257,-5.26575254933456,-2.765752549334555,-0.2652447306273989,-2.702904471551157,-0.44940760071026986,-0.28422613044372785,0.001229,0.01,0.0,0.97,100,13,0,13
238,0.9202815573218375,-5.269435167229833,-2.769435167229828,-0.26558862085976104,-2.7065125634717604,-0.4500108911726496,-0.2846110076869381,0.001225,0.01,0.0,0.97,100,13,0,13
239,0.9106288276831431,-5.273834853924723,-2.7738348539247166,-0.26603654075272193,-2.710895705789931,-0.45079352504582754,-0.28509825915800024,0.00122,0.01,0.0,0.97,100,13,0,13
240,0.9169567044976881,-5.277770075913894,-2.777770075913888,-0.266407555165276,-2.7147529872378597,-0.4514732741065551,-0.285528878548488,0.001216,0.01,0.0,0.97,100,13,0,13
241,0.9184404883522299,-5.281540295040293,-2.781540295040287,-0.26676570387630266,-2.71848947339237,-0.4521034784716867,-0.28595987585789245,0.001212,0.01,0.0,0.97,100,13,0,13
242,0.9200723821229814,-5.28509916281636,-2.785099162816357,-0.267113201051841,-2.721955831634686,-0.45270517627160667,-0.2863483809990078,0.001207,0.01,0.0,0.97,100,13,0,13
243,0.912865595942519,-5.289284131181634,-2.7892841311816325,-0.2675005386080451,-2.7260447018559226,-0.4534735926756122,-0.2868284486012313,0.001203,0.01,0.0,0.97,100,13,0,13
244,0.9169320460327891,-5.292961581112036,-2.7929615811120345,-0.26784716289999794,-2.729693985330229,-0.4541099485760338,-0.28723748540330335,0.001198,0.01,0.0,0.97,100,14,0,14
245,0.920786734814365,-5.29664187420064,-2.796641874200639,-0.26820480042103056,-2.733257902124645,-0.45474944223595365,-0.28763160621022377,0.001194,0.01,0.0,0.97,100,12,0,12
246,0.9245388485187256,-5.299842975754595,-2.7998429757545935,-0.2684990812523241,-2.7363588867044033,-0.45527860557005373,-0.2879843322148547,0.00119,0.01,0.0,0.97,100,13,0,13
247,0.9242757948183392,-5.3031397510583025,-2.803139751058298,-0.2687976711181847,-2.7396174692086412,-0.45587573135329695,-0.2883598906370467,0.001186,0.01,0.0,0.97,100,13,0,13
248,0.9151187357390349,-5.306944326857316,-2.806944326857314,-0.2691514796997632,-2.743358015431423,-0.4565608615417998,-0.28876541605110595,0.001181,0.01,0.0,0.97,100,13,0,13
249,0.9091911949054806,-5.311310761127677,-2.8113107611276735,-0.269560152270987,-2.7476733441139594,-0.4573432128168355,-0.28924322747688813,0.001177,0.01,0.0,0.97,100,13,0,13
250,0.9186436111999731,-5.314973600974713,-2.8149736009747084,-0.2699014444392355,-2.751267771972937,-0.45796194510346705,-0.28964580054641903,0.001173,0.01,0.0,0.97,100,13,0,13
251,0.9195435092724679,-5.318548666577955,-2.8185486665779518,-0.27027414240055403,-2.7547675587212783,-0.4585755091820704,-0.2900784735738634,0.001169,0.01,0.0,0.97,100,13,0,13
252,0.9203069361552736,-5.322013524652305,-2.822013524652303,-0.27061656106003096,-2.758161507303878,-0.4591748547881012,-0.2904641092630981,0.001165,0.01,0.0,0.97,100,13,0,13
253,0.9152352691818567,-5.325711958780944,-2.8257119587809405,-0.27096305557603795,-2.761810884965015,-0.4598511046919402,-0.2908697780177888,0.001161,0.01,0.0,0.97,100,13,0,13
254,0.9143920181526962,-5.329752587441721,-2.8297525874417175,-0.271334062947692,-2.765800977778422,-0.46058359135360216,-0.29129939658119414,0.001157,0.01,0.0,0.97,100,14,0,14
255,0.9019901241957204,-5.334481434141338,-2.8344814341413342,-0.27175291034023447,-2.7704879067280275,-0.4614107607947948,-0.2917790276880856,0.001153,0.01,0.0,0.97,100,13,0,13
256,0.9183037690238671,-5.337957047572876,-2.8379570475728717,-0.27207760929676567,-2.7738883272624686,-0.4619970240349363,-0.29216279546458723,0.001149,0.01,0.0,0.97,100,13,0,13
257,0.9195989214694978,-5.341464889008757,-2.8414648890087517,-0.27240629547525264,-2.7773029888736205,-0.46258755927183426,-0.2925371464793004,0.001145,0.01,0.0,0.97,100,13,0,13
258,0.9124138853588388,-5.345378810911108,-2.8453788109111025,-0.2728082585452748,-2.781132288300094,-0.4632560397592704,-0.2929696711561308,0.001141,0.01,0.0,0.97,100,13,0,13
259,0.91448959032908,-5.349162133647067,-2.8491621336470643,-0.273152920923366,-2.784835314988909,-0.4639360590691352,-0.293381734799209,0.001137,0.01,0.0,0.97,100,13,0,13
260,0.9130987210565912,-5.353092979692311,-2.8530929796923075,-0.2735381308510985,-2.788697501532141,-0.4646269829562233,-0.2938216497284795,0.001133,0.01,0.0,0.97,100,13,0,13
261,0.9096936062740928,-5.357173852500368,-2.857173852500363,-0.27393752891993967,-2.7927035171497296,-0.4653523930163395,-0.29429618419317266,0.001129,0.01,0.0,0.97,100,13,0,13
262,0.9106190372028066,-5.361212075862552,-2.8612120758625474,-0.27430989766305874,-2.796727889468655,-0.46609565945431897,-0.29474591357298363,0.001125,0.01,0.0,0.97,100,14,0,14
263,0.9137782434556301,-5.364938389196492,-2.8649383891964875,-0.2746609675170466,-2.8003900314003616,-0.466738474976385,-0.29514921937979277,0.001122,0.01,0.0,0.97,100,13,0,13
264,0.9140802997316592,-5.3686392266626015,-2.8686392266626006,-0.27502193081465753,-2.8040188701246866,-0.46736711693057,-0.29559950038744326,0.001118,0.01,0.0,0.97,100,13,0,13
265,0.916507963259459,-5.372176411608848,-2.872176411608848,-0.27535017432312503,-2.8074894205285035,-0.4679960077169606,-0.2959799639555085,0.001114,0.01,0.0,0.97,100,13,0,13
266,0.9131415201505569,-5.375876235912855,-2.875876235912855,-0.2757309321382376,-2.811158347784786,-0.4686768171891552,-0.29640602630742835,0.00111,0.01,0.0,0.97,100,13,0,13
267,0.9171807500294162,-5.379394616632157,-2.8793946166321582,-0.2760569423225868,-2.8146290351599723,-0.469292854466088,-0.2967922483509694,0.001107,0.01,0.0,0.97,100,13,0,13
268,0.9180790012417357,-5.382824647559507,-2.882824647559507,-0.2763775696508328,-2.8180011700248433,-0.46989040837966,-0.2971579458516204,0.001103,0.01,0.0,0.97,100,13,0,13
269,0.9123560545851159,-5.386561266902472,-2.886561266902473,-0.27672522266253496,-2.8217012790092317,-0.47058247039566414,-0.2975884099524441,0.001099,0.01,0.0,0.97,100,13,0,13
270,0.9173338704533629,-5.3900485795479245,-2.890048579547926,-0.27705975312210757,-2.825143984448909,-0.47117864197072334,-0.2979685849517907,0.001096,0.01,0.0,0.97,100,13,0,13
271,0.9122857094883893,-5.393775160965628,-2.8937751609656313,-0.2774013183377797,-2.828838025427044,-0.47184441746742234,-0.2984012097658333,0.001092,0.01,0.0,0.97,100,14,0,14
272,0.9110106598299824,-5.397553164363584,-2.897553164363588,-0.27776801550758823,-2.832548091314911,-0.4724801644552866,-0.29882015139037627,0.001088,0.01,0.0,0.97,100,13,0,13
273,0.9252164209387258,-5.400439901376267,-2.900439901376271,-0.27804764204778193,-2.8353877242436574,-0.4729622417212804,-0.2991501302230569,0.001085,0.01,0.0,0.97,100,13,0,13
274,0.9148410671087578,-5.403958605940704,-2.903958605940707,-0.27838533211849764,-2.8388278573662515,-0.473606078759371,-0.29955548409136823,0.001081,0.01,0.0,0.97,100,13,0,13
275,0.91741809816466,-5.407334637418113,-2.9073346374181153,-0.2787155196054538,-2.8421572019211165,-0.47421077940554857,-0.29994718116678193,0.001078,0.01,0.0,0.97,100,13,0,13
276,0.9163065956051716,-5.410731545390743,-2.9107315453907474,-0.27905425806413375,-2.845527193613785,-0.4748227821471096,-0.300338979162709,0.001074,0.01,0.0,0.97,100,13,0,13
277,0.9184895350209974,-5.4140044535083796,-2.914004453508383,-0.27936026427130456,-2.8487349065073833,-0.47541311800230884,-0.3007121403854101,0.001071,0.01,0.0,0.97,100,13,0,13
278,0.9146493174635196,-5.417542470656714,-2.9175424706567186,-0.2796949214369643,-2.8522205783730876,-0.476093334106271,-0.3011232772879691,0.001067,0.01,0.0,0.97,100,13,0,13
279,0.9142182492831843,-5.421011708854779,-2.921011708854786,-0.2800331536826737,-2.8556313017374007,-0.4766982689009303,-0.3015071590912519,0.001064,0.01,0.0,0.97,100,13,0,13
280,0.9149331414322294,-5.424502510256568,-2.924502510256575,-0.2803457718890202,-2.859054334989058,-0.4772848281179612,-0.3018801912560474,0.001061,0.01,0.0,0.97,100,13,0,13
281,0.9148674386071363,-5.427904072671125,-2.927904072671133,-0.2806533125799201,-2.8623954300479766,-0.4778884635442684,-0.3022583896218678,0.001057,0.01,0.0,0.97,100,13,0,13
282,0.9111399575171112,-5.431599419605187,-2.931599419605194,-0.2810226540549729,-2.8660213070633627,-0.47852121752370746,-0.30266445605139936,0.001054,0.01,0.0,0.97,100,13,0,13
283,0.9124354890906303,-5.4351029005870135,-2.9351029005870193,-0.28134472775687036,-2.869452609914888,-0.4791309519973587,-0.3030347756449916,0.001051,0.01,0.0,0.97,100,13,0,13
284,0.9192328655130126,-5.438192354071251,-2.938192354071257,-0.28165503524484636,-2.872502258253215,-0.47964784968370977,-0.3033907309472709,0.001047,0.01,0.0,0.97,100,13,0,13
285,0.9158094343105503,-5.441546317683539,-2.941546317683544,-0.2819688504157706,-2.875802562535262,-0.48023254229900003,-0.30375705562629707,0.001044,0.01,0.0,0.97,100,13,0,13
286,0.9195026726319141,-5.444670104517714,-2.944670104517719,-0.28227184990664045,-2.8788821324118277,-0.4807759756861529,-0.30410985990851436,0.001041,0.01,0.0,0.97,100,13,0,13
287,0.9170218478370306,-5.447913505243774,-2.947913505243777,-0.28258999115776867,-2.8820944168315963,-0.4813360293954541,-0.3044775224294834,0.001037,0.01,0.0,0.97,100,13,0,13
288,0.9273079801347031,-5.450515509549933,-2.950515509549937,-0.28283095219410287,-2.884634903443716,-0.4818131236055873,-0.3048040134390648,0.001034,0.01,0.0,0.97,100,13,0,13
289,0.9197213830144344,-5.453540079693793,-2.953540079693799,-0.2831137086178447,-2.8876324536901183,-0.48234427112307593,-0.30512645283612755,0.001031,0.01,0.0,0.97,100,13,0,13
290,0.9135181654038913,-5.456949172443879,-2.9569491724438866,-0.2834343659149855,-2.8909799792776547,-0.48294045228393717,-0.3055010820845733,0.001028,0.01,0.0,0.97,100,13,0,13
291,0.9136877637130801,-5.460379589844455,-2.9603795898444614,-0.28374866199636506,-2.894345641897611,-0.48355269797484024,-0.30586899837377535,0.001025,0.01,0.0,0.97,100,13,0,13
292,0.9148227296437766,-5.463684501316731,-2.9636845013167386,-0.28409308870453737,-2.8975989019725406,-0.4841290207578366,-0.30626764114455607,0.001022,0.01,0.0,0.97,100,14,0,14
293,0.9149319155319255,-5.467000013561133,-2.9670000135611407,-0.2844211138592192,-2.9008238530588937,-0.48470738886173015,-0.3066547886357481,0.001018,0.01,0.0,0.97,100,13,0,13
294,0.9235213623232477,-5.4697658363349975,-2.9697658363350037,-0.2846867145384259,-2.9035217704603395,-0.48518122077985604,-0.3069625746240387,0.001015,0.01,0.0,0.97,100,13,0,13
295,0.9054051775023189,-5.47362322844163,-2.973623228441637,-0.2850623531622155,-2.9073214407782464,-0.48584997713581296,-0.30738223406074716,0.001012,0.01,0.0,0.97,100,13,0,13
296,0.923773305512553,-5.476390483291765,-2.976390483291771,-0.2853269858921825,-2.910041440601198,-0.4863522817199471,-0.3077237578786306,0.001009,0.01,0.0,0.97,100,13,0,13
297,0.9165943093775046,-5.479570006446426,-2.979570006446433,-0.2856171342763746,-2.913165340842125,-0.48695862570709425,-0.30809020384870855,0.001006,0.01,0.0,0.97,100,13,0,13
298,0.9071830085159379,-5.483280896569546,-2.9832808965695534,-0.285987144573689,-2.9168050384281674,-0.4876119563758085,-0.3085264723226834,0.001003,0.01,0.0,0.97,100,13,0,13
299,0.9117607549450919,-5.486537978898281,-2.986537978898289,-0.28628511051670386,-2.9200245791187367,-0.4882068810578238,-0.3088962303807177,0.001,0.01,0.0,0.97,100,13,1,14
