2022-01-03 12:51:00,1
2022-01-03 14:23:00,2
2022-01-03 14:26:00,3
2022-01-03 14:28:00,6
2022-01-03 14:29:00,8
2022-01-03 14:31:00,9
2022-01-03 14:32:00,10
2022-01-03 14:35:00,11
2022-01-03 14:36:00,13
2022-01-03 14:38:00,14
2022-01-03 14:39:00,16
2022-01-03 14:42:00,18
2022-01-03 14:43:00,19
2022-01-03 14:44:00,21
2022-01-03 14:46:00,22
2022-01-03 14:47:00,23
2022-01-03 14:53:00,24
2022-01-03 14:55:00,25
2022-01-03 14:56:00,26
2022-01-03 14:58:00,28
2022-01-03 15:02:00,29
2022-01-03 15:04:00,30
2022-01-03 15:08:00,31
2022-01-03 15:09:00,32
2022-01-03 15:11:00,33
2022-01-03 15:15:00,34
2022-01-03 15:18:00,35
2022-01-03 15:20:00,36
2022-01-03 15:27:00,37
2022-01-03 15:30:00,38
2022-01-03 15:31:00,39
2022-01-03 15:34:00,40
2022-01-03 15:35:00,41
2022-01-03 15:37:00,42
2022-01-03 15:50:00,43
2022-01-03 16:00:00,44
2022-01-04 05:56:00,46
2022-01-04 08:53:00,47
2022-01-04 10:24:00,48
2022-01-04 12:03:00,49
2022-01-04 12:04:00,50
2022-01-04 12:07:00,52
2022-01-04 13:23:00,53
2022-01-04 13:27:00,54
2022-01-04 13:30:00,55
2022-01-04 13:33:00,56
2022-01-04 13:54:00,57
2022-01-04 13:56:00,58
2022-01-04 14:00:00,59
2022-01-04 14:05:00,60
2022-01-04 14:11:00,61
2022-01-04 14:13:00,62
2022-01-04 14:14:00,63
2022-01-04 14:28:00,64
2022-01-04 14:31:00,65
2022-01-04 14:35:00,66
2022-01-04 14:36:00,68
2022-01-04 14:37:00,69
2022-01-04 14:38:00,70
2022-01-04 14:39:00,72
2022-01-04 14:40:00,74
2022-01-04 14:41:00,75
2022-01-04 14:57:00,76
2022-01-04 15:05:00,77
2022-01-04 15:09:00,78
2022-01-04 15:14:00,79
2022-01-04 15:25:00,80
2022-01-04 15:28:00,81
2022-01-04 17:01:00,82
2022-01-04 19:03:00,83
2022-01-04 19:08:00,84
2022-01-05 05:54:00,85
2022-01-05 06:02:00,86
2022-01-05 06:06:00,87
2022-01-05 06:09:00,88
2022-01-05 06:11:00,90
2022-01-05 06:22:00,91
2022-01-05 06:28:00,92
2022-01-05 06:33:00,93
2022-01-05 06:46:00,94
2022-01-05 06:56:00,95
2022-01-05 06:58:00,96
2022-01-05 07:01:00,97
2022-01-05 07:02:00,98
2022-01-05 07:05:00,99
2022-01-05 07:12:00,100
2022-01-05 07:26:00,101
2022-01-05 08:53:00,102
2022-01-05 10:55:00,103
2022-01-05 11:13:00,104
2022-01-05 12:10:00,105
2022-01-05 12:27:00,106
2022-01-05 12:29:00,107
2022-01-05 12:37:00,110
2022-01-05 12:48:00,111
2022-01-05 12:53:00,112
2022-01-05 12:54:00,114
2022-01-05 12:55:00,115
2022-01-05 12:56:00,116
2022-01-05 13:02:00,117
2022-01-05 13:03:00,118
2022-01-05 13:19:00,119
2022-01-05 13:20:00,120
2022-01-05 13:21:00,121
2022-01-05 14:47:00,122
2022-01-05 14:49:00,123
2022-01-05 15:36:00,124
2022-01-05 15:37:00,125
2022-01-05 15:45:00,126
2022-01-05 16:34:00,127
2022-01-05 16:53:00,128
2022-01-05 17:19:00,129
2022-01-05 17:23:00,130
2022-01-05 17:32:00,131
2022-01-05 17:40:00,132
2022-01-05 17:52:00,133
2022-01-05 19:54:00,134
2022-01-05 20:09:00,135
2022-01-05 20:14:00,136
2022-01-05 20:57:00,137
2022-01-06 05:16:00,138
2022-01-06 05:17:00,140
2022-01-06 05:34:00,141
2022-01-06 05:43:00,142
2022-01-06 05:44:00,143
2022-01-06 05:45:00,144
2022-01-06 05:48:00,145
2022-01-06 05:50:00,146
2022-01-06 05:56:00,147
2022-01-06 06:04:00,148
2022-01-06 06:05:00,149
2022-01-06 06:11:00,150
2022-01-06 06:37:00,151
2022-01-06 06:41:00,152
2022-01-06 06:47:00,153
2022-01-06 07:00:00,155
2022-01-06 07:16:00,156
2022-01-06 07:37:00,157
2022-01-06 09:19:00,158
2022-01-06 10:08:00,159
2022-01-06 11:04:00,160
2022-01-06 11:08:00,161
2022-01-06 13:49:00,162
2022-01-06 14:28:00,163
2022-01-06 14:29:00,164
2022-01-06 14:30:00,165
2022-01-06 14:31:00,166
2022-01-06 14:32:00,168
2022-01-06 14:33:00,169
2022-01-06 14:42:00,170
2022-01-06 14:45:00,173
2022-01-06 14:47:00,174
2022-01-06 15:05:00,175
2022-01-06 15:06:00,176
2022-01-06 15:07:00,177
2022-01-06 15:11:00,178
2022-01-06 15:15:00,179
2022-01-06 15:17:00,180
2022-01-06 15:27:00,181
2022-01-06 15:29:00,182
2022-01-06 15:33:00,184
2022-01-06 15:41:00,188
2022-01-06 15:42:00,189
2022-01-06 15:44:00,191
2022-01-06 15:45:00,193
2022-01-06 15:47:00,194
2022-01-06 15:49:00,195
2022-01-06 15:52:00,196
2022-01-06 15:55:00,197
2022-01-06 15:59:00,198
2022-01-06 16:05:00,199
2022-01-06 16:07:00,200
2022-01-06 16:11:00,201
2022-01-06 16:12:00,203
2022-01-06 16:18:00,205
2022-01-06 16:19:00,206
2022-01-06 16:22:00,207
2022-01-06 16:23:00,208
2022-01-06 16:24:00,210
2022-01-06 16:34:00,211
2022-01-06 16:41:00,213
2022-01-06 16:46:00,214
2022-01-06 16:47:00,215
2022-01-06 16:53:00,217
2022-01-06 16:54:00,218
2022-01-06 16:58:00,219
2022-01-06 17:02:00,220
2022-01-06 17:05:00,222
2022-01-06 17:11:00,223
2022-01-06 17:20:00,224
2022-01-06 17:24:00,225
2022-01-06 17:30:00,226
2022-01-06 17:32:00,227
2022-01-06 17:35:00,228
2022-01-06 17:36:00,229
2022-01-06 17:37:00,230
2022-01-06 17:44:00,231
2022-01-06 17:45:00,232
2022-01-06 17:59:00,233
2022-01-06 18:09:00,234
2022-01-06 18:19:00,235
2022-01-06 18:32:00,236
2022-01-06 18:42:00,237
2022-01-06 19:28:00,238
2022-01-06 19:37:00,239
2022-01-06 20:06:00,240
2022-01-06 20:21:00,241
2022-01-07 05:24:00,242
2022-01-07 05:27:00,243
2022-01-07 05:44:00,244
2022-01-07 08:50:00,245
2022-01-07 09:55:00,246
2022-01-07 12:36:00,247
2022-01-07 13:19:00,248
2022-01-07 13:35:00,249
2022-01-07 13:58:00,250
2022-01-07 14:06:00,251
2022-01-07 15:40:00,252
2022-01-07 15:46:00,253
2022-01-07 15:50:00,254
2022-01-07 15:54:00,255
2022-01-07 16:56:00,256
2022-01-07 17:04:00,257
2022-01-07 18:43:00,258
2022-01-08 08:38:00,259
2022-01-08 08:55:00,260
2022-01-08 08:56:00,261
2022-01-08 09:16:00,262
2022-01-08 09:44:00,263
2022-01-08 09:46:00,264
2022-01-08 10:06:00,265
2022-01-08 10:16:00,266
2022-01-08 11:24:00,267
2022-01-08 11:28:00,268
2022-01-08 11:30:00,269
2022-01-08 11:31:00,270
2022-01-08 11:32:00,271
2022-01-08 11:34:00,272
2022-01-08 11:38:00,274
2022-01-08 11:40:00,275
2022-01-08 11:50:00,276
2022-01-08 11:52:00,277
2022-01-08 13:44:00,278
2022-01-08 14:05:00,279
2022-01-08 17:18:00,280
2022-01-08 17:24:00,281
2022-01-09 16:05:00,282
2022-01-09 19:01:00,283
2022-01-03 14:11:00,1
2022-01-03 14:14:00,2
2022-01-03 14:32:00,3
2022-01-03 14:56:00,4
2022-01-03 15:16:00,5
2022-01-03 17:41:00,6
2022-01-04 09:00:00,7
2022-01-04 09:09:00,8
2022-01-04 09:50:00,9
2022-01-04 09:51:00,10
2022-01-04 13:36:00,11
2022-01-04 13:51:00,12
2022-01-04 13:52:00,13
2022-01-04 14:00:00,15
2022-01-04 14:05:00,16
2022-01-04 14:06:00,17
2022-01-04 14:11:00,18
2022-01-04 14:15:00,19
2022-01-04 14:20:00,20
2022-01-04 14:23:00,21
2022-01-04 14:26:00,22
2022-01-04 14:30:00,23
2022-01-04 14:31:00,25
2022-01-04 14:33:00,26
2022-01-04 14:36:00,27
2022-01-04 14:37:00,28
2022-01-04 14:39:00,29
2022-01-04 14:40:00,30
2022-01-04 14:50:00,31
2022-01-04 14:51:00,32
2022-01-04 14:56:00,33
2022-01-04 14:58:00,34
2022-01-04 14:59:00,35
2022-01-04 15:00:00,37
2022-01-04 15:02:00,38
2022-01-04 15:04:00,39
2022-01-04 15:08:00,40
2022-01-04 15:16:00,41
2022-01-04 15:42:00,42
2022-01-04 15:46:00,43
2022-01-04 15:57:00,44
2022-01-04 16:27:00,45
2022-01-04 16:36:00,46
2022-01-04 16:39:00,47
2022-01-04 17:40:00,48
2022-01-04 17:54:00,49
2022-01-04 17:58:00,50
2022-01-05 05:56:00,52
2022-01-05 06:03:00,53
2022-01-05 06:35:00,54
2022-01-05 06:38:00,55
2022-01-05 06:42:00,56
2022-01-05 06:59:00,57
2022-01-05 07:02:00,58
2022-01-05 07:05:00,59
2022-01-05 07:06:00,61
2022-01-05 07:16:00,63
2022-01-05 07:21:00,64
2022-01-05 07:25:00,65
2022-01-05 07:40:00,66
2022-01-05 07:46:00,67
2022-01-05 07:48:00,68
2022-01-05 07:52:00,69
2022-01-05 07:53:00,70
2022-01-05 08:07:00,71
2022-01-05 08:13:00,72
2022-01-05 08:21:00,73
2022-01-05 08:22:00,74
2022-01-05 08:52:00,75
2022-01-05 11:35:00,76
2022-01-05 12:00:00,77
2022-01-05 12:02:00,78
2022-01-05 13:46:00,79
2022-01-05 14:10:00,80
2022-01-05 14:23:00,81
2022-01-05 14:27:00,82
2022-01-05 14:36:00,83
2022-01-05 14:54:00,84
2022-01-05 15:04:00,85
2022-01-05 16:38:00,87
2022-01-05 17:00:00,88
2022-01-05 17:03:00,91
2022-01-05 17:25:00,93
2022-01-05 17:29:00,94
2022-01-05 17:38:00,95
2022-01-05 17:44:00,96
2022-01-05 18:55:00,97
2022-01-05 18:58:00,98
2022-01-05 19:03:00,99
2022-01-05 19:29:00,100
2022-01-05 20:45:00,101
2022-01-05 20:54:00,102
2022-01-05 20:56:00,103
2022-01-06 05:47:00,104
2022-01-06 05:53:00,105
2022-01-06 05:56:00,107
2022-01-06 06:07:00,108
2022-01-06 06:33:00,109
2022-01-06 07:01:00,110
2022-01-06 07:33:00,111
2022-01-06 07:37:00,112
2022-01-06 07:40:00,113
2022-01-06 07:45:00,114
2022-01-06 07:52:00,115
2022-01-06 07:58:00,116
2022-01-06 08:40:00,117
2022-01-06 08:42:00,118
2022-01-06 09:13:00,119
2022-01-06 09:27:00,120
2022-01-06 09:47:00,121
2022-01-06 09:50:00,122
2022-01-06 11:39:00,123
2022-01-06 16:23:00,124
2022-01-06 16:30:00,125
2022-01-07 07:03:00,126
2022-01-07 08:50:00,127
2022-01-07 08:52:00,128
2022-01-07 09:15:00,129
2022-01-07 09:26:00,130
2022-01-07 09:39:00,131
2022-01-07 09:58:00,132
2022-01-07 10:42:00,133
2022-01-07 10:54:00,134
2022-01-07 11:16:00,135
2022-01-07 11:19:00,136
2022-01-07 11:25:00,137
2022-01-07 11:42:00,138
2022-01-07 12:13:00,139
2022-01-07 12:29:00,140
2022-01-07 12:42:00,141
2022-01-08 08:50:00,142
2022-01-08 09:10:00,143
2022-01-08 09:41:00,144
2022-01-08 09:50:00,145
2022-01-08 10:02:00,146
2022-01-08 10:10:00,147
2022-01-08 10:23:00,148
2022-01-08 10:35:00,149
2022-01-08 10:40:00,150
2022-01-08 11:01:00,151
2022-01-08 11:56:00,152
2022-01-08 11:58:00,153
2022-01-08 12:02:00,154
2022-01-08 14:10:00,155
2022-01-08 14:21:00,156
2022-01-08 15:00:00,157
2022-01-08 15:25:00,158
2022-01-08 15:50:00,159
2022-01-08 16:48:00,160
2022-01-08 17:03:00,161
2022-01-08 17:05:00,162
2022-01-08 17:29:00,163
2022-01-08 17:31:00,164
2022-01-08 17:49:00,165
2022-01-09 09:58:00,166
2022-01-09 10:05:00,167
2022-01-09 10:34:00,168
2022-01-09 17:16:00,169
2022-01-09 17:51:00,171
2022-01-09 17:53:00,172
2022-01-09 17:57:00,173
2022-01-09 18:00:00,174
2022-01-09 18:03:00,175
2022-01-09 22:00:00,176
2022-01-03 07:13:00,1
2022-01-03 07:16:00,3
2022-01-03 09:44:00,4
2022-01-03 09:46:00,5
2022-01-03 10:17:00,6
2022-01-03 10:18:00,7
2022-01-03 10:49:00,8
2022-01-03 11:05:00,9
2022-01-03 11:52:00,10
2022-01-03 11:54:00,11
2022-01-03 12:18:00,12
2022-01-03 14:15:00,13
2022-01-03 15:05:00,14
2022-01-03 15:06:00,15
2022-01-03 15:10:00,16
2022-01-03 15:15:00,17
2022-01-03 15:18:00,18
2022-01-03 15:26:00,19
2022-01-03 16:37:00,21
2022-01-03 16:48:00,22
2022-01-03 16:50:00,23
2022-01-03 16:56:00,24
2022-01-03 17:02:00,25
2022-01-03 17:48:00,26
2022-01-03 19:15:00,27
2022-01-03 20:00:00,28
2022-01-04 09:35:00,29
2022-01-04 09:37:00,30
2022-01-04 09:48:00,31
2022-01-04 09:50:00,32
2022-01-04 09:53:00,33
2022-01-04 11:26:00,34
2022-01-04 18:55:00,35
2022-01-04 19:30:00,36
2022-01-04 19:34:00,37
2022-01-04 19:54:00,38
2022-01-04 20:05:00,39
2022-01-05 04:46:00,40
2022-01-05 05:04:00,42
2022-01-05 05:05:00,43
2022-01-05 05:10:00,44
2022-01-05 05:19:00,45
2022-01-05 05:43:00,46
2022-01-05 05:44:00,47
2022-01-05 05:51:00,49
2022-01-05 06:01:00,51
2022-01-05 06:11:00,53
2022-01-05 06:13:00,54
2022-01-05 06:24:00,55
2022-01-05 06:37:00,56
2022-01-05 06:54:00,57
2022-01-05 06:56:00,58
2022-01-05 06:59:00,59
2022-01-05 07:32:00,60
2022-01-05 07:58:00,61
2022-01-05 08:02:00,62
2022-01-05 08:48:00,63
2022-01-05 09:52:00,64
2022-01-05 10:04:00,65
2022-01-05 10:14:00,66
2022-01-05 10:25:00,67
2022-01-05 11:02:00,68
2022-01-05 11:14:00,69
2022-01-05 11:15:00,70
2022-01-05 11:23:00,71
2022-01-05 11:25:00,72
2022-01-05 11:27:00,73
2022-01-05 11:28:00,74
2022-01-05 11:49:00,75
2022-01-05 11:53:00,76
2022-01-05 11:58:00,77
2022-01-05 12:03:00,78
2022-01-05 12:04:00,79
2022-01-05 12:18:00,80
2022-01-05 17:01:00,81
2022-01-05 18:52:00,82
2022-01-05 18:54:00,83
2022-01-05 21:03:00,84
2022-01-06 08:06:00,85
2022-01-06 09:18:00,86
2022-01-06 09:57:00,87
2022-01-06 10:04:00,88
2022-01-06 10:30:00,89
2022-01-06 10:49:00,90
2022-01-06 11:07:00,91
2022-01-06 11:11:00,92
2022-01-06 11:22:00,93
2022-01-06 11:33:00,94
2022-01-06 13:55:00,96
2022-01-06 13:56:00,97
2022-01-06 14:03:00,98
2022-01-06 14:04:00,99
2022-01-06 14:18:00,100
2022-01-06 14:19:00,101
2022-01-06 14:24:00,102
2022-01-06 14:51:00,103
2022-01-06 15:02:00,104
2022-01-06 15:26:00,105
2022-01-06 15:45:00,106
2022-01-06 15:52:00,107
2022-01-06 16:18:00,108
2022-01-06 16:39:00,109
2022-01-06 16:41:00,110
2022-01-06 16:55:00,111
2022-01-06 17:00:00,112
2022-01-06 17:02:00,113
2022-01-06 17:08:00,114
2022-01-06 17:23:00,115
2022-01-06 17:37:00,116
2022-01-07 06:45:00,117
2022-01-07 06:47:00,118
2022-01-07 07:29:00,119
2022-01-07 07:43:00,120
2022-01-07 07:56:00,121
2022-01-07 10:58:00,122
2022-01-07 11:06:00,123
2022-01-07 11:35:00,124
2022-01-07 11:38:00,125
2022-01-07 11:40:00,126
2022-01-07 11:46:00,127
2022-01-07 11:50:00,128
2022-01-07 11:55:00,129
2022-01-07 11:59:00,130
2022-01-07 15:18:00,131
2022-01-07 15:29:00,132
2022-01-07 16:06:00,133
2022-01-07 16:33:00,134
2022-01-07 16:36:00,135
2022-01-07 16:39:00,136
2022-01-07 16:42:00,137
2022-01-07 17:22:00,138
2022-01-07 17:50:00,139
2022-01-07 21:02:00,140
2022-01-08 05:45:00,141
2022-01-08 06:03:00,142
2022-01-08 06:27:00,143
2022-01-08 06:47:00,144
2022-01-08 08:29:00,145
2022-01-08 08:32:00,146
2022-01-08 08:38:00,147
2022-01-08 08:52:00,148
2022-01-08 09:02:00,149
2022-01-08 10:14:00,150
2022-01-08 10:26:00,151
2022-01-08 10:29:00,152
2022-01-08 11:12:00,153
2022-01-08 11:34:00,154
2022-01-08 11:39:00,155
2022-01-08 12:22:00,156
2022-01-08 12:25:00,157
2022-01-08 12:31:00,158
2022-01-08 12:36:00,159
2022-01-08 12:48:00,160
2022-01-08 12:57:00,161
2022-01-08 13:05:00,162
2022-01-08 13:12:00,163
2022-01-08 13:59:00,164
2022-01-08 14:06:00,166
2022-01-08 14:24:00,167
2022-01-08 14:25:00,168
2022-01-08 14:33:00,169
2022-01-08 14:40:00,171
2022-01-08 17:17:00,172
2022-01-08 17:34:00,173
2022-01-08 17:38:00,174
2022-01-08 17:50:00,176
2022-01-08 17:54:00,177
2022-01-08 17:57:00,178
2022-01-08 17:58:00,179
2022-01-08 18:06:00,181
2022-01-08 18:38:00,182
2022-01-08 19:04:00,183
2022-01-08 19:24:00,184
2022-01-08 19:38:00,185
2022-01-08 19:40:00,186
2022-01-09 14:17:00,187
2022-01-09 16:13:00,188
2022-01-09 16:49:00,189
2022-01-09 19:24:00,190
2022-01-09 20:16:00,191
2022-01-03 08:20:00,1
2022-01-03 08:23:00,2
2022-01-03 11:50:00,3
2022-01-03 11:55:00,4
2022-01-03 14:45:00,5
2022-01-03 14:57:00,6
2022-01-03 14:58:00,7
2022-01-03 15:26:00,8
2022-01-03 15:39:00,9
2022-01-03 15:53:00,10
2022-01-03 15:55:00,11
2022-01-03 16:36:00,12
2022-01-03 16:57:00,13
2022-01-03 17:07:00,14
2022-01-03 17:58:00,15
2022-01-03 18:04:00,16
2022-01-03 18:25:00,17
2022-01-03 19:24:00,18
2022-01-04 07:10:00,19
2022-01-04 09:46:00,20
2022-01-04 10:06:00,21
2022-01-04 12:42:00,22
2022-01-04 12:58:00,23
2022-01-04 14:56:00,24
2022-01-04 15:26:00,25
2022-01-04 15:42:00,26
2022-01-04 15:50:00,27
2022-01-04 16:10:00,28
2022-01-04 16:24:00,29
2022-01-04 16:28:00,30
2022-01-04 16:45:00,31
2022-01-04 17:44:00,32
2022-01-04 17:55:00,33
2022-01-04 18:04:00,34
2022-01-04 19:03:00,35
2022-01-04 19:24:00,36
2022-01-04 19:57:00,37
2022-01-04 20:01:00,38
2022-01-05 05:25:00,39
2022-01-05 05:28:00,41
2022-01-05 11:38:00,42
2022-01-05 11:54:00,43
2022-01-05 13:11:00,44
2022-01-05 13:18:00,45
2022-01-05 14:20:00,46
2022-01-05 14:23:00,47
2022-01-05 15:52:00,48
2022-01-05 15:53:00,49
2022-01-05 16:03:00,50
2022-01-05 16:52:00,51
2022-01-05 18:44:00,52
2022-01-06 07:28:00,53
2022-01-06 08:29:00,54
2022-01-06 09:09:00,55
2022-01-06 09:28:00,56
2022-01-06 09:41:00,57
2022-01-06 09:44:00,58
2022-01-06 09:55:00,59
2022-01-06 09:57:00,60
2022-01-06 09:58:00,61
2022-01-06 10:10:00,62
2022-01-06 10:24:00,63
2022-01-06 10:30:00,64
2022-01-06 10:41:00,65
2022-01-06 10:42:00,66
2022-01-06 11:30:00,67
2022-01-06 11:38:00,68
2022-01-06 11:40:00,69
2022-01-06 11:43:00,70
2022-01-06 11:45:00,71
2022-01-06 12:11:00,72
2022-01-06 12:35:00,73
2022-01-06 13:07:00,74
2022-01-06 13:13:00,75
2022-01-06 13:23:00,76
2022-01-06 14:29:00,77
2022-01-06 14:59:00,78
2022-01-06 15:01:00,79
2022-01-06 15:20:00,80
2022-01-06 15:55:00,81
2022-01-06 16:36:00,82
2022-01-07 05:55:00,83
2022-01-07 06:17:00,84
2022-01-07 06:20:00,85
2022-01-07 06:26:00,86
2022-01-07 06:43:00,87
2022-01-07 06:55:00,88
2022-01-07 07:00:00,89
2022-01-07 11:01:00,90
2022-01-07 11:28:00,91
2022-01-07 11:40:00,92
2022-01-07 11:48:00,93
2022-01-07 11:59:00,94
2022-01-07 12:11:00,95
2022-01-07 12:36:00,96
2022-01-07 13:30:00,97
2022-01-07 13:34:00,98
2022-01-07 13:35:00,99
2022-01-07 13:41:00,100
2022-01-07 13:44:00,102
2022-01-07 13:56:00,103
2022-01-07 14:02:00,104
2022-01-07 14:08:00,105
2022-01-07 14:09:00,106
2022-01-07 14:12:00,107
2022-01-07 14:13:00,108
2022-01-07 14:18:00,109
2022-01-07 14:20:00,110
2022-01-07 14:28:00,111
2022-01-07 14:29:00,112
2022-01-07 14:39:00,113
2022-01-07 14:41:00,114
2022-01-07 14:44:00,115
2022-01-07 14:47:00,116
2022-01-07 14:52:00,117
2022-01-07 15:06:00,118
2022-01-07 15:08:00,119
2022-01-07 16:53:00,120
2022-01-08 11:41:00,121
2022-01-08 15:39:00,122
2022-01-08 15:42:00,123
2022-01-08 20:05:00,124
2022-01-08 20:14:00,125
2022-01-08 20:24:00,126
2022-01-08 20:51:00,127
2022-01-08 21:16:00,128
2022-01-08 21:47:00,129
2022-01-09 11:55:00,130
2022-01-09 12:28:00,131
2022-01-09 14:03:00,132
2022-01-09 14:07:00,133
2022-01-09 14:27:00,134
2022-01-09 14:34:00,135
2022-01-09 18:30:00,136
2022-01-09 18:39:00,137
2022-01-09 19:09:00,138
2022-01-09 19:19:00,139
2022-01-09 20:24:00,140
2022-01-09 20:39:00,141
2022-01-09 21:33:00,142
2022-01-03 08:54:00,1
2022-01-03 13:59:00,2
2022-01-03 14:10:00,3
2022-01-03 14:24:00,4
2022-01-03 14:33:00,5
2022-01-03 14:42:00,6
2022-01-03 14:58:00,7
2022-01-03 15:00:00,9
2022-01-03 15:06:00,11
2022-01-03 15:19:00,12
2022-01-03 15:25:00,13
2022-01-03 16:45:00,14
2022-01-03 16:46:00,15
2022-01-03 16:49:00,16
2022-01-03 16:52:00,17
2022-01-03 16:56:00,18
2022-01-03 16:58:00,19
2022-01-03 16:59:00,20
2022-01-03 17:00:00,21
2022-01-03 17:01:00,22
2022-01-03 17:39:00,23
2022-01-03 18:05:00,24
2022-01-04 05:11:00,25
2022-01-04 05:27:00,26
2022-01-04 06:48:00,27
2022-01-04 07:01:00,28
2022-01-04 07:12:00,29
2022-01-04 07:24:00,30
2022-01-04 07:52:00,31
2022-01-04 07:56:00,32
2022-01-04 08:54:00,33
2022-01-04 09:04:00,34
2022-01-04 10:23:00,35
2022-01-04 10:49:00,36
2022-01-04 11:01:00,37
2022-01-04 11:12:00,38
2022-01-04 11:28:00,39
2022-01-04 11:39:00,40
2022-01-04 12:01:00,41
2022-01-04 12:04:00,42
2022-01-04 12:18:00,43
2022-01-04 12:19:00,44
2022-01-04 12:21:00,45
2022-01-04 12:26:00,46
2022-01-04 12:28:00,47
2022-01-04 13:31:00,48
2022-01-04 14:16:00,49
2022-01-04 14:22:00,50
2022-01-04 14:26:00,51
2022-01-04 14:37:00,53
2022-01-04 14:39:00,54
2022-01-04 14:41:00,55
2022-01-04 14:43:00,56
2022-01-04 14:44:00,57
2022-01-04 14:47:00,58
2022-01-04 14:59:00,59
2022-01-04 15:28:00,60
2022-01-04 18:15:00,61
2022-01-05 06:51:00,62
2022-01-05 06:54:00,63
2022-01-05 06:58:00,64
2022-01-05 06:59:00,65
2022-01-05 07:01:00,67
2022-01-05 07:02:00,68
2022-01-05 07:05:00,69
2022-01-05 07:06:00,70
2022-01-05 07:07:00,71
2022-01-05 07:08:00,72
2022-01-05 07:20:00,73
2022-01-05 07:22:00,75
2022-01-05 07:38:00,76
2022-01-05 07:50:00,77
2022-01-05 07:54:00,78
2022-01-05 07:58:00,79
2022-01-05 08:00:00,80
2022-01-05 08:04:00,81
2022-01-05 08:11:00,82
2022-01-05 08:19:00,83
2022-01-05 08:45:00,84
2022-01-05 08:55:00,85
2022-01-05 09:17:00,87
2022-01-05 09:26:00,88
2022-01-05 09:33:00,89
2022-01-05 09:40:00,90
2022-01-05 11:34:00,91
2022-01-05 11:38:00,92
2022-01-05 11:56:00,94
2022-01-05 12:33:00,95
2022-01-05 13:46:00,96
2022-01-05 14:02:00,97
2022-01-05 14:07:00,98
2022-01-05 15:58:00,99
2022-01-05 16:02:00,100
2022-01-05 17:13:00,101
2022-01-05 17:24:00,102
2022-01-05 17:58:00,103
2022-01-05 20:10:00,104
2022-01-06 05:43:00,105
2022-01-06 05:47:00,106
2022-01-06 05:54:00,107
2022-01-06 06:01:00,108
2022-01-06 06:03:00,109
2022-01-06 06:28:00,110
2022-01-06 06:29:00,111
2022-01-06 06:55:00,112
2022-01-06 07:26:00,113
2022-01-06 07:38:00,114
2022-01-06 07:54:00,115
2022-01-06 09:53:00,117
2022-01-06 10:00:00,118
2022-01-06 14:00:00,119
2022-01-06 15:42:00,120
2022-01-06 15:47:00,121
2022-01-06 15:54:00,122
2022-01-06 15:55:00,124
2022-01-06 16:16:00,125
2022-01-06 16:20:00,126
2022-01-06 16:24:00,127
2022-01-06 16:25:00,128
2022-01-06 16:30:00,129
2022-01-06 18:41:00,130
2022-01-06 18:45:00,131
2022-01-06 18:53:00,132
2022-01-07 05:56:00,133
2022-01-07 06:27:00,134
2022-01-07 06:59:00,135
2022-01-07 07:04:00,136
2022-01-07 07:07:00,137
2022-01-07 07:09:00,138
2022-01-07 08:30:00,139
2022-01-07 10:12:00,140
2022-01-07 10:38:00,141
2022-01-07 10:58:00,142
2022-01-07 11:07:00,143
2022-01-07 11:19:00,144
2022-01-07 11:26:00,145
2022-01-07 11:31:00,146
2022-01-07 11:44:00,147
2022-01-07 11:56:00,148
2022-01-07 11:58:00,149
2022-01-07 15:53:00,150
2022-01-07 17:34:00,151
2022-01-08 08:14:00,152
2022-01-08 08:25:00,153
2022-01-08 08:31:00,154
2022-01-08 12:01:00,155
2022-01-08 12:43:00,156
2022-01-08 12:52:00,157
2022-01-08 13:00:00,158
2022-01-08 13:13:00,159
2022-01-08 13:56:00,160
2022-01-08 14:11:00,161
2022-01-08 17:46:00,162
2022-01-08 18:11:00,163
2022-01-08 18:16:00,164
2022-01-09 09:27:00,165
2022-01-09 09:32:00,166
2022-01-09 09:43:00,168
2022-01-09 09:50:00,169
2022-01-09 13:36:00,170
2022-01-09 14:26:00,171
2022-01-09 15:27:00,173
2022-01-09 15:35:00,174
2022-01-09 15:36:00,175
2022-01-09 15:38:00,176
2022-01-09 15:40:00,177
2022-01-09 17:42:00,178
2022-01-09 17:43:00,179
2022-01-09 17:46:00,180
2022-01-09 18:05:00,181
2022-01-09 18:06:00,182
2022-01-03 10:40:00,1
2022-01-03 10:46:00,2
2022-01-03 10:53:00,3
2022-01-03 10:54:00,4
2022-01-03 10:55:00,5
2022-01-03 10:56:00,6
2022-01-03 10:58:00,7
2022-01-03 11:03:00,8
2022-01-03 11:40:00,9
2022-01-03 11:53:00,10
2022-01-03 14:10:00,11
2022-01-03 14:16:00,12
2022-01-03 14:20:00,13
2022-01-03 14:21:00,14
2022-01-03 14:36:00,15
2022-01-03 15:04:00,16
2022-01-03 15:05:00,17
2022-01-03 15:38:00,18
2022-01-03 15:52:00,19
2022-01-03 16:35:00,20
2022-01-03 16:56:00,21
2022-01-03 18:24:00,22
2022-01-04 05:23:00,23
2022-01-04 05:30:00,24
2022-01-04 06:46:00,25
2022-01-04 06:49:00,26
2022-01-04 07:06:00,27
2022-01-04 08:02:00,28
2022-01-04 09:09:00,29
2022-01-04 09:51:00,30
2022-01-04 11:28:00,31
2022-01-04 11:30:00,32
2022-01-04 12:03:00,33
2022-01-04 12:31:00,34
2022-01-04 13:25:00,35
2022-01-04 14:26:00,36
2022-01-04 14:27:00,37
2022-01-04 15:39:00,38
2022-01-04 16:49:00,39
2022-01-04 20:49:00,40
2022-01-05 05:25:00,41
2022-01-05 05:27:00,42
2022-01-05 05:46:00,43
2022-01-05 05:49:00,44
2022-01-05 05:52:00,45
2022-01-05 06:50:00,46
2022-01-05 12:02:00,47
2022-01-05 12:14:00,48
2022-01-05 12:32:00,49
2022-01-05 13:00:00,50
2022-01-05 13:03:00,51
2022-01-05 16:26:00,52
2022-01-06 06:29:00,53
2022-01-06 06:35:00,54
2022-01-06 06:47:00,55
2022-01-06 06:48:00,58
2022-01-06 06:53:00,59
2022-01-06 06:56:00,60
2022-01-06 06:58:00,61
2022-01-06 07:00:00,62
2022-01-06 07:03:00,63
2022-01-06 07:15:00,64
2022-01-06 08:27:00,65
2022-01-06 09:30:00,66
2022-01-06 09:48:00,67
2022-01-06 09:59:00,68
2022-01-06 10:00:00,69
2022-01-06 10:03:00,70
2022-01-06 10:38:00,71
2022-01-06 10:51:00,72
2022-01-06 11:03:00,73
2022-01-06 11:39:00,74
2022-01-06 11:40:00,75
2022-01-06 12:03:00,76
2022-01-06 12:13:00,77
2022-01-06 12:58:00,78
2022-01-06 15:36:00,79
2022-01-06 15:47:00,80
2022-01-06 17:07:00,81
2022-01-06 17:21:00,82
2022-01-06 17:33:00,83
2022-01-06 18:40:00,84
2022-01-06 18:41:00,85
2022-01-06 19:19:00,86
2022-01-06 19:31:00,87
2022-01-06 19:42:00,88
2022-01-06 19:58:00,89
2022-01-07 14:50:00,90
2022-01-07 15:54:00,91
2022-01-07 16:42:00,92
2022-01-07 16:43:00,93
2022-01-07 16:48:00,94
2022-01-07 16:53:00,95
2022-01-07 16:54:00,96
2022-01-07 17:10:00,97
2022-01-07 17:16:00,98
2022-01-07 17:28:00,99
2022-01-07 17:35:00,100
2022-01-07 17:52:00,102
2022-01-07 18:01:00,104
2022-01-07 18:03:00,105
2022-01-07 18:04:00,106
2022-01-08 08:04:00,107
2022-01-08 08:14:00,108
2022-01-08 08:33:00,109
2022-01-08 09:34:00,110
2022-01-08 09:39:00,111
2022-01-08 09:42:00,112
2022-01-08 09:52:00,113
2022-01-08 09:58:00,114
2022-01-08 10:01:00,115
2022-01-08 10:03:00,116
2022-01-08 16:24:00,117
2022-01-08 16:35:00,118
2022-01-08 16:46:00,119
2022-01-08 17:58:00,120
2022-01-08 18:35:00,121
2022-01-08 18:44:00,122
2022-01-08 18:53:00,123
2022-01-09 12:30:00,124
2022-01-09 17:33:00,125
2022-01-09 17:37:00,126
2022-01-09 17:57:00,127
2022-01-09 18:14:00,128
2022-01-09 18:27:00,129
2022-01-09 18:38:00,130
2022-01-09 18:54:00,131
2022-01-03 14:14:00,1
2022-01-03 14:23:00,3
2022-01-03 15:00:00,4
2022-01-03 15:40:00,5
2022-01-03 15:48:00,6
2022-01-03 16:16:00,8
2022-01-03 18:05:00,9
2022-01-03 19:20:00,10
2022-01-03 19:24:00,11
2022-01-03 19:45:00,12
2022-01-04 06:32:00,13
2022-01-04 13:52:00,14
2022-01-04 14:21:00,15
2022-01-04 14:24:00,16
2022-01-04 14:32:00,17
2022-01-04 18:49:00,18
2022-01-04 19:40:00,19
2022-01-05 07:21:00,20
2022-01-05 07:32:00,21
2022-01-05 07:41:00,22
2022-01-05 07:47:00,23
2022-01-05 12:46:00,24
2022-01-05 12:55:00,25
2022-01-05 12:59:00,26
2022-01-05 13:26:00,27
2022-01-05 13:49:00,28
2022-01-05 13:51:00,29
2022-01-05 13:54:00,30
2022-01-05 14:06:00,31
2022-01-05 14:50:00,32
2022-01-05 15:49:00,33
2022-01-05 16:21:00,34
2022-01-05 16:44:00,35
2022-01-05 16:50:00,36
2022-01-05 16:59:00,38
2022-01-05 17:41:00,39
2022-01-06 06:17:00,40
2022-01-06 06:59:00,41
2022-01-06 07:22:00,42
2022-01-06 07:48:00,43
2022-01-06 07:55:00,44
2022-01-06 10:20:00,45
2022-01-06 10:23:00,46
2022-01-06 10:38:00,47
2022-01-06 10:51:00,48
2022-01-06 10:53:00,49
2022-01-06 11:45:00,50
2022-01-06 13:57:00,51
2022-01-06 14:24:00,53
2022-01-06 14:56:00,54
2022-01-06 15:40:00,55
2022-01-06 15:58:00,56
2022-01-06 16:28:00,57
2022-01-06 16:29:00,58
2022-01-06 16:35:00,59
2022-01-06 18:58:00,60
2022-01-06 19:45:00,61
2022-01-06 19:46:00,62
2022-01-06 20:40:00,63
2022-01-06 21:03:00,64
2022-01-06 21:18:00,65
2022-01-07 05:18:00,66
2022-01-07 05:31:00,67
2022-01-07 05:34:00,68
2022-01-07 05:38:00,69
2022-01-07 05:45:00,70
2022-01-07 05:50:00,71
2022-01-07 05:56:00,72
2022-01-07 05:57:00,73
2022-01-07 06:05:00,74
2022-01-07 06:27:00,75
2022-01-07 06:39:00,77
2022-01-07 06:56:00,78
2022-01-07 07:01:00,79
2022-01-07 07:30:00,80
2022-01-07 07:48:00,81
2022-01-07 08:54:00,82
2022-01-07 09:40:00,83
2022-01-07 10:03:00,84
2022-01-07 10:16:00,85
2022-01-07 10:21:00,86
2022-01-07 10:53:00,87
2022-01-07 11:17:00,88
2022-01-07 11:20:00,89
2022-01-07 11:40:00,90
2022-01-07 11:45:00,91
2022-01-07 11:48:00,92
2022-01-07 17:06:00,93
2022-01-07 17:21:00,95
2022-01-07 17:23:00,96
2022-01-07 17:24:00,97
2022-01-07 17:27:00,98
2022-01-07 17:32:00,99
2022-01-07 18:29:00,100
2022-01-07 20:58:00,101
2022-01-07 21:00:00,102
2022-01-08 05:04:00,103
2022-01-08 05:06:00,104
2022-01-08 10:27:00,105
2022-01-08 12:42:00,106
2022-01-08 15:27:00,107
2022-01-08 15:44:00,108
2022-01-08 15:46:00,109
2022-01-08 15:49:00,110
2022-01-09 17:52:00,111
2022-01-09 17:55:00,112
2022-01-09 18:05:00,113
2022-01-09 19:14:00,114
2022-01-09 19:50:00,115
2022-01-03 07:33:00,1
2022-01-03 11:42:00,2
2022-01-03 11:57:00,3
2022-01-03 12:41:00,4
2022-01-03 12:45:00,5
2022-01-03 12:51:00,6
2022-01-03 13:00:00,7
2022-01-03 13:06:00,8
2022-01-03 14:56:00,9
2022-01-03 15:12:00,10
2022-01-03 15:18:00,11
2022-01-03 15:23:00,12
2022-01-03 18:13:00,13
2022-01-03 18:55:00,14
2022-01-03 18:56:00,15
2022-01-03 19:13:00,16
2022-01-03 19:38:00,17
2022-01-04 11:57:00,18
2022-01-04 12:00:00,19
2022-01-04 12:06:00,20
2022-01-04 12:32:00,21
2022-01-04 12:55:00,22
2022-01-04 13:21:00,23
2022-01-04 13:59:00,24
2022-01-04 14:03:00,25
2022-01-04 14:05:00,26
2022-01-04 14:10:00,27
2022-01-04 14:22:00,28
2022-01-04 14:26:00,29
2022-01-04 14:30:00,30
2022-01-04 14:34:00,31
2022-01-04 14:37:00,32
2022-01-04 14:48:00,33
2022-01-04 14:52:00,34
2022-01-04 14:57:00,35
2022-01-04 14:59:00,36
2022-01-04 15:46:00,37
2022-01-04 15:58:00,38
2022-01-04 16:03:00,39
2022-01-04 16:06:00,40
2022-01-04 17:48:00,41
2022-01-04 17:57:00,42
2022-01-04 18:03:00,43
2022-01-04 18:24:00,44
2022-01-04 18:30:00,46
2022-01-04 18:46:00,47
2022-01-04 18:48:00,48
2022-01-04 18:55:00,49
2022-01-04 19:01:00,50
2022-01-04 19:03:00,51
2022-01-04 19:12:00,52
2022-01-04 19:19:00,53
2022-01-04 19:26:00,54
2022-01-04 19:36:00,55
2022-01-04 19:42:00,56
2022-01-04 20:06:00,57
2022-01-04 20:46:00,58
2022-01-05 06:01:00,59
2022-01-05 06:04:00,60
2022-01-05 06:06:00,61
2022-01-05 06:14:00,62
2022-01-05 06:18:00,63
2022-01-05 06:20:00,65
2022-01-05 06:29:00,66
2022-01-05 06:45:00,67
2022-01-05 06:49:00,68
2022-01-05 06:57:00,69
2022-01-05 07:31:00,70
2022-01-05 08:36:00,71
2022-01-05 13:22:00,72
2022-01-05 13:24:00,73
2022-01-05 13:28:00,74
2022-01-05 13:47:00,75
2022-01-05 13:48:00,76
2022-01-05 13:53:00,78
2022-01-05 13:59:00,79
2022-01-05 14:00:00,80
2022-01-05 14:03:00,81
2022-01-05 14:10:00,82
2022-01-05 14:17:00,83
2022-01-05 14:19:00,84
2022-01-05 14:21:00,85
2022-01-05 14:23:00,86
2022-01-05 14:31:00,87
2022-01-05 14:33:00,88
2022-01-05 14:36:00,89
2022-01-05 14:37:00,90
2022-01-05 14:41:00,91
2022-01-05 14:44:00,92
2022-01-05 14:47:00,93
2022-01-05 14:50:00,94
2022-01-05 14:53:00,95
2022-01-05 15:00:00,97
2022-01-05 15:02:00,98
2022-01-05 15:03:00,99
2022-01-05 15:54:00,100
2022-01-05 16:00:00,102
2022-01-05 16:19:00,103
2022-01-05 16:25:00,104
2022-01-05 16:34:00,105
2022-01-05 17:38:00,106
2022-01-05 17:47:00,107
2022-01-05 17:59:00,108
2022-01-06 06:05:00,109
2022-01-06 06:06:00,111
2022-01-06 06:20:00,112
2022-01-06 06:33:00,113
2022-01-06 06:36:00,114
2022-01-06 07:01:00,115
2022-01-06 07:29:00,117
2022-01-06 07:57:00,118
2022-01-06 08:12:00,119
2022-01-06 09:42:00,120
2022-01-06 10:32:00,121
2022-01-06 10:39:00,122
2022-01-06 10:41:00,123
2022-01-06 10:50:00,124
2022-01-06 11:58:00,125
2022-01-06 12:50:00,126
2022-01-06 13:01:00,127
2022-01-06 13:13:00,128
2022-01-06 13:24:00,129
2022-01-06 13:29:00,130
2022-01-06 13:43:00,131
2022-01-06 14:01:00,132
2022-01-06 14:05:00,133
2022-01-06 14:28:00,134
2022-01-06 14:31:00,135
2022-01-06 14:42:00,136
2022-01-06 14:56:00,137
2022-01-06 15:07:00,138
2022-01-06 16:00:00,139
2022-01-07 04:20:00,140
2022-01-07 04:24:00,141
2022-01-07 04:30:00,142
2022-01-07 04:46:00,143
2022-01-07 05:22:00,144
2022-01-07 05:27:00,146
2022-01-07 05:33:00,147
2022-01-07 05:44:00,148
2022-01-07 05:51:00,149
2022-01-07 05:55:00,150
2022-01-07 06:18:00,151
2022-01-07 06:19:00,152
2022-01-07 06:20:00,153
2022-01-07 06:23:00,154
2022-01-07 06:27:00,157
2022-01-07 06:31:00,158
2022-01-07 06:33:00,159
2022-01-07 06:34:00,160
2022-01-07 06:35:00,161
2022-01-07 06:37:00,162
2022-01-07 06:51:00,163
2022-01-07 06:52:00,164
2022-01-07 07:04:00,165
2022-01-07 07:06:00,168
2022-01-07 11:20:00,170
2022-01-07 11:30:00,171
2022-01-07 11:39:00,172
2022-01-07 11:53:00,173
2022-01-07 15:01:00,174
2022-01-07 15:10:00,176
2022-01-07 15:18:00,177
2022-01-07 18:11:00,179
2022-01-07 18:15:00,180
2022-01-07 18:33:00,181
2022-01-07 18:34:00,182
2022-01-07 20:50:00,183
2022-01-08 09:38:00,184
2022-01-08 09:53:00,185
2022-01-09 14:36:00,186
2022-01-09 14:42:00,188
2022-01-09 15:04:00,189
2022-01-09 15:22:00,190
2022-01-09 15:30:00,191
2022-01-03 05:56:00,1
2022-01-03 06:00:00,2
2022-01-03 06:05:00,3
2022-01-03 08:40:00,4
2022-01-03 09:08:00,6
2022-01-03 11:26:00,7
2022-01-03 11:40:00,8
2022-01-03 12:32:00,9
2022-01-03 13:20:00,10
2022-01-03 13:21:00,11
2022-01-03 13:25:00,12
2022-01-03 13:33:00,13
2022-01-03 13:37:00,14
2022-01-03 13:39:00,15
2022-01-03 13:43:00,16
2022-01-03 13:55:00,18
2022-01-03 13:57:00,19
2022-01-03 13:58:00,21
2022-01-03 13:59:00,22
2022-01-03 14:01:00,23
2022-01-03 15:02:00,24
2022-01-03 15:03:00,25
2022-01-03 15:26:00,26
2022-01-03 15:33:00,27
2022-01-03 16:08:00,28
2022-01-03 19:08:00,29
2022-01-03 19:18:00,30
2022-01-03 20:01:00,31
2022-01-03 20:34:00,32
2022-01-03 20:45:00,33
2022-01-04 06:47:00,34
2022-01-04 07:04:00,35
2022-01-04 07:23:00,36
2022-01-04 07:40:00,37
2022-01-04 07:42:00,38
2022-01-04 08:03:00,39
2022-01-04 08:41:00,40
2022-01-04 09:03:00,41
2022-01-04 11:23:00,42
2022-01-04 14:24:00,43
2022-01-04 14:33:00,44
2022-01-04 14:46:00,45
2022-01-04 17:20:00,46
2022-01-05 06:00:00,48
2022-01-05 06:11:00,49
2022-01-05 06:15:00,50
2022-01-05 06:24:00,51
2022-01-05 06:31:00,52
2022-01-05 06:32:00,54
2022-01-05 06:50:00,55
2022-01-05 07:07:00,56
2022-01-05 07:46:00,57
2022-01-05 09:42:00,58
2022-01-05 10:16:00,60
2022-01-05 10:31:00,61
2022-01-05 10:32:00,62
2022-01-05 10:40:00,63
2022-01-05 10:47:00,64
2022-01-05 11:15:00,65
2022-01-05 11:22:00,66
2022-01-05 11:30:00,67
2022-01-05 11:32:00,68
2022-01-05 11:33:00,69
2022-01-05 11:43:00,70
2022-01-05 11:44:00,71
2022-01-05 12:22:00,72
2022-01-05 12:58:00,73
2022-01-05 13:02:00,74
2022-01-05 13:03:00,75
2022-01-05 13:08:00,76
2022-01-05 13:09:00,77
2022-01-05 13:14:00,78
2022-01-05 13:15:00,79
2022-01-05 13:17:00,80
2022-01-05 13:33:00,82
2022-01-05 13:35:00,83
2022-01-05 13:41:00,84
2022-01-05 16:01:00,85
2022-01-05 16:08:00,86
2022-01-05 16:17:00,87
2022-01-05 16:19:00,88
2022-01-05 16:22:00,89
2022-01-05 16:34:00,90
2022-01-05 16:59:00,91
2022-01-05 17:06:00,92
2022-01-05 17:10:00,93
2022-01-05 17:11:00,94
2022-01-05 17:13:00,95
2022-01-05 17:24:00,96
2022-01-05 17:26:00,97
2022-01-05 17:27:00,98
2022-01-05 17:58:00,99
2022-01-05 18:22:00,100
2022-01-05 18:49:00,101
2022-01-05 18:56:00,102
2022-01-05 19:07:00,103
2022-01-06 05:14:00,104
2022-01-06 05:21:00,105
2022-01-06 05:22:00,106
2022-01-06 05:23:00,107
2022-01-06 05:28:00,108
2022-01-06 05:33:00,109
2022-01-06 05:39:00,110
2022-01-06 05:46:00,111
2022-01-06 06:00:00,112
2022-01-06 06:52:00,113
2022-01-06 06:54:00,114
2022-01-06 06:58:00,115
2022-01-06 07:00:00,116
2022-01-06 16:06:00,117
2022-01-06 16:11:00,118
2022-01-06 18:06:00,119
2022-01-06 18:07:00,120
2022-01-07 05:54:00,121
2022-01-07 06:01:00,122
2022-01-07 06:07:00,123
2022-01-07 06:13:00,124
2022-01-07 06:30:00,126
2022-01-07 06:45:00,127
2022-01-07 06:49:00,128
2022-01-07 06:58:00,129
2022-01-07 07:00:00,130
2022-01-07 07:06:00,131
2022-01-07 07:11:00,132
2022-01-07 07:13:00,133
2022-01-07 08:11:00,134
2022-01-07 08:55:00,135
2022-01-07 09:02:00,136
2022-01-07 09:05:00,137
2022-01-07 09:08:00,138
2022-01-07 09:11:00,139
2022-01-07 09:21:00,140
2022-01-07 09:24:00,141
2022-01-07 09:29:00,142
2022-01-07 09:55:00,143
2022-01-07 10:07:00,144
2022-01-07 10:17:00,146
2022-01-07 10:46:00,147
2022-01-07 10:59:00,148
2022-01-07 12:40:00,149
2022-01-07 12:48:00,150
2022-01-07 13:49:00,151
2022-01-07 14:58:00,152
2022-01-07 15:06:00,153
2022-01-07 15:19:00,154
2022-01-07 15:39:00,155
2022-01-07 15:47:00,156
2022-01-07 16:06:00,157
2022-01-07 16:16:00,158
2022-01-07 16:23:00,159
2022-01-07 17:03:00,160
2022-01-07 17:04:00,161
2022-01-07 17:06:00,162
2022-01-07 17:17:00,163
2022-01-07 17:19:00,164
2022-01-07 17:38:00,165
2022-01-07 17:45:00,166
2022-01-07 17:48:00,167
2022-01-07 18:18:00,168
2022-01-07 19:03:00,169
2022-01-07 19:59:00,170
2022-01-07 20:26:00,171
2022-01-07 20:27:00,172
2022-01-08 07:36:00,173
2022-01-08 07:58:00,174
2022-01-08 08:29:00,175
2022-01-08 09:04:00,176
2022-01-08 09:37:00,177
2022-01-08 09:51:00,178
2022-01-08 09:52:00,179
2022-01-08 10:50:00,180
2022-01-08 10:58:00,181
2022-01-08 11:03:00,182
2022-01-08 11:06:00,183
2022-01-08 11:49:00,184
2022-01-08 11:52:00,185
2022-01-08 11:59:00,186
2022-01-08 12:25:00,187
2022-01-08 12:34:00,188
2022-01-08 12:36:00,189
2022-01-08 12:43:00,190
2022-01-08 12:44:00,191
2022-01-08 13:05:00,192
2022-01-08 13:14:00,193
2022-01-08 13:17:00,194
2022-01-08 13:41:00,195
2022-01-08 13:47:00,197
2022-01-08 13:49:00,198
2022-01-08 13:51:00,199
2022-01-08 13:52:00,200
2022-01-08 14:01:00,202
2022-01-08 14:15:00,204
2022-01-08 14:18:00,205
2022-01-08 14:36:00,206
2022-01-08 14:55:00,207
2022-01-08 15:01:00,208
2022-01-08 15:02:00,209
2022-01-08 15:09:00,211
2022-01-08 15:15:00,212
2022-01-08 15:17:00,213
2022-01-08 15:56:00,214
2022-01-08 17:26:00,215
2022-01-08 17:37:00,216
2022-01-08 17:39:00,217
2022-01-08 17:40:00,218
2022-01-08 17:41:00,219
2022-01-08 17:50:00,220
2022-01-08 18:01:00,221
2022-01-08 18:29:00,222
2022-01-08 18:38:00,223
2022-01-08 18:48:00,224
2022-01-08 19:03:00,225
2022-01-08 21:36:00,226
2022-01-08 22:03:00,227
2022-01-09 11:59:00,228
2022-01-09 14:02:00,229
2022-01-09 15:04:00,230
2022-01-09 16:43:00,231
2022-01-09 21:02:00,233
2022-01-09 21:03:00,234
2022-01-09 21:04:00,235
2022-01-03 05:41:00,1
2022-01-03 05:51:00,2
2022-01-03 05:55:00,3
2022-01-03 06:00:00,5
2022-01-03 06:01:00,6
2022-01-03 06:23:00,7
2022-01-03 06:45:00,8
2022-01-03 10:52:00,9
2022-01-03 10:55:00,10
2022-01-03 11:02:00,11
2022-01-03 14:24:00,12
2022-01-03 14:55:00,13
2022-01-03 14:58:00,14
2022-01-03 14:59:00,15
2022-01-03 15:00:00,16
2022-01-03 15:01:00,17
2022-01-03 15:02:00,19
2022-01-03 15:05:00,20
2022-01-03 15:06:00,22
2022-01-03 15:08:00,23
2022-01-03 15:12:00,24
2022-01-03 17:05:00,25
2022-01-03 17:25:00,26
2022-01-03 17:59:00,27
2022-01-03 18:00:00,28
2022-01-03 18:04:00,29
2022-01-04 06:38:00,30
2022-01-04 07:44:00,31
2022-01-04 07:53:00,32
2022-01-04 08:05:00,33
2022-01-04 08:50:00,34
2022-01-04 09:11:00,35
2022-01-04 09:17:00,36
2022-01-04 09:24:00,37
2022-01-04 09:52:00,38
2022-01-04 09:55:00,39
2022-01-04 09:58:00,40
2022-01-04 10:11:00,41
2022-01-04 12:24:00,43
2022-01-04 12:27:00,44
2022-01-04 12:31:00,45
2022-01-04 12:33:00,46
2022-01-04 12:41:00,47
2022-01-04 12:44:00,48
2022-01-04 12:45:00,49
2022-01-04 12:49:00,50
2022-01-04 12:50:00,51
2022-01-04 15:00:00,52
2022-01-04 16:46:00,53
2022-01-04 17:36:00,54
2022-01-04 17:58:00,55
2022-01-05 05:45:00,56
2022-01-05 05:52:00,57
2022-01-05 06:24:00,58
2022-01-05 06:55:00,59
2022-01-05 07:00:00,60
2022-01-05 07:15:00,61
2022-01-05 07:25:00,62
2022-01-05 07:44:00,63
2022-01-05 07:49:00,65
2022-01-05 08:01:00,66
2022-01-05 09:53:00,67
2022-01-05 10:08:00,68
2022-01-05 10:11:00,69
2022-01-05 10:25:00,70
2022-01-05 11:27:00,71
2022-01-05 12:32:00,72
2022-01-05 12:34:00,73
2022-01-05 12:35:00,74
2022-01-05 12:36:00,75
2022-01-05 12:41:00,76
2022-01-05 13:04:00,77
2022-01-05 13:09:00,78
2022-01-05 13:14:00,79
2022-01-05 13:15:00,80
2022-01-05 15:45:00,81
2022-01-05 15:47:00,82
2022-01-05 15:48:00,83
2022-01-05 16:59:00,84
2022-01-05 19:06:00,85
2022-01-05 21:27:00,86
2022-01-06 05:09:00,87
2022-01-06 05:14:00,88
2022-01-06 05:24:00,89
2022-01-06 05:26:00,90
2022-01-06 05:38:00,91
2022-01-06 05:40:00,92
2022-01-06 05:44:00,93
2022-01-06 05:45:00,94
2022-01-06 05:48:00,95
2022-01-06 05:54:00,96
2022-01-06 05:56:00,97
2022-01-06 06:01:00,98
2022-01-06 06:09:00,99
2022-01-06 06:11:00,100
2022-01-06 06:24:00,101
2022-01-06 06:45:00,102
2022-01-06 06:56:00,103
2022-01-06 07:03:00,104
2022-01-06 11:49:00,105
2022-01-06 12:21:00,106
2022-01-06 12:28:00,107
2022-01-06 12:39:00,108
2022-01-06 13:41:00,109
2022-01-06 13:46:00,110
2022-01-06 13:47:00,111
2022-01-06 13:58:00,112
2022-01-06 14:13:00,113
2022-01-06 14:23:00,114
2022-01-06 15:48:00,115
2022-01-06 16:01:00,116
2022-01-06 16:08:00,117
2022-01-06 16:19:00,118
2022-01-06 16:30:00,119
2022-01-06 16:44:00,120
2022-01-07 05:55:00,121
2022-01-07 06:43:00,122
2022-01-07 06:51:00,123
2022-01-07 06:59:00,124
2022-01-07 07:44:00,125
2022-01-07 07:47:00,126
2022-01-07 07:49:00,128
2022-01-07 09:04:00,129
2022-01-07 09:31:00,130
2022-01-07 10:16:00,131
2022-01-07 10:44:00,132
2022-01-07 10:45:00,133
2022-01-07 11:07:00,134
2022-01-07 11:21:00,135
2022-01-08 13:55:00,136
2022-01-08 14:11:00,137
2022-01-08 14:16:00,138
2022-01-08 14:19:00,139
2022-01-08 14:39:00,140
2022-01-08 15:00:00,141
2022-01-08 15:03:00,142
2022-01-08 15:05:00,143
2022-01-08 15:08:00,144
2022-01-08 15:39:00,145
2022-01-08 16:30:00,146
2022-01-08 16:58:00,147
2022-01-08 20:52:00,148
2022-01-08 20:53:00,149
2022-01-08 21:26:00,150
2022-01-08 21:27:00,151
2022-01-08 21:38:00,152
2022-01-08 21:45:00,153
2022-01-08 21:50:00,154
2022-01-09 12:37:00,155
2022-01-09 12:42:00,156
2022-01-09 12:59:00,157
2022-01-09 13:55:00,158
2022-01-09 14:10:00,159
2022-01-09 14:14:00,160
2022-01-09 14:24:00,161
2022-01-09 14:42:00,162
2022-01-09 15:22:00,163
2022-01-09 15:32:00,164
2022-01-09 15:53:00,165
2022-01-09 16:01:00,166
2022-01-09 16:05:00,167
2022-01-09 16:20:00,168
2022-01-09 16:31:00,169
2022-01-09 17:02:00,170
2022-01-09 17:12:00,171
2022-01-09 17:28:00,172
2022-01-09 17:54:00,173
2022-01-09 21:28:00,174
