2022-01-03 09:54:00,1
2022-01-03 10:00:00,2
2022-01-03 10:28:00,3
2022-01-03 11:12:00,4
2022-01-03 11:40:00,5
2022-01-03 11:47:00,6
2022-01-03 12:02:00,7
2022-01-03 18:15:00,8
2022-01-03 18:22:00,9
2022-01-04 06:22:00,10
2022-01-04 14:21:00,11
2022-01-04 14:25:00,12
2022-01-04 14:27:00,14
2022-01-04 14:51:00,15
2022-01-04 15:05:00,16
2022-01-04 15:16:00,17
2022-01-04 19:23:00,18
2022-01-04 19:24:00,19
2022-01-04 19:44:00,20
2022-01-04 19:57:00,21
2022-01-04 20:59:00,22
2022-01-04 21:01:00,23
2022-01-05 05:20:00,24
2022-01-05 05:28:00,25
2022-01-05 05:37:00,26
2022-01-05 05:38:00,27
2022-01-05 05:43:00,28
2022-01-05 05:47:00,29
2022-01-05 05:54:00,30
2022-01-05 05:56:00,31
2022-01-05 06:04:00,32
2022-01-05 06:06:00,33
2022-01-05 06:07:00,34
2022-01-05 06:26:00,36
2022-01-05 06:54:00,37
2022-01-05 06:56:00,38
2022-01-05 06:58:00,39
2022-01-05 07:05:00,40
2022-01-05 07:12:00,41
2022-01-05 07:17:00,42
2022-01-05 08:06:00,43
2022-01-05 11:22:00,44
2022-01-05 12:46:00,45
2022-01-05 12:59:00,46
2022-01-05 13:04:00,47
2022-01-05 13:10:00,48
2022-01-05 13:11:00,49
2022-01-05 13:20:00,50
2022-01-05 14:34:00,51
2022-01-05 14:48:00,52
2022-01-05 16:32:00,53
2022-01-05 17:04:00,54
2022-01-05 18:01:00,55
2022-01-06 05:58:00,56
2022-01-06 06:06:00,57
2022-01-06 07:51:00,58
2022-01-06 09:39:00,59
2022-01-06 09:44:00,60
2022-01-06 09:59:00,61
2022-01-06 11:11:00,62
2022-01-06 13:08:00,63
2022-01-06 14:38:00,64
2022-01-06 15:40:00,65
2022-01-06 16:18:00,66
2022-01-06 16:25:00,67
2022-01-06 16:30:00,68
2022-01-06 16:43:00,69
2022-01-07 05:16:00,70
2022-01-07 05:37:00,71
2022-01-07 05:38:00,72
2022-01-07 06:06:00,73
2022-01-07 06:25:00,74
2022-01-07 06:36:00,75
2022-01-07 06:37:00,76
2022-01-07 06:38:00,77
2022-01-07 07:01:00,78
2022-01-07 08:11:00,79
2022-01-07 08:15:00,80
2022-01-07 08:30:00,81
2022-01-07 08:41:00,82
2022-01-07 08:45:00,83
2022-01-07 10:00:00,84
2022-01-07 11:10:00,85
2022-01-07 11:28:00,87
2022-01-07 11:31:00,89
2022-01-07 13:51:00,90
2022-01-07 13:55:00,91
2022-01-07 14:00:00,92
2022-01-07 14:02:00,93
2022-01-07 14:18:00,94
2022-01-07 14:30:00,95
2022-01-07 14:32:00,96
2022-01-07 14:41:00,97
2022-01-07 14:44:00,98
2022-01-07 14:48:00,100
2022-01-07 14:54:00,101
2022-01-07 15:03:00,102
2022-01-07 16:08:00,103
2022-01-07 16:34:00,104
2022-01-07 20:55:00,105
2022-01-08 07:09:00,106
2022-01-08 07:28:00,107
2022-01-08 07:31:00,108
2022-01-08 09:25:00,109
2022-01-08 09:29:00,110
2022-01-08 09:47:00,111
2022-01-08 09:50:00,112
2022-01-08 10:04:00,113
2022-01-08 10:34:00,114
2022-01-08 12:37:00,115
2022-01-08 17:23:00,116
2022-01-08 17:31:00,117
2022-01-08 17:57:00,118
2022-01-09 14:15:00,119
2022-01-09 14:16:00,121
2022-01-09 14:28:00,122
2022-01-09 14:39:00,123
2022-01-09 14:44:00,124
2022-01-09 14:45:00,125
2022-01-09 15:01:00,126
2022-01-09 16:22:00,127
2022-01-09 17:20:00,128
2022-01-09 17:30:00,129
2022-01-09 17:34:00,130
2022-01-09 17:45:00,131
2022-01-03 06:28:00,1
2022-01-03 07:00:00,2
2022-01-03 07:13:00,3
2022-01-03 07:25:00,5
2022-01-03 07:29:00,6
2022-01-03 07:30:00,7
2022-01-03 07:35:00,8
2022-01-03 07:53:00,9
2022-01-03 08:03:00,10
2022-01-03 08:29:00,11
2022-01-03 09:04:00,12
2022-01-03 09:07:00,13
2022-01-03 09:15:00,14
2022-01-03 09:17:00,16
2022-01-03 09:25:00,18
2022-01-03 09:32:00,19
2022-01-03 09:38:00,20
2022-01-03 09:45:00,21
2022-01-03 09:46:00,22
2022-01-03 09:55:00,23
2022-01-03 10:04:00,24
2022-01-03 10:05:00,25
2022-01-03 10:06:00,26
2022-01-03 10:07:00,27
2022-01-03 10:14:00,28
2022-01-03 10:19:00,29
2022-01-03 10:27:00,31
2022-01-03 10:32:00,32
2022-01-03 10:55:00,33
2022-01-03 10:58:00,34
2022-01-03 11:00:00,35
2022-01-03 15:02:00,36
2022-01-03 15:22:00,37
2022-01-03 16:27:00,38
2022-01-03 16:51:00,40
2022-01-03 17:00:00,41
2022-01-03 17:20:00,42
2022-01-03 17:21:00,43
2022-01-03 17:40:00,44
2022-01-03 17:48:00,45
2022-01-03 18:15:00,47
2022-01-03 18:53:00,48
2022-01-03 18:54:00,49
2022-01-03 18:58:00,51
2022-01-03 19:02:00,52
2022-01-03 19:06:00,53
2022-01-03 19:25:00,54
2022-01-03 20:44:00,55
2022-01-03 21:56:00,56
2022-01-03 21:58:00,57
2022-01-04 04:19:00,58
2022-01-04 04:20:00,59
2022-01-04 04:23:00,60
2022-01-04 05:08:00,61
2022-01-04 05:15:00,62
2022-01-04 05:19:00,64
2022-01-04 05:23:00,65
2022-01-04 05:31:00,66
2022-01-04 05:39:00,67
2022-01-04 05:41:00,68
2022-01-04 05:55:00,69
2022-01-04 06:00:00,70
2022-01-04 06:08:00,71
2022-01-04 06:49:00,72
2022-01-04 07:08:00,73
2022-01-04 07:14:00,74
2022-01-04 08:38:00,75
2022-01-04 09:09:00,76
2022-01-04 09:15:00,77
2022-01-04 09:24:00,78
2022-01-04 09:46:00,79
2022-01-04 09:48:00,80
2022-01-04 14:01:00,81
2022-01-04 14:11:00,82
2022-01-04 14:12:00,83
2022-01-04 15:19:00,84
2022-01-04 15:51:00,85
2022-01-04 16:51:00,86
2022-01-04 17:01:00,87
2022-01-04 19:21:00,88
2022-01-05 05:19:00,89
2022-01-05 08:02:00,90
2022-01-05 08:38:00,91
2022-01-05 08:43:00,92
2022-01-05 13:33:00,93
2022-01-05 13:41:00,94
2022-01-05 13:42:00,95
2022-01-05 13:46:00,96
2022-01-05 14:30:00,97
2022-01-05 14:36:00,98
2022-01-05 14:39:00,99
2022-01-05 14:41:00,100
2022-01-05 15:20:00,101
2022-01-05 15:50:00,102
2022-01-05 16:05:00,103
2022-01-05 16:07:00,104
2022-01-05 16:42:00,105
2022-01-05 20:41:00,106
2022-01-06 06:27:00,107
2022-01-06 06:28:00,108
2022-01-06 06:40:00,109
2022-01-06 06:50:00,110
2022-01-06 06:55:00,111
2022-01-06 06:58:00,112
2022-01-06 07:08:00,113
2022-01-06 07:23:00,114
2022-01-06 08:23:00,115
2022-01-06 08:43:00,116
2022-01-06 09:04:00,117
2022-01-06 09:16:00,118
2022-01-06 10:15:00,119
2022-01-06 12:30:00,120
2022-01-06 15:31:00,121
2022-01-06 15:47:00,122
2022-01-06 15:50:00,123
2022-01-06 16:33:00,124
2022-01-06 17:01:00,125
2022-01-06 18:12:00,126
2022-01-06 18:33:00,127
2022-01-06 18:42:00,129
2022-01-06 18:50:00,130
2022-01-06 18:52:00,131
2022-01-06 18:57:00,132
2022-01-06 19:11:00,133
2022-01-06 19:16:00,134
2022-01-06 19:20:00,135
2022-01-07 06:30:00,136
2022-01-07 07:41:00,137
2022-01-07 08:51:00,138
2022-01-07 09:44:00,139
2022-01-07 09:45:00,140
2022-01-07 09:48:00,141
2022-01-07 10:12:00,142
2022-01-07 10:19:00,143
2022-01-07 10:41:00,145
2022-01-07 10:44:00,146
2022-01-07 11:05:00,147
2022-01-07 11:14:00,149
2022-01-07 11:21:00,150
2022-01-07 11:29:00,151
2022-01-07 11:39:00,152
2022-01-07 11:48:00,153
2022-01-07 11:58:00,154
2022-01-07 12:52:00,155
2022-01-07 13:16:00,156
2022-01-07 13:36:00,157
2022-01-07 14:25:00,158
2022-01-07 15:08:00,159
2022-01-07 15:09:00,160
2022-01-07 15:10:00,161
2022-01-07 15:21:00,162
2022-01-07 20:40:00,163
2022-01-07 20:46:00,165
2022-01-07 20:59:00,166
2022-01-07 21:02:00,167
2022-01-07 21:05:00,168
2022-01-08 04:12:00,169
2022-01-08 04:37:00,170
2022-01-08 04:54:00,171
2022-01-08 05:06:00,172
2022-01-08 05:27:00,173
2022-01-08 09:08:00,174
2022-01-08 09:13:00,175
2022-01-08 09:44:00,176
2022-01-08 09:50:00,177
2022-01-08 10:04:00,178
2022-01-08 10:24:00,179
2022-01-08 14:38:00,180
2022-01-08 14:51:00,181
2022-01-08 14:55:00,182
2022-01-08 15:18:00,183
2022-01-08 15:19:00,184
2022-01-08 15:32:00,186
2022-01-08 15:35:00,187
2022-01-08 16:07:00,188
2022-01-08 17:51:00,189
2022-01-08 18:29:00,190
2022-01-08 18:37:00,191
2022-01-08 21:27:00,192
2022-01-09 09:39:00,193
2022-01-09 10:45:00,194
2022-01-09 15:41:00,195
2022-01-09 15:46:00,196
2022-01-09 16:53:00,197
2022-01-09 18:35:00,198
2022-01-09 20:53:00,199
2022-01-03 14:52:00,2
2022-01-03 15:03:00,4
2022-01-03 16:13:00,5
2022-01-03 17:26:00,6
2022-01-03 17:27:00,7
2022-01-03 18:06:00,8
2022-01-03 18:07:00,9
2022-01-03 18:10:00,10
2022-01-03 18:23:00,12
2022-01-03 18:29:00,13
2022-01-03 18:32:00,14
2022-01-03 18:38:00,15
2022-01-03 18:49:00,16
2022-01-03 18:50:00,17
2022-01-03 19:06:00,18
2022-01-03 19:11:00,19
2022-01-04 05:20:00,20
2022-01-04 05:23:00,21
2022-01-04 05:24:00,22
2022-01-04 05:29:00,23
2022-01-04 05:38:00,24
2022-01-04 05:54:00,25
2022-01-04 05:58:00,26
2022-01-04 05:59:00,27
2022-01-04 06:01:00,28
2022-01-04 06:04:00,29
2022-01-04 06:14:00,30
2022-01-04 06:38:00,31
2022-01-04 09:18:00,32
2022-01-04 09:32:00,33
2022-01-04 09:42:00,34
2022-01-04 09:43:00,35
2022-01-04 09:57:00,36
2022-01-04 10:18:00,38
2022-01-04 10:21:00,39
2022-01-04 10:33:00,40
2022-01-04 10:37:00,41
2022-01-04 12:28:00,42
2022-01-04 12:36:00,43
2022-01-04 12:49:00,44
2022-01-04 13:19:00,45
2022-01-04 13:39:00,46
2022-01-04 13:43:00,47
2022-01-04 13:46:00,48
2022-01-04 13:50:00,49
2022-01-04 13:56:00,50
2022-01-04 14:23:00,51
2022-01-04 14:26:00,52
2022-01-04 14:37:00,53
2022-01-04 14:45:00,54
2022-01-04 14:48:00,55
2022-01-04 15:04:00,56
2022-01-04 15:27:00,57
2022-01-04 16:29:00,58
2022-01-04 17:42:00,59
2022-01-04 17:44:00,60
2022-01-04 17:52:00,61
2022-01-04 18:30:00,62
2022-01-04 18:34:00,63
2022-01-05 06:42:00,64
2022-01-05 07:05:00,65
2022-01-05 07:22:00,66
2022-01-05 07:31:00,67
2022-01-05 08:01:00,68
2022-01-05 08:20:00,69
2022-01-05 10:03:00,70
2022-01-05 13:17:00,71
2022-01-05 13:18:00,72
2022-01-05 18:57:00,73
2022-01-05 19:04:00,74
2022-01-06 05:09:00,76
2022-01-06 05:17:00,78
2022-01-06 05:20:00,79
2022-01-06 05:28:00,80
2022-01-06 05:30:00,82
2022-01-06 05:40:00,83
2022-01-06 05:57:00,84
2022-01-06 06:02:00,85
2022-01-06 06:05:00,86
2022-01-06 06:14:00,87
2022-01-06 06:16:00,88
2022-01-06 06:29:00,89
2022-01-06 06:30:00,90
2022-01-06 06:37:00,91
2022-01-06 06:43:00,92
2022-01-06 07:13:00,93
2022-01-06 07:44:00,94
2022-01-06 09:22:00,95
2022-01-06 09:49:00,96
2022-01-06 11:22:00,97
2022-01-06 12:40:00,98
2022-01-06 14:26:00,99
2022-01-06 14:41:00,100
2022-01-06 14:51:00,101
2022-01-06 15:00:00,102
2022-01-06 15:08:00,103
2022-01-06 15:13:00,104
2022-01-06 15:50:00,105
2022-01-06 16:03:00,106
2022-01-06 16:04:00,107
2022-01-06 16:14:00,108
2022-01-06 16:31:00,109
2022-01-06 16:52:00,110
2022-01-06 17:01:00,111
2022-01-06 17:07:00,112
2022-01-06 18:53:00,113
2022-01-06 19:20:00,114
2022-01-06 19:50:00,115
2022-01-06 20:03:00,116
2022-01-07 05:08:00,117
2022-01-07 05:18:00,118
2022-01-07 05:35:00,119
2022-01-07 05:55:00,120
2022-01-07 07:09:00,121
2022-01-07 07:16:00,122
2022-01-07 07:39:00,123
2022-01-07 07:59:00,124
2022-01-07 08:02:00,125
2022-01-07 08:43:00,126
2022-01-07 08:47:00,127
2022-01-07 09:21:00,128
2022-01-07 09:30:00,129
2022-01-07 09:38:00,131
2022-01-07 09:40:00,132
2022-01-07 09:43:00,134
2022-01-07 10:00:00,135
2022-01-07 10:03:00,136
2022-01-07 11:11:00,137
2022-01-07 11:14:00,138
2022-01-07 11:21:00,139
2022-01-07 11:27:00,140
2022-01-07 11:28:00,141
2022-01-07 11:49:00,142
2022-01-07 12:05:00,144
2022-01-07 12:13:00,145
2022-01-07 12:21:00,146
2022-01-07 12:24:00,147
2022-01-07 13:27:00,148
2022-01-07 13:34:00,149
2022-01-07 13:49:00,150
2022-01-07 14:18:00,151
2022-01-07 14:22:00,152
2022-01-07 15:36:00,153
2022-01-07 16:19:00,154
2022-01-07 16:50:00,155
2022-01-07 16:56:00,156
2022-01-07 17:05:00,157
2022-01-07 17:11:00,158
2022-01-07 17:25:00,159
2022-01-07 17:43:00,160
2022-01-07 17:45:00,161
2022-01-07 17:46:00,162
2022-01-07 17:47:00,163
2022-01-07 17:55:00,164
2022-01-07 18:59:00,166
2022-01-07 19:01:00,167
2022-01-08 10:09:00,168
2022-01-08 11:06:00,169
2022-01-08 11:57:00,170
2022-01-08 12:06:00,171
2022-01-08 12:38:00,172
2022-01-08 12:43:00,174
2022-01-08 12:44:00,175
2022-01-08 12:45:00,176
2022-01-08 13:14:00,177
2022-01-08 14:04:00,178
2022-01-08 14:05:00,179
2022-01-09 13:42:00,180
2022-01-09 13:46:00,181
2022-01-09 13:55:00,182
2022-01-09 13:56:00,183
2022-01-09 14:02:00,184
2022-01-09 14:21:00,185
2022-01-09 15:17:00,186
2022-01-09 15:22:00,187
2022-01-09 15:32:00,188
2022-01-09 15:40:00,189
2022-01-09 15:41:00,190
2022-01-09 15:48:00,191
2022-01-03 14:58:00,1
2022-01-03 18:36:00,2
2022-01-03 18:39:00,3
2022-01-03 19:04:00,5
2022-01-03 19:15:00,6
2022-01-03 19:30:00,7
2022-01-03 19:44:00,8
2022-01-03 19:48:00,9
2022-01-04 08:13:00,10
2022-01-04 13:07:00,11
2022-01-04 13:31:00,12
2022-01-04 14:35:00,13
2022-01-04 14:36:00,14
2022-01-04 14:39:00,15
2022-01-04 14:41:00,16
2022-01-04 14:42:00,17
2022-01-04 14:50:00,18
2022-01-04 14:54:00,21
2022-01-04 14:58:00,22
2022-01-04 14:59:00,23
2022-01-04 15:02:00,24
2022-01-04 15:03:00,25
2022-01-04 15:04:00,26
2022-01-04 15:05:00,27
2022-01-04 16:30:00,28
2022-01-04 16:38:00,29
2022-01-04 16:52:00,30
2022-01-04 16:58:00,31
2022-01-04 18:23:00,32
2022-01-04 18:28:00,33
2022-01-04 19:35:00,34
2022-01-04 20:41:00,35
2022-01-04 20:50:00,36
2022-01-05 04:23:00,37
2022-01-05 05:17:00,38
2022-01-05 08:01:00,39
2022-01-05 10:13:00,40
2022-01-05 13:10:00,41
2022-01-05 13:11:00,42
2022-01-05 13:23:00,43
2022-01-05 14:40:00,44
2022-01-05 14:41:00,45
2022-01-05 14:42:00,46
2022-01-05 14:45:00,47
2022-01-05 14:51:00,49
2022-01-05 14:52:00,50
2022-01-05 14:56:00,51
2022-01-05 15:06:00,52
2022-01-05 15:52:00,53
2022-01-05 15:59:00,54
2022-01-05 16:09:00,55
2022-01-05 16:12:00,56
2022-01-05 16:29:00,57
2022-01-05 16:43:00,58
2022-01-05 17:12:00,59
2022-01-05 17:29:00,60
2022-01-05 17:33:00,61
2022-01-05 17:58:00,62
2022-01-05 19:30:00,63
2022-01-06 05:41:00,64
2022-01-06 06:36:00,65
2022-01-06 14:00:00,66
2022-01-06 14:04:00,67
2022-01-06 16:00:00,68
2022-01-07 05:45:00,69
2022-01-07 05:48:00,71
2022-01-07 05:59:00,72
2022-01-07 06:01:00,73
2022-01-07 06:03:00,74
2022-01-07 06:05:00,75
2022-01-07 06:06:00,76
2022-01-07 06:32:00,77
2022-01-07 06:49:00,79
2022-01-07 07:03:00,80
2022-01-07 09:37:00,81
2022-01-07 10:07:00,82
2022-01-07 10:35:00,83
2022-01-07 11:00:00,84
2022-01-07 11:08:00,85
2022-01-07 13:02:00,86
2022-01-08 07:52:00,87
2022-01-08 07:59:00,88
2022-01-08 10:38:00,89
2022-01-08 11:36:00,90
2022-01-08 11:59:00,91
2022-01-08 12:05:00,92
2022-01-08 12:06:00,93
2022-01-08 12:25:00,94
2022-01-08 12:34:00,95
2022-01-08 12:46:00,96
2022-01-08 14:28:00,97
2022-01-08 15:07:00,98
2022-01-08 15:25:00,99
2022-01-08 15:34:00,100
2022-01-08 20:40:00,101
2022-01-08 20:53:00,102
2022-01-09 12:42:00,103
2022-01-09 13:46:00,104
2022-01-09 14:08:00,105
2022-01-09 14:23:00,106
2022-01-09 14:29:00,107
2022-01-09 14:39:00,108
2022-01-09 14:54:00,109
2022-01-09 15:00:00,110
2022-01-09 15:57:00,111
2022-01-09 15:58:00,112
2022-01-09 16:24:00,113
2022-01-09 16:25:00,114
2022-01-09 16:29:00,115
2022-01-09 16:36:00,117
2022-01-09 17:14:00,118
2022-01-09 19:15:00,119
2022-01-09 19:44:00,120
2022-01-09 19:51:00,121
2022-01-09 19:52:00,122
2022-01-03 11:39:00,1
2022-01-03 11:46:00,2
2022-01-03 14:39:00,4
2022-01-03 14:43:00,5
2022-01-03 14:48:00,6
2022-01-03 14:57:00,7
2022-01-03 15:10:00,8
2022-01-03 15:25:00,9
2022-01-03 15:36:00,10
2022-01-03 15:59:00,11
2022-01-03 16:25:00,12
2022-01-03 17:05:00,13
2022-01-03 17:41:00,14
2022-01-03 18:00:00,15
2022-01-04 05:43:00,16
2022-01-04 05:46:00,17
2022-01-04 05:48:00,18
2022-01-04 05:50:00,19
2022-01-04 05:53:00,20
2022-01-04 05:58:00,21
2022-01-04 06:13:00,22
2022-01-04 06:27:00,23
2022-01-04 06:41:00,24
2022-01-04 06:44:00,25
2022-01-04 06:46:00,26
2022-01-04 06:59:00,27
2022-01-04 07:03:00,28
2022-01-04 07:06:00,29
2022-01-04 07:11:00,30
2022-01-04 07:19:00,31
2022-01-04 07:21:00,32
2022-01-04 07:28:00,33
2022-01-04 07:32:00,35
2022-01-04 07:37:00,36
2022-01-04 07:43:00,37
2022-01-04 08:17:00,38
2022-01-04 08:20:00,39
2022-01-04 08:23:00,40
2022-01-04 09:37:00,41
2022-01-04 09:53:00,42
2022-01-04 10:04:00,43
2022-01-04 10:08:00,44
2022-01-04 10:45:00,45
2022-01-04 10:49:00,46
2022-01-04 11:09:00,47
2022-01-04 11:17:00,48
2022-01-04 11:31:00,49
2022-01-04 14:26:00,50
2022-01-04 14:35:00,51
2022-01-04 14:57:00,52
2022-01-04 15:40:00,53
2022-01-04 17:00:00,54
2022-01-04 18:14:00,55
2022-01-04 18:47:00,56
2022-01-04 19:05:00,57
2022-01-04 19:16:00,58
2022-01-05 06:24:00,59
2022-01-05 06:32:00,60
2022-01-05 06:47:00,61
2022-01-05 06:57:00,62
2022-01-05 07:08:00,63
2022-01-05 07:48:00,64
2022-01-05 07:52:00,65
2022-01-05 08:13:00,66
2022-01-05 08:40:00,67
2022-01-05 10:43:00,69
2022-01-05 10:44:00,70
2022-01-05 10:45:00,71
2022-01-05 14:43:00,72
2022-01-05 14:48:00,75
2022-01-05 14:49:00,76
2022-01-05 14:59:00,79
2022-01-05 15:02:00,80
2022-01-05 15:14:00,82
2022-01-05 15:21:00,83
2022-01-05 15:28:00,84
2022-01-05 15:36:00,85
2022-01-05 15:40:00,86
2022-01-05 15:43:00,87
2022-01-05 15:54:00,88
2022-01-05 16:01:00,89
2022-01-05 17:00:00,90
2022-01-05 17:01:00,91
2022-01-05 17:05:00,92
2022-01-06 10:34:00,93
2022-01-06 12:35:00,94
2022-01-06 12:44:00,95
2022-01-06 13:42:00,96
2022-01-06 13:46:00,97
2022-01-06 13:47:00,98
2022-01-06 13:51:00,99
2022-01-06 13:57:00,100
2022-01-06 14:07:00,101
2022-01-07 05:41:00,102
2022-01-07 05:52:00,103
2022-01-07 05:58:00,104
2022-01-07 06:18:00,105
2022-01-07 06:19:00,106
2022-01-07 06:31:00,107
2022-01-07 06:43:00,108
2022-01-07 06:51:00,110
2022-01-07 06:54:00,111
2022-01-07 07:02:00,112
2022-01-07 07:31:00,113
2022-01-07 07:43:00,114
2022-01-07 07:53:00,115
2022-01-07 07:54:00,116
2022-01-07 08:02:00,117
2022-01-07 08:06:00,118
2022-01-07 08:07:00,119
2022-01-07 09:22:00,120
2022-01-07 09:40:00,121
2022-01-07 09:46:00,122
2022-01-07 10:03:00,123
2022-01-07 10:09:00,124
2022-01-07 10:12:00,125
2022-01-07 10:29:00,126
2022-01-07 10:33:00,127
2022-01-07 11:49:00,128
2022-01-07 13:24:00,129
2022-01-07 13:35:00,130
2022-01-07 18:13:00,131
2022-01-07 18:16:00,132
2022-01-07 18:21:00,133
2022-01-07 18:25:00,134
2022-01-07 18:58:00,135
2022-01-07 20:41:00,136
2022-01-07 20:43:00,137
2022-01-07 20:52:00,138
2022-01-07 20:55:00,139
2022-01-07 21:02:00,141
2022-01-08 07:47:00,142
2022-01-08 10:30:00,143
2022-01-08 11:16:00,144
2022-01-08 11:27:00,145
2022-01-08 12:34:00,146
2022-01-08 12:40:00,147
2022-01-08 12:41:00,149
2022-01-08 12:47:00,150
2022-01-08 12:59:00,151
2022-01-08 13:01:00,152
2022-01-08 13:02:00,153
2022-01-08 13:06:00,154
2022-01-08 13:07:00,155
2022-01-08 13:08:00,156
2022-01-08 13:10:00,157
2022-01-08 13:12:00,158
2022-01-08 13:13:00,159
2022-01-08 13:15:00,160
2022-01-09 09:02:00,161
2022-01-09 17:25:00,162
2022-01-09 17:26:00,163
2022-01-09 17:34:00,164
2022-01-09 17:47:00,165
2022-01-09 17:50:00,166
2022-01-03 06:57:00,1
2022-01-03 09:06:00,2
2022-01-03 09:42:00,3
2022-01-03 10:05:00,4
2022-01-03 10:27:00,5
2022-01-03 10:40:00,6
2022-01-03 10:42:00,7
2022-01-03 11:08:00,8
2022-01-03 11:13:00,9
2022-01-03 11:19:00,10
2022-01-03 12:06:00,11
2022-01-03 15:01:00,12
2022-01-03 16:29:00,13
2022-01-03 16:38:00,14
2022-01-03 16:44:00,15
2022-01-03 16:47:00,16
2022-01-03 16:57:00,17
2022-01-03 17:02:00,18
2022-01-03 17:36:00,19
2022-01-03 17:41:00,20
2022-01-03 17:50:00,21
2022-01-03 18:11:00,22
2022-01-03 18:40:00,23
2022-01-03 18:52:00,24
2022-01-03 19:21:00,25
2022-01-03 19:24:00,26
2022-01-03 19:37:00,27
2022-01-03 19:52:00,28
2022-01-03 20:12:00,29
2022-01-03 20:21:00,30
2022-01-03 20:48:00,31
2022-01-03 20:55:00,32
2022-01-04 06:20:00,33
2022-01-04 06:35:00,34
2022-01-04 06:41:00,35
2022-01-04 06:59:00,36
2022-01-04 07:28:00,37
2022-01-04 09:46:00,38
2022-01-04 11:12:00,39
2022-01-04 11:57:00,40
2022-01-04 13:33:00,41
2022-01-04 13:37:00,42
2022-01-04 14:23:00,43
2022-01-04 14:25:00,44
2022-01-04 15:25:00,45
2022-01-04 16:43:00,46
2022-01-04 18:25:00,47
2022-01-04 18:47:00,48
2022-01-05 05:12:00,49
2022-01-05 05:17:00,50
2022-01-05 05:23:00,51
2022-01-05 05:29:00,52
2022-01-05 05:35:00,53
2022-01-05 05:38:00,54
2022-01-05 05:41:00,55
2022-01-05 05:42:00,56
2022-01-05 05:43:00,57
2022-01-05 06:05:00,58
2022-01-05 06:06:00,59
2022-01-05 06:12:00,61
2022-01-05 06:15:00,62
2022-01-05 06:26:00,63
2022-01-05 06:35:00,65
2022-01-05 06:46:00,66
2022-01-05 06:47:00,67
2022-01-05 06:48:00,68
2022-01-05 06:59:00,69
2022-01-05 09:13:00,70
2022-01-05 09:53:00,71
2022-01-05 09:55:00,72
2022-01-05 10:16:00,73
2022-01-05 10:22:00,74
2022-01-05 10:33:00,75
2022-01-05 10:46:00,76
2022-01-05 10:58:00,77
2022-01-05 11:06:00,78
2022-01-05 12:52:00,79
2022-01-05 14:38:00,80
2022-01-05 19:32:00,81
2022-01-06 05:42:00,82
2022-01-06 05:50:00,84
2022-01-06 05:51:00,85
2022-01-06 06:08:00,86
2022-01-06 06:41:00,87
2022-01-06 06:42:00,88
2022-01-06 06:43:00,89
2022-01-06 11:35:00,90
2022-01-06 12:02:00,91
2022-01-06 12:04:00,92
2022-01-06 12:07:00,94
2022-01-06 12:08:00,95
2022-01-06 12:23:00,96
2022-01-06 12:47:00,97
2022-01-06 13:43:00,98
2022-01-06 14:16:00,99
2022-01-06 14:25:00,100
2022-01-06 14:39:00,101
2022-01-06 15:05:00,102
2022-01-06 15:06:00,103
2022-01-06 15:08:00,104
2022-01-06 15:20:00,105
2022-01-06 16:14:00,106
2022-01-06 16:29:00,107
2022-01-06 16:31:00,108
2022-01-06 16:35:00,109
2022-01-06 16:40:00,110
2022-01-06 16:54:00,111
2022-01-06 20:41:00,112
2022-01-06 20:43:00,113
2022-01-06 20:57:00,114
2022-01-06 21:06:00,115
2022-01-07 05:27:00,116
2022-01-07 05:45:00,117
2022-01-07 15:58:00,118
2022-01-08 07:34:00,119
2022-01-08 07:41:00,120
2022-01-08 10:16:00,121
2022-01-08 10:19:00,122
2022-01-08 10:36:00,123
2022-01-08 11:01:00,124
2022-01-08 11:03:00,125
2022-01-08 11:42:00,126
2022-01-08 12:00:00,127
2022-01-08 13:24:00,128
2022-01-08 13:58:00,129
2022-01-08 14:00:00,130
2022-01-08 18:55:00,131
2022-01-08 20:48:00,132
2022-01-09 13:26:00,133
2022-01-09 13:40:00,134
2022-01-09 13:59:00,135
2022-01-09 14:45:00,136
2022-01-09 16:54:00,137
2022-01-09 17:05:00,138
2022-01-09 18:12:00,139
2022-01-09 19:01:00,140
2022-01-09 19:46:00,141
2022-01-09 19:51:00,142
2022-01-03 05:51:00,1
2022-01-03 05:53:00,2
2022-01-03 05:59:00,3
2022-01-03 09:42:00,4
2022-01-03 09:47:00,5
2022-01-03 15:38:00,6
2022-01-03 17:28:00,7
2022-01-03 17:49:00,8
2022-01-03 18:18:00,9
2022-01-04 05:55:00,10
2022-01-04 06:12:00,11
2022-01-04 07:04:00,12
2022-01-04 09:50:00,13
2022-01-04 10:29:00,14
2022-01-04 11:28:00,15
2022-01-04 12:32:00,16
2022-01-04 12:37:00,17
2022-01-04 14:24:00,18
2022-01-04 14:27:00,19
2022-01-04 14:29:00,20
2022-01-04 14:44:00,21
2022-01-04 14:52:00,22
2022-01-04 14:54:00,23
2022-01-04 16:05:00,24
2022-01-04 16:10:00,25
2022-01-04 16:30:00,26
2022-01-04 16:34:00,27
2022-01-04 16:55:00,28
2022-01-04 17:14:00,29
2022-01-04 17:16:00,30
2022-01-04 17:21:00,32
2022-01-04 17:34:00,33
2022-01-04 17:44:00,34
2022-01-04 17:54:00,35
2022-01-04 17:56:00,36
2022-01-04 18:40:00,37
2022-01-05 06:11:00,38
2022-01-05 06:39:00,39
2022-01-05 06:45:00,40
2022-01-05 07:26:00,41
2022-01-05 07:38:00,42
2022-01-05 07:41:00,43
2022-01-05 07:44:00,44
2022-01-05 07:46:00,45
2022-01-05 07:51:00,46
2022-01-05 08:03:00,47
2022-01-05 09:09:00,48
2022-01-05 09:40:00,49
2022-01-05 09:47:00,50
2022-01-05 09:55:00,51
2022-01-05 09:59:00,52
2022-01-05 10:00:00,53
2022-01-05 10:02:00,54
2022-01-05 10:08:00,55
2022-01-05 10:21:00,56
2022-01-05 10:44:00,57
2022-01-05 10:55:00,58
2022-01-05 10:56:00,59
2022-01-05 11:01:00,60
2022-01-05 11:08:00,61
2022-01-05 11:15:00,62
2022-01-05 11:18:00,63
2022-01-05 11:23:00,64
2022-01-05 11:48:00,65
2022-01-05 12:13:00,66
2022-01-05 12:31:00,67
2022-01-05 12:38:00,68
2022-01-05 12:41:00,69
2022-01-05 15:21:00,70
2022-01-05 19:04:00,71
2022-01-06 06:19:00,72
2022-01-06 06:21:00,73
2022-01-06 06:31:00,74
2022-01-06 06:33:00,75
2022-01-06 06:38:00,76
2022-01-06 06:42:00,78
2022-01-06 06:45:00,79
2022-01-06 07:07:00,80
2022-01-06 13:46:00,81
2022-01-06 14:15:00,82
2022-01-06 14:39:00,83
2022-01-06 15:00:00,84
2022-01-06 15:04:00,85
2022-01-06 15:36:00,86
2022-01-06 15:39:00,87
2022-01-06 16:14:00,88
2022-01-06 16:32:00,89
2022-01-06 16:59:00,90
2022-01-06 17:25:00,91
2022-01-06 18:32:00,92
2022-01-06 18:34:00,93
2022-01-06 18:39:00,94
2022-01-06 18:42:00,95
2022-01-06 18:44:00,96
2022-01-06 18:48:00,97
2022-01-06 19:00:00,98
2022-01-07 05:15:00,99
2022-01-07 05:24:00,100
2022-01-07 05:26:00,101
2022-01-07 05:33:00,102
2022-01-07 05:35:00,103
2022-01-07 05:46:00,104
2022-01-07 05:49:00,105
2022-01-07 06:16:00,107
2022-01-07 06:22:00,108
2022-01-07 06:29:00,109
2022-01-07 06:34:00,110
2022-01-07 06:38:00,111
2022-01-07 06:39:00,112
2022-01-07 06:42:00,113
2022-01-07 06:55:00,114
2022-01-07 07:02:00,116
2022-01-07 07:04:00,117
2022-01-07 07:07:00,118
2022-01-07 07:19:00,119
2022-01-07 07:51:00,121
2022-01-07 08:02:00,123
2022-01-07 08:03:00,125
2022-01-07 08:06:00,126
2022-01-07 08:07:00,127
2022-01-07 08:52:00,128
2022-01-07 08:58:00,129
2022-01-07 09:01:00,131
2022-01-07 09:43:00,132
2022-01-07 09:55:00,133
2022-01-07 10:00:00,134
2022-01-07 10:16:00,135
2022-01-07 10:22:00,136
2022-01-07 10:25:00,137
2022-01-07 10:26:00,138
2022-01-07 10:28:00,139
2022-01-07 10:32:00,140
2022-01-07 10:57:00,141
2022-01-07 10:59:00,142
2022-01-07 11:02:00,144
2022-01-07 11:03:00,145
2022-01-07 13:31:00,146
2022-01-07 13:52:00,147
2022-01-07 17:30:00,148
2022-01-07 17:32:00,149
2022-01-07 17:44:00,150
2022-01-07 20:09:00,151
2022-01-07 20:23:00,152
2022-01-07 20:29:00,153
2022-01-07 20:33:00,154
2022-01-07 20:38:00,155
2022-01-07 20:48:00,156
2022-01-07 20:51:00,157
2022-01-07 20:56:00,158
2022-01-07 20:58:00,159
2022-01-07 20:59:00,160
2022-01-08 09:37:00,161
2022-01-08 09:41:00,162
2022-01-08 09:58:00,163
2022-01-08 10:02:00,164
2022-01-08 10:14:00,165
2022-01-08 10:18:00,166
2022-01-08 10:25:00,167
2022-01-08 10:30:00,168
2022-01-08 10:41:00,169
2022-01-08 10:46:00,170
2022-01-08 10:47:00,171
2022-01-08 10:56:00,172
2022-01-08 11:02:00,173
2022-01-08 11:27:00,174
2022-01-08 11:56:00,175
2022-01-08 12:06:00,176
2022-01-08 12:12:00,177
2022-01-08 12:15:00,178
2022-01-08 12:18:00,179
2022-01-08 12:20:00,180
2022-01-08 12:29:00,181
2022-01-08 12:39:00,182
2022-01-08 13:09:00,183
2022-01-08 13:14:00,184
2022-01-08 17:58:00,185
2022-01-08 21:51:00,186
2022-01-09 14:40:00,187
2022-01-09 15:38:00,188
2022-01-09 16:25:00,189
2022-01-09 16:45:00,190
2022-01-09 17:50:00,191
2022-01-09 18:05:00,192
2022-01-09 18:07:00,193
2022-01-09 18:17:00,194
2022-01-09 21:47:00,195
2022-01-09 21:49:00,196
2022-01-03 06:03:00,1
2022-01-03 06:32:00,2
2022-01-03 06:39:00,3
2022-01-03 06:58:00,4
2022-01-03 08:51:00,5
2022-01-03 11:24:00,6
2022-01-03 11:32:00,7
2022-01-03 11:48:00,8
2022-01-03 12:43:00,9
2022-01-03 12:53:00,10
2022-01-03 13:12:00,11
2022-01-03 13:19:00,12
2022-01-03 14:08:00,13
2022-01-03 15:11:00,14
2022-01-03 15:16:00,15
2022-01-03 15:25:00,16
2022-01-03 15:32:00,17
2022-01-03 15:37:00,18
2022-01-03 15:38:00,19
2022-01-03 15:42:00,20
2022-01-03 15:43:00,21
2022-01-03 15:46:00,23
2022-01-03 15:50:00,25
2022-01-03 15:53:00,26
2022-01-03 15:54:00,27
2022-01-03 15:58:00,28
2022-01-03 16:02:00,29
2022-01-03 17:34:00,30
2022-01-03 17:49:00,31
2022-01-03 19:00:00,32
2022-01-03 19:21:00,33
2022-01-03 20:02:00,34
2022-01-03 20:04:00,35
2022-01-04 05:14:00,36
2022-01-04 05:17:00,37
2022-01-04 05:41:00,38
2022-01-04 05:45:00,40
2022-01-04 07:53:00,41
2022-01-04 08:35:00,42
2022-01-04 09:07:00,43
2022-01-04 09:43:00,44
2022-01-04 09:50:00,45
2022-01-04 12:13:00,46
2022-01-04 12:27:00,47
2022-01-04 12:32:00,48
2022-01-04 12:38:00,49
2022-01-04 14:57:00,50
2022-01-04 15:00:00,51
2022-01-05 12:06:00,52
2022-01-05 12:22:00,55
2022-01-05 12:27:00,56
2022-01-05 12:28:00,57
2022-01-05 12:29:00,58
2022-01-05 12:48:00,59
2022-01-05 12:50:00,60
2022-01-05 12:54:00,61
2022-01-05 12:59:00,62
2022-01-05 13:03:00,63
2022-01-05 13:30:00,64
2022-01-05 13:31:00,65
2022-01-05 13:34:00,66
2022-01-05 13:41:00,67
2022-01-05 16:27:00,68
2022-01-05 16:35:00,69
2022-01-05 16:38:00,70
2022-01-06 05:21:00,71
2022-01-06 05:28:00,72
2022-01-06 05:36:00,73
2022-01-06 05:41:00,74
2022-01-06 05:45:00,75
2022-01-06 05:46:00,76
2022-01-06 05:55:00,77
2022-01-06 06:11:00,78
2022-01-06 06:25:00,79
2022-01-06 06:54:00,80
2022-01-06 08:32:00,81
2022-01-06 08:45:00,82
2022-01-06 09:03:00,83
2022-01-06 11:34:00,84
2022-01-06 11:39:00,85
2022-01-06 11:45:00,86
2022-01-06 11:55:00,87
2022-01-06 16:35:00,88
2022-01-06 16:36:00,89
2022-01-06 16:43:00,90
2022-01-06 16:45:00,91
2022-01-06 16:51:00,92
2022-01-06 16:53:00,93
2022-01-06 16:59:00,94
2022-01-06 17:01:00,95
2022-01-06 17:54:00,96
2022-01-06 21:03:00,97
2022-01-07 06:09:00,98
2022-01-07 06:48:00,99
2022-01-07 07:29:00,100
2022-01-07 07:55:00,101
2022-01-07 08:18:00,102
2022-01-07 08:22:00,103
2022-01-07 12:25:00,104
2022-01-07 12:59:00,105
2022-01-07 13:47:00,106
2022-01-07 16:00:00,107
2022-01-07 16:06:00,108
2022-01-07 18:51:00,109
2022-01-07 20:56:00,110
2022-01-08 09:29:00,111
2022-01-08 09:32:00,112
2022-01-08 14:07:00,113
2022-01-08 15:42:00,114
2022-01-08 16:02:00,115
2022-01-08 16:35:00,116
2022-01-08 16:39:00,117
2022-01-08 16:40:00,118
2022-01-08 17:06:00,119
2022-01-08 18:54:00,120
2022-01-08 19:00:00,121
2022-01-08 19:05:00,122
2022-01-08 19:06:00,124
2022-01-08 19:53:00,125
2022-01-09 04:50:00,126
2022-01-09 07:14:00,127
2022-01-09 09:26:00,128
2022-01-09 09:27:00,129
2022-01-09 09:49:00,130
2022-01-03 10:08:00,1
2022-01-03 10:36:00,2
2022-01-03 10:39:00,3
2022-01-03 11:14:00,4
2022-01-03 11:26:00,5
2022-01-03 14:06:00,6
2022-01-03 14:22:00,7
2022-01-03 14:23:00,8
2022-01-03 15:01:00,9
2022-01-03 15:03:00,11
2022-01-03 15:28:00,12
2022-01-03 15:31:00,13
2022-01-03 16:33:00,14
2022-01-03 17:02:00,15
2022-01-03 17:09:00,16
2022-01-03 17:16:00,17
2022-01-03 18:21:00,18
2022-01-03 18:39:00,19
2022-01-03 20:02:00,20
2022-01-04 05:53:00,21
2022-01-04 05:55:00,22
2022-01-04 06:20:00,23
2022-01-04 06:47:00,24
2022-01-04 06:57:00,25
2022-01-04 09:16:00,26
2022-01-04 09:40:00,27
2022-01-04 09:45:00,28
2022-01-04 12:12:00,29
2022-01-04 19:06:00,30
2022-01-05 05:51:00,31
2022-01-05 05:52:00,32
2022-01-05 06:10:00,33
2022-01-05 07:01:00,34
2022-01-05 07:21:00,35
2022-01-05 07:23:00,36
2022-01-05 07:24:00,38
2022-01-05 07:26:00,39
2022-01-05 07:31:00,40
2022-01-05 07:44:00,41
2022-01-05 07:58:00,42
2022-01-05 08:03:00,43
2022-01-05 08:12:00,44
2022-01-05 09:43:00,45
2022-01-05 10:17:00,46
2022-01-05 11:05:00,47
2022-01-05 13:32:00,48
2022-01-05 13:36:00,49
2022-01-05 13:37:00,50
2022-01-05 13:44:00,51
2022-01-05 13:45:00,52
2022-01-05 13:49:00,53
2022-01-05 14:19:00,54
2022-01-05 14:22:00,55
2022-01-05 14:46:00,56
2022-01-05 15:39:00,57
2022-01-05 15:42:00,58
2022-01-05 16:37:00,59
2022-01-05 16:59:00,60
2022-01-05 17:00:00,61
2022-01-05 17:02:00,62
2022-01-05 17:04:00,65
2022-01-05 17:23:00,66
2022-01-05 17:28:00,67
2022-01-05 17:44:00,68
2022-01-05 17:46:00,69
2022-01-05 17:49:00,70
2022-01-05 17:52:00,71
2022-01-05 17:59:00,72
2022-01-05 18:02:00,73
2022-01-05 18:33:00,74
2022-01-05 18:40:00,75
2022-01-05 20:52:00,76
2022-01-05 20:53:00,78
2022-01-05 20:55:00,79
2022-01-05 21:21:00,80
2022-01-06 04:19:00,81
2022-01-06 06:46:00,82
2022-01-06 07:48:00,83
2022-01-06 08:04:00,84
2022-01-06 09:20:00,85
2022-01-06 09:49:00,86
2022-01-06 10:08:00,87
2022-01-06 10:50:00,88
2022-01-06 10:58:00,89
2022-01-06 11:04:00,90
2022-01-06 11:06:00,91
2022-01-06 13:54:00,92
2022-01-06 14:20:00,93
2022-01-06 14:23:00,94
2022-01-06 15:46:00,95
2022-01-06 19:05:00,96
2022-01-06 19:12:00,97
2022-01-06 19:15:00,98
2022-01-06 19:44:00,99
2022-01-06 19:49:00,100
2022-01-06 21:02:00,101
2022-01-07 05:50:00,102
2022-01-07 05:54:00,103
2022-01-07 06:04:00,104
2022-01-07 06:13:00,105
2022-01-07 06:19:00,106
2022-01-07 07:40:00,107
2022-01-07 07:44:00,108
2022-01-07 08:06:00,109
2022-01-07 11:08:00,110
2022-01-07 11:21:00,111
2022-01-07 13:23:00,112
2022-01-07 15:56:00,113
2022-01-07 15:58:00,114
2022-01-07 15:59:00,115
2022-01-07 16:20:00,116
2022-01-07 16:35:00,117
2022-01-07 16:37:00,118
2022-01-07 16:55:00,119
2022-01-07 17:25:00,120
2022-01-07 17:26:00,121
2022-01-07 17:36:00,122
2022-01-07 17:48:00,123
2022-01-07 18:12:00,124
2022-01-07 18:15:00,125
2022-01-07 20:54:00,126
2022-01-08 08:50:00,127
2022-01-08 10:54:00,128
2022-01-08 10:59:00,129
2022-01-08 11:01:00,130
2022-01-08 11:02:00,132
2022-01-08 11:20:00,133
2022-01-08 11:59:00,134
2022-01-08 15:48:00,135
2022-01-08 15:49:00,136
2022-01-08 15:50:00,137
2022-01-08 15:54:00,138
2022-01-08 15:59:00,139
2022-01-09 17:49:00,140
2022-01-03 06:57:00,1
2022-01-03 07:02:00,2
2022-01-03 07:30:00,3
2022-01-03 10:16:00,4
2022-01-03 10:33:00,5
2022-01-03 10:38:00,6
2022-01-03 10:55:00,7
2022-01-03 10:58:00,8
2022-01-03 11:00:00,9
2022-01-03 11:07:00,10
2022-01-03 15:01:00,11
2022-01-03 15:49:00,12
2022-01-03 16:51:00,13
2022-01-03 16:57:00,14
2022-01-03 18:11:00,15
2022-01-03 18:14:00,17
2022-01-03 18:16:00,18
2022-01-03 18:29:00,19
2022-01-03 18:45:00,20
2022-01-03 19:00:00,21
2022-01-03 19:01:00,22
2022-01-03 19:36:00,23
2022-01-03 21:14:00,24
2022-01-03 21:22:00,25
2022-01-03 21:48:00,26
2022-01-04 04:17:00,27
2022-01-04 04:45:00,28
2022-01-04 05:10:00,30
2022-01-04 05:13:00,31
2022-01-04 05:24:00,32
2022-01-04 07:50:00,33
2022-01-04 07:56:00,34
2022-01-04 08:09:00,35
2022-01-04 08:25:00,36
2022-01-04 09:16:00,37
2022-01-04 09:59:00,39
2022-01-04 10:04:00,40
2022-01-04 11:40:00,41
2022-01-04 12:03:00,42
2022-01-04 12:24:00,43
2022-01-04 12:43:00,44
2022-01-04 13:06:00,45
2022-01-04 14:11:00,46
2022-01-04 14:17:00,47
2022-01-04 14:35:00,48
2022-01-04 14:57:00,49
2022-01-04 15:00:00,50
2022-01-04 15:08:00,51
2022-01-04 15:13:00,52
2022-01-04 15:34:00,53
2022-01-04 15:50:00,54
2022-01-04 15:52:00,55
2022-01-04 15:53:00,56
2022-01-04 15:57:00,57
2022-01-04 17:42:00,58
2022-01-04 17:44:00,59
2022-01-04 17:48:00,60
2022-01-04 17:52:00,62
2022-01-05 05:54:00,63
2022-01-05 07:00:00,64
2022-01-05 08:11:00,65
2022-01-05 08:22:00,66
2022-01-05 09:09:00,67
2022-01-05 09:11:00,68
2022-01-05 10:02:00,69
2022-01-05 11:06:00,70
2022-01-05 11:20:00,71
2022-01-05 12:11:00,72
2022-01-05 12:47:00,73
2022-01-05 13:37:00,74
2022-01-05 14:47:00,75
2022-01-05 15:51:00,76
2022-01-05 16:57:00,77
2022-01-05 18:13:00,78
2022-01-05 18:14:00,80
2022-01-05 18:43:00,81
2022-01-05 18:56:00,82
2022-01-05 19:34:00,83
2022-01-05 19:58:00,84
2022-01-06 05:49:00,85
2022-01-06 05:53:00,86
2022-01-06 05:54:00,87
2022-01-06 06:36:00,88
2022-01-06 06:43:00,89
2022-01-06 06:46:00,90
2022-01-06 06:47:00,91
2022-01-06 06:49:00,93
2022-01-06 06:55:00,94
2022-01-06 06:58:00,95
2022-01-06 07:01:00,96
2022-01-06 07:02:00,97
2022-01-06 07:10:00,98
2022-01-06 07:12:00,100
2022-01-06 08:04:00,101
2022-01-06 08:10:00,102
2022-01-06 08:11:00,103
2022-01-06 08:20:00,104
2022-01-06 08:24:00,105
2022-01-06 08:39:00,106
2022-01-06 08:49:00,107
2022-01-06 08:50:00,108
2022-01-06 08:51:00,109
2022-01-06 08:52:00,110
2022-01-06 09:05:00,111
2022-01-06 11:35:00,112
2022-01-06 11:45:00,113
2022-01-06 11:58:00,114
2022-01-06 12:02:00,115
2022-01-06 15:35:00,117
2022-01-06 15:36:00,118
2022-01-06 15:39:00,119
2022-01-06 15:40:00,120
2022-01-06 15:47:00,121
2022-01-06 15:48:00,122
2022-01-06 15:58:00,123
2022-01-06 16:01:00,124
2022-01-06 16:18:00,125
2022-01-06 16:26:00,126
2022-01-06 17:34:00,127
2022-01-06 17:40:00,128
2022-01-06 17:56:00,129
2022-01-06 18:24:00,131
2022-01-07 07:04:00,132
2022-01-07 07:41:00,133
2022-01-07 08:06:00,134
2022-01-07 11:54:00,135
2022-01-07 11:55:00,136
2022-01-07 12:05:00,137
2022-01-07 12:06:00,138
2022-01-07 12:14:00,139
2022-01-07 12:33:00,140
2022-01-07 12:46:00,141
2022-01-07 13:01:00,142
2022-01-07 13:11:00,143
2022-01-07 19:59:00,144
2022-01-07 20:31:00,145
2022-01-07 20:47:00,146
2022-01-07 21:08:00,147
2022-01-07 22:04:00,148
2022-01-08 06:43:00,149
2022-01-08 06:54:00,150
2022-01-08 11:41:00,151
2022-01-08 11:43:00,152
2022-01-08 11:45:00,153
2022-01-08 11:52:00,154
2022-01-08 11:53:00,155
2022-01-08 12:37:00,156
2022-01-08 13:11:00,157
2022-01-08 14:33:00,158
2022-01-08 14:34:00,159
2022-01-08 14:37:00,160
2022-01-08 14:45:00,161
2022-01-08 14:55:00,162
2022-01-08 15:04:00,163
2022-01-08 15:11:00,165
2022-01-08 15:15:00,166
2022-01-08 15:28:00,167
2022-01-08 15:42:00,168
2022-01-08 15:53:00,169
2022-01-08 15:54:00,170
2022-01-08 16:08:00,171
2022-01-08 16:09:00,172
2022-01-08 16:12:00,173
2022-01-08 16:38:00,174
2022-01-08 16:44:00,175
2022-01-08 16:56:00,176
2022-01-08 19:31:00,177
2022-01-08 20:53:00,178
2022-01-08 21:05:00,179
2022-01-08 21:56:00,180
2022-01-09 09:34:00,181
2022-01-09 11:14:00,182
2022-01-09 11:17:00,183
2022-01-09 11:20:00,184
2022-01-09 11:37:00,185
2022-01-09 11:42:00,186
2022-01-09 11:45:00,187
2022-01-09 11:47:00,188
2022-01-09 11:49:00,189
2022-01-09 12:02:00,190
2022-01-09 12:26:00,191
2022-01-09 13:02:00,192
2022-01-09 13:10:00,193
2022-01-09 13:29:00,194
2022-01-09 13:52:00,195
2022-01-09 14:10:00,196
2022-01-09 14:20:00,197
2022-01-09 14:53:00,198
2022-01-09 15:04:00,199
2022-01-09 15:18:00,200
2022-01-09 16:01:00,201
2022-01-09 16:39:00,202
2022-01-09 18:03:00,203
2022-01-09 18:06:00,204
2022-01-09 18:15:00,205
2022-01-09 18:33:00,206
2022-01-09 18:34:00,207
2022-01-09 18:38:00,208
2022-01-09 18:44:00,209
2022-01-03 09:12:00,1
2022-01-03 09:16:00,2
2022-01-03 09:25:00,3
2022-01-03 10:01:00,4
2022-01-03 10:02:00,5
2022-01-03 10:11:00,6
2022-01-03 10:23:00,7
2022-01-03 10:25:00,8
2022-01-03 10:29:00,9
2022-01-03 10:37:00,10
2022-01-03 10:39:00,11
2022-01-03 10:54:00,12
2022-01-03 11:10:00,13
2022-01-03 14:16:00,14
2022-01-03 14:51:00,15
2022-01-03 15:17:00,16
2022-01-03 16:00:00,17
2022-01-03 16:51:00,18
2022-01-03 20:37:00,19
2022-01-04 05:32:00,20
2022-01-04 05:37:00,21
2022-01-04 06:23:00,22
2022-01-04 06:50:00,23
2022-01-04 07:49:00,24
2022-01-04 12:44:00,25
2022-01-04 12:47:00,26
2022-01-04 12:57:00,27
2022-01-05 06:45:00,28
2022-01-05 06:46:00,29
2022-01-05 07:28:00,30
2022-01-05 13:17:00,31
2022-01-05 13:22:00,32
2022-01-05 13:39:00,34
2022-01-05 13:44:00,35
2022-01-05 13:56:00,36
2022-01-05 14:23:00,37
2022-01-05 14:26:00,38
2022-01-05 14:48:00,39
2022-01-05 14:50:00,40
2022-01-05 16:37:00,41
2022-01-05 17:43:00,42
2022-01-05 21:19:00,43
2022-01-06 06:05:00,44
2022-01-06 06:13:00,45
2022-01-06 06:32:00,46
2022-01-06 10:32:00,47
2022-01-06 10:33:00,48
2022-01-06 10:56:00,49
2022-01-06 11:02:00,50
2022-01-06 11:03:00,51
2022-01-06 11:06:00,52
2022-01-06 11:10:00,53
2022-01-06 11:19:00,54
2022-01-06 13:23:00,55
2022-01-06 13:43:00,56
2022-01-06 14:06:00,57
2022-01-06 14:11:00,58
2022-01-06 14:43:00,59
2022-01-06 14:48:00,60
2022-01-06 14:50:00,62
2022-01-06 14:52:00,64
2022-01-06 15:19:00,65
2022-01-06 15:21:00,66
2022-01-06 15:31:00,67
2022-01-06 15:33:00,68
2022-01-06 15:36:00,69
2022-01-06 15:52:00,70
2022-01-06 17:10:00,71
2022-01-06 18:38:00,72
2022-01-06 19:01:00,73
2022-01-06 19:10:00,74
2022-01-06 20:03:00,75
2022-01-06 20:06:00,76
2022-01-06 20:14:00,77
2022-01-06 20:22:00,78
2022-01-06 20:46:00,79
2022-01-07 04:57:00,80
2022-01-07 05:06:00,81
2022-01-07 05:08:00,82
2022-01-07 05:16:00,83
2022-01-07 05:17:00,84
2022-01-07 05:18:00,85
2022-01-07 05:20:00,86
2022-01-07 05:35:00,87
2022-01-07 05:46:00,88
2022-01-07 05:48:00,89
2022-01-07 05:51:00,90
2022-01-07 06:34:00,91
2022-01-07 06:41:00,92
2022-01-07 07:19:00,93
2022-01-07 10:13:00,94
2022-01-07 12:13:00,95
2022-01-07 12:31:00,96
2022-01-07 12:40:00,97
2022-01-07 13:58:00,98
2022-01-07 15:49:00,99
2022-01-07 15:56:00,100
2022-01-07 15:57:00,101
2022-01-07 16:05:00,102
2022-01-07 16:08:00,103
2022-01-07 16:29:00,104
2022-01-08 11:05:00,105
2022-01-08 11:14:00,106
2022-01-08 11:41:00,107
2022-01-08 12:06:00,108
2022-01-08 12:36:00,109
2022-01-08 12:45:00,110
2022-01-08 13:16:00,111
2022-01-08 13:27:00,112
2022-01-08 13:43:00,113
2022-01-08 15:05:00,114
2022-01-08 18:11:00,115
2022-01-09 17:14:00,116
2022-01-09 17:15:00,117
2022-01-09 17:58:00,118
2022-01-09 18:07:00,119
2022-01-09 18:25:00,120
